frame,video_time_s,r_state,r_reason,valid_candidates,target_id,track_state,event,reason,lost_frames,lock_active,selected_index,r_x,r_y,target_x,target_y,target_radius,dx_img,dy_img,distance_px,angle_rad,angle_deg,angle_error_deg
0,0.000000,lost,NO_R_CANDIDATE,0,,waiting,NONE,R_LOST,0,0,,,,,,,,,,,,
1,0.033333,lost,NO_R_CANDIDATE,0,,waiting,NONE,R_LOST,0,0,,,,,,,,,,,,
2,0.066667,lost,NO_R_CANDIDATE,0,,waiting,NONE,R_LOST,0,0,,,,,,,,,,,,
3,0.100000,lost,NO_R_CANDIDATE,0,,waiting,NONE,R_LOST,0,0,,,,,,,,,,,,
4,0.133333,lost,NO_R_CANDIDATE,0,,waiting,NONE,R_LOST,0,0,,,,,,,,,,,,
5,0.166667,lost,NO_R_CANDIDATE,0,,waiting,NONE,R_LOST,0,0,,,,,,,,,,,,
6,0.200000,lost,NO_R_CANDIDATE,0,,waiting,NONE,R_LOST,0,0,,,,,,,,,,,,
7,0.233333,lost,NO_R_CANDIDATE,0,,waiting,NONE,R_LOST,0,0,,,,,,,,,,,,
8,0.266667,lost,NO_R_CANDIDATE,0,,waiting,NONE,R_LOST,0,0,,,,,,,,,,,,
9,0.300000,lost,NO_R_CANDIDATE,0,,waiting,NONE,R_LOST,0,0,,,,,,,,,,,,
10,0.333333,lost,NO_R_CANDIDATE,0,,waiting,NONE,R_LOST,0,0,,,,,,,,,,,,
11,0.366667,lost,NO_R_CANDIDATE,0,,waiting,NONE,R_LOST,0,0,,,,,,,,,,,,
12,0.400000,lost,NO_R_CANDIDATE,0,,waiting,NONE,R_LOST,0,0,,,,,,,,,,,,
13,0.433333,lost,NO_R_CANDIDATE,0,,waiting,NONE,R_LOST,0,0,,,,,,,,,,,,
14,0.466667,lost,NO_R_CANDIDATE,0,,waiting,NONE,R_LOST,0,0,,,,,,,,,,,,
15,0.500000,lost,NO_R_CANDIDATE,0,,waiting,NONE,R_LOST,0,0,,,,,,,,,,,,
16,0.533333,lost,NO_R_CANDIDATE,0,,waiting,NONE,R_LOST,0,0,,,,,,,,,,,,
17,0.566667,lost,NO_R_CANDIDATE,0,,waiting,NONE,R_LOST,0,0,,,,,,,,,,,,
18,0.600000,lost,NO_R_CANDIDATE,0,,waiting,NONE,R_LOST,0,0,,,,,,,,,,,,
19,0.633333,lost,NO_R_CANDIDATE,0,,waiting,NONE,R_LOST,0,0,,,,,,,,,,,,
20,0.666667,lost,NO_R_CANDIDATE,0,,waiting,NONE,R_LOST,0,0,,,,,,,,,,,,
21,0.700000,lost,NO_R_CANDIDATE,0,,waiting,NONE,R_LOST,0,0,,,,,,,,,,,,
22,0.733333,lost,NO_R_CANDIDATE,0,,waiting,NONE,R_LOST,0,0,,,,,,,,,,,,
23,0.766667,lost,NO_R_CANDIDATE,0,,waiting,NONE,R_LOST,0,0,,,,,,,,,,,,
24,0.800000,lost,NO_R_CANDIDATE,0,,waiting,NONE,R_LOST,0,0,,,,,,,,,,,,
25,0.833333,lost,NO_R_CANDIDATE,0,,waiting,NONE,R_LOST,0,0,,,,,,,,,,,,
26,0.866667,lost,NO_R_CANDIDATE,0,,waiting,NONE,R_LOST,0,0,,,,,,,,,,,,
27,0.900000,lost,NO_R_CANDIDATE,0,,waiting,NONE,R_LOST,0,0,,,,,,,,,,,,
28,0.933333,lost,NO_R_CANDIDATE,0,,waiting,NONE,R_LOST,0,0,,,,,,,,,,,,
29,0.966667,lost,NO_R_CANDIDATE,0,,waiting,NONE,R_LOST,0,0,,,,,,,,,,,,
30,1.000000,lost,NO_R_CANDIDATE,0,,waiting,NONE,R_LOST,0,0,,,,,,,,,,,,
31,1.033333,lost,NO_R_CANDIDATE,0,,waiting,NONE,R_LOST,0,0,,,,,,,,,,,,
32,1.066667,lost,NO_R_CANDIDATE,0,,waiting,NONE,R_LOST,0,0,,,,,,,,,,,,
33,1.100000,lost,NO_R_CANDIDATE,0,,waiting,NONE,R_LOST,0,0,,,,,,,,,,,,
34,1.133333,lost,NO_R_CANDIDATE,0,,waiting,NONE,R_LOST,0,0,,,,,,,,,,,,
35,1.166667,lost,NO_R_CANDIDATE,0,,waiting,NONE,R_LOST,0,0,,,,,,,,,,,,
36,1.200000,lost,NO_R_CANDIDATE,0,,waiting,NONE,R_LOST,0,0,,,,,,,,,,,,
37,1.233333,lost,NO_R_CANDIDATE,0,,waiting,NONE,R_LOST,0,0,,,,,,,,,,,,
38,1.266667,lost,NO_R_CANDIDATE,0,,waiting,NONE,R_LOST,0,0,,,,,,,,,,,,
39,1.300000,lost,NO_R_CANDIDATE,0,,waiting,NONE,R_LOST,0,0,,,,,,,,,,,,
40,1.333333,lost,NO_R_CANDIDATE,0,,waiting,NONE,R_LOST,0,0,,,,,,,,,,,,
41,1.366667,lost,NO_R_CANDIDATE,0,,waiting,NONE,R_LOST,0,0,,,,,,,,,,,,
42,1.400000,lost,NO_R_CANDIDATE,0,,waiting,NONE,R_LOST,0,0,,,,,,,,,,,,
43,1.433333,lost,NO_R_CANDIDATE,0,,waiting,NONE,R_LOST,0,0,,,,,,,,,,,,
44,1.466667,lost,NO_R_CANDIDATE,0,,waiting,NONE,R_LOST,0,0,,,,,,,,,,,,
45,1.500000,lost,NO_R_CANDIDATE,0,,waiting,NONE,R_LOST,0,0,,,,,,,,,,,,
46,1.533333,lost,NO_R_CANDIDATE,0,,waiting,NONE,R_LOST,0,0,,,,,,,,,,,,
47,1.566667,lost,NO_R_CANDIDATE,0,,waiting,NONE,R_LOST,0,0,,,,,,,,,,,,
48,1.600000,lost,NO_R_CANDIDATE,0,,waiting,NONE,R_LOST,0,0,,,,,,,,,,,,
49,1.633333,lost,NO_R_CANDIDATE,0,,waiting,NONE,R_LOST,0,0,,,,,,,,,,,,
50,1.666667,lost,NO_R_CANDIDATE,0,,waiting,NONE,R_LOST,0,0,,,,,,,,,,,,
51,1.700000,lost,NO_R_CANDIDATE,0,,waiting,NONE,R_LOST,0,0,,,,,,,,,,,,
52,1.733333,lost,NO_R_CANDIDATE,0,,waiting,NONE,R_LOST,0,0,,,,,,,,,,,,
53,1.766667,lost,NO_R_CANDIDATE,0,,waiting,NONE,R_LOST,0,0,,,,,,,,,,,,
54,1.800000,lost,NO_R_CANDIDATE,0,,waiting,NONE,R_LOST,0,0,,,,,,,,,,,,
55,1.833333,lost,NO_R_CANDIDATE,0,,waiting,NONE,R_LOST,0,0,,,,,,,,,,,,
56,1.866667,lost,NO_R_CANDIDATE,0,,waiting,NONE,R_LOST,0,0,,,,,,,,,,,,
57,1.900000,lost,NO_R_CANDIDATE,0,,waiting,NONE,R_LOST,0,0,,,,,,,,,,,,
58,1.933333,lost,NO_R_CANDIDATE,0,,waiting,NONE,R_LOST,0,0,,,,,,,,,,,,
59,1.966667,lost,NO_R_CANDIDATE,0,,waiting,NONE,R_LOST,0,0,,,,,,,,,,,,
60,2.000000,lost,NO_R_CANDIDATE,0,,waiting,NONE,R_LOST,0,0,,,,,,,,,,,,
61,2.033333,lost,NO_R_CANDIDATE,0,,waiting,NONE,R_LOST,0,0,,,,,,,,,,,,
62,2.066667,lost,NO_R_CANDIDATE,0,,waiting,NONE,R_LOST,0,0,,,,,,,,,,,,
63,2.100000,lost,NO_R_CANDIDATE,0,,waiting,NONE,R_LOST,0,0,,,,,,,,,,,,
64,2.133333,lost,NO_R_CANDIDATE,0,,waiting,NONE,R_LOST,0,0,,,,,,,,,,,,
65,2.166667,lost,NO_R_CANDIDATE,0,,waiting,NONE,R_LOST,0,0,,,,,,,,,,,,
66,2.200000,lost,NO_R_CANDIDATE,0,,waiting,NONE,R_LOST,0,0,,,,,,,,,,,,
67,2.233333,lost,NO_R_CANDIDATE,0,,waiting,NONE,R_LOST,0,0,,,,,,,,,,,,
68,2.266667,lost,NO_R_CANDIDATE,0,,waiting,NONE,R_LOST,0,0,,,,,,,,,,,,
69,2.300000,lost,NO_R_CANDIDATE,0,,waiting,NONE,R_LOST,0,0,,,,,,,,,,,,
70,2.333333,lost,NO_R_CANDIDATE,0,,waiting,NONE,R_LOST,0,0,,,,,,,,,,,,
71,2.366667,lost,NO_R_CANDIDATE,0,,waiting,NONE,R_LOST,0,0,,,,,,,,,,,,
72,2.400000,lost,NO_R_CANDIDATE,0,,waiting,NONE,R_LOST,0,0,,,,,,,,,,,,
73,2.433333,lost,NO_R_CANDIDATE,0,,waiting,NONE,R_LOST,0,0,,,,,,,,,,,,
74,2.466667,lost,NO_R_CANDIDATE,0,,waiting,NONE,R_LOST,0,0,,,,,,,,,,,,
75,2.500000,lost,NO_R_CANDIDATE,0,,waiting,NONE,R_LOST,0,0,,,,,,,,,,,,
76,2.533333,lost,NO_R_CANDIDATE,0,,waiting,NONE,R_LOST,0,0,,,,,,,,,,,,
77,2.566667,lost,NO_R_CANDIDATE,0,,waiting,NONE,R_LOST,0,0,,,,,,,,,,,,
78,2.600000,lost,NO_R_CANDIDATE,0,,waiting,NONE,R_LOST,0,0,,,,,,,,,,,,
79,2.633333,lost,NO_R_CANDIDATE,0,,waiting,NONE,R_LOST,0,0,,,,,,,,,,,,
80,2.666667,lost,NO_R_CANDIDATE,0,,waiting,NONE,R_LOST,0,0,,,,,,,,,,,,
81,2.700000,lost,NO_R_CANDIDATE,0,,waiting,NONE,R_LOST,0,0,,,,,,,,,,,,
82,2.733333,lost,NO_R_CANDIDATE,0,,waiting,NONE,R_LOST,0,0,,,,,,,,,,,,
83,2.766667,lost,NO_R_CANDIDATE,0,,waiting,NONE,R_LOST,0,0,,,,,,,,,,,,
84,2.800000,lost,NO_R_CANDIDATE,0,,waiting,NONE,R_LOST,0,0,,,,,,,,,,,,
85,2.833333,lost,NO_R_CANDIDATE,0,,waiting,NONE,R_LOST,0,0,,,,,,,,,,,,
86,2.866667,lost,NO_R_CANDIDATE,0,,waiting,NONE,R_LOST,0,0,,,,,,,,,,,,
87,2.900000,lost,NO_R_CANDIDATE,0,,waiting,NONE,R_LOST,0,0,,,,,,,,,,,,
88,2.933333,lost,NO_R_CANDIDATE,0,,waiting,NONE,R_LOST,0,0,,,,,,,,,,,,
89,2.966667,lost,NO_R_CANDIDATE,0,,waiting,NONE,R_LOST,0,0,,,,,,,,,,,,
90,3.000000,lost,NO_R_CANDIDATE,0,,waiting,NONE,R_LOST,0,0,,,,,,,,,,,,
91,3.033333,lost,NO_R_CANDIDATE,0,,waiting,NONE,R_LOST,0,0,,,,,,,,,,,,
92,3.066667,lost,NO_R_CANDIDATE,0,,waiting,NONE,R_LOST,0,0,,,,,,,,,,,,
93,3.100000,lost,NO_R_CANDIDATE,0,,waiting,NONE,R_LOST,0,0,,,,,,,,,,,,
94,3.133333,lost,NO_R_CANDIDATE,0,,waiting,NONE,R_LOST,0,0,,,,,,,,,,,,
95,3.166667,lost,NO_R_CANDIDATE,0,,waiting,NONE,R_LOST,0,0,,,,,,,,,,,,
96,3.200000,lost,NO_R_CANDIDATE,0,,waiting,NONE,R_LOST,0,0,,,,,,,,,,,,
97,3.233333,lost,NO_R_CANDIDATE,0,,waiting,NONE,R_LOST,0,0,,,,,,,,,,,,
98,3.266667,lost,NO_R_CANDIDATE,0,,waiting,NONE,R_LOST,0,0,,,,,,,,,,,,
99,3.300000,lost,NO_R_CANDIDATE,0,,waiting,NONE,R_LOST,0,0,,,,,,,,,,,,
100,3.333333,lost,NO_R_CANDIDATE,0,,waiting,NONE,R_LOST,0,0,,,,,,,,,,,,
101,3.366667,lost,NO_R_CANDIDATE,0,,waiting,NONE,R_LOST,0,0,,,,,,,,,,,,
102,3.400000,lost,NO_R_CANDIDATE,0,,waiting,NONE,R_LOST,0,0,,,,,,,,,,,,
103,3.433333,lost,NO_R_CANDIDATE,0,,waiting,NONE,R_LOST,0,0,,,,,,,,,,,,
104,3.466667,lost,NO_R_CANDIDATE,0,,waiting,NONE,R_LOST,0,0,,,,,,,,,,,,
105,3.500000,lost,NO_R_CANDIDATE,0,,waiting,NONE,R_LOST,0,0,,,,,,,,,,,,
106,3.533333,lost,NO_R_CANDIDATE,0,,waiting,NONE,R_LOST,0,0,,,,,,,,,,,,
107,3.566667,lost,NO_R_CANDIDATE,0,,waiting,NONE,R_LOST,0,0,,,,,,,,,,,,
108,3.600000,lost,NO_R_CANDIDATE,0,,waiting,NONE,R_LOST,0,0,,,,,,,,,,,,
109,3.633333,lost,NO_R_CANDIDATE,0,,waiting,NONE,R_LOST,0,0,,,,,,,,,,,,
110,3.666667,lost,NO_R_CANDIDATE,0,,waiting,NONE,R_LOST,0,0,,,,,,,,,,,,
111,3.700000,lost,NO_R_CANDIDATE,0,,waiting,NONE,R_LOST,0,0,,,,,,,,,,,,
112,3.733333,lost,NO_R_CANDIDATE,0,,waiting,NONE,R_LOST,0,0,,,,,,,,,,,,
113,3.766667,lost,NO_R_CANDIDATE,0,,waiting,NONE,R_LOST,0,0,,,,,,,,,,,,
114,3.800000,lost,NO_R_CANDIDATE,0,,waiting,NONE,R_LOST,0,0,,,,,,,,,,,,
115,3.833333,lost,NO_R_CANDIDATE,0,,waiting,NONE,R_LOST,0,0,,,,,,,,,,,,
116,3.866667,lost,NO_R_CANDIDATE,0,,waiting,NONE,R_LOST,0,0,,,,,,,,,,,,
117,3.900000,lost,NO_R_CANDIDATE,0,,waiting,NONE,R_LOST,0,0,,,,,,,,,,,,
118,3.933333,lost,NO_R_CANDIDATE,0,,waiting,NONE,R_LOST,0,0,,,,,,,,,,,,
119,3.966667,lost,NO_R_CANDIDATE,0,,waiting,NONE,R_LOST,0,0,,,,,,,,,,,,
120,4.000000,lost,NO_R_CANDIDATE,0,,waiting,NONE,R_LOST,0,0,,,,,,,,,,,,
121,4.033333,lost,NO_R_CANDIDATE,0,,waiting,NONE,R_LOST,0,0,,,,,,,,,,,,
122,4.066667,lost,NO_R_CANDIDATE,0,,waiting,NONE,R_LOST,0,0,,,,,,,,,,,,
123,4.100000,lost,NO_R_CANDIDATE,0,,waiting,NONE,R_LOST,0,0,,,,,,,,,,,,
124,4.133333,lost,NO_R_CANDIDATE,0,,waiting,NONE,R_LOST,0,0,,,,,,,,,,,,
125,4.166667,lost,NO_R_CANDIDATE,0,,waiting,NONE,R_LOST,0,0,,,,,,,,,,,,
126,4.200000,lost,NO_R_CANDIDATE,0,,waiting,NONE,R_LOST,0,0,,,,,,,,,,,,
127,4.233333,lost,NO_R_CANDIDATE,0,,waiting,NONE,R_LOST,0,0,,,,,,,,,,,,
128,4.266667,lost,NO_R_CANDIDATE,0,,waiting,NONE,R_LOST,0,0,,,,,,,,,,,,
129,4.300000,lost,NO_R_CANDIDATE,0,,waiting,NONE,R_LOST,0,0,,,,,,,,,,,,
130,4.333333,lost,NO_R_CANDIDATE,0,,waiting,NONE,R_LOST,0,0,,,,,,,,,,,,
131,4.366667,lost,NO_R_CANDIDATE,0,,waiting,NONE,R_LOST,0,0,,,,,,,,,,,,
132,4.400000,lost,NO_R_CANDIDATE,0,,waiting,NONE,R_LOST,0,0,,,,,,,,,,,,
133,4.433333,lost,NO_R_CANDIDATE,0,,waiting,NONE,R_LOST,0,0,,,,,,,,,,,,
134,4.466667,lost,NO_R_CANDIDATE,0,,waiting,NONE,R_LOST,0,0,,,,,,,,,,,,
135,4.500000,lost,NO_R_CANDIDATE,0,,waiting,NONE,R_LOST,0,0,,,,,,,,,,,,
136,4.533333,lost,NO_R_CANDIDATE,0,,waiting,NONE,R_LOST,0,0,,,,,,,,,,,,
137,4.566667,lost,NO_R_CANDIDATE,0,,waiting,NONE,R_LOST,0,0,,,,,,,,,,,,
138,4.600000,lost,NO_R_CANDIDATE,0,,waiting,NONE,R_LOST,0,0,,,,,,,,,,,,
139,4.633333,lost,NO_R_CANDIDATE,0,,waiting,NONE,R_LOST,0,0,,,,,,,,,,,,
140,4.666667,lost,NO_R_CANDIDATE,0,,waiting,NONE,R_LOST,0,0,,,,,,,,,,,,
141,4.700000,lost,NO_R_CANDIDATE,0,,waiting,NONE,R_LOST,0,0,,,,,,,,,,,,
142,4.733333,lost,NO_R_CANDIDATE,0,,waiting,NONE,R_LOST,0,0,,,,,,,,,,,,
143,4.766667,lost,NO_R_CANDIDATE,0,,waiting,NONE,R_LOST,0,0,,,,,,,,,,,,
144,4.800000,lost,NO_R_CANDIDATE,0,,waiting,NONE,R_LOST,0,0,,,,,,,,,,,,
145,4.833333,lost,NO_R_CANDIDATE,0,,waiting,NONE,R_LOST,0,0,,,,,,,,,,,,
146,4.866667,lost,NO_R_CANDIDATE,0,,waiting,NONE,R_LOST,0,0,,,,,,,,,,,,
147,4.900000,lost,NO_R_CANDIDATE,0,,waiting,NONE,R_LOST,0,0,,,,,,,,,,,,
148,4.933333,lost,NO_R_CANDIDATE,0,,waiting,NONE,R_LOST,0,0,,,,,,,,,,,,
149,4.966667,lost,NO_R_CANDIDATE,0,,waiting,NONE,R_LOST,0,0,,,,,,,,,,,,
150,5.000000,lost,NO_R_CANDIDATE,0,,waiting,NONE,R_LOST,0,0,,,,,,,,,,,,
151,5.033333,lost,NO_R_CANDIDATE,0,,waiting,NONE,R_LOST,0,0,,,,,,,,,,,,
152,5.066667,lost,NO_R_CANDIDATE,0,,waiting,NONE,R_LOST,0,0,,,,,,,,,,,,
153,5.100000,lost,NO_R_CANDIDATE,0,,waiting,NONE,R_LOST,0,0,,,,,,,,,,,,
154,5.133333,lost,NO_R_CANDIDATE,0,,waiting,NONE,R_LOST,0,0,,,,,,,,,,,,
155,5.166667,lost,NO_R_CANDIDATE,0,,waiting,NONE,R_LOST,0,0,,,,,,,,,,,,
156,5.200000,lost,NO_R_CANDIDATE,0,,waiting,NONE,R_LOST,0,0,,,,,,,,,,,,
157,5.233333,lost,NO_R_CANDIDATE,0,,waiting,NONE,R_LOST,0,0,,,,,,,,,,,,
158,5.266667,lost,NO_R_CANDIDATE,0,,waiting,NONE,R_LOST,0,0,,,,,,,,,,,,
159,5.300000,lost,NO_R_CANDIDATE,0,,waiting,NONE,R_LOST,0,0,,,,,,,,,,,,
160,5.333333,lost,NO_R_CANDIDATE,0,,waiting,NONE,R_LOST,0,0,,,,,,,,,,,,
161,5.366667,lost,NO_R_CANDIDATE,0,,waiting,NONE,R_LOST,0,0,,,,,,,,,,,,
162,5.400000,lost,NO_R_CANDIDATE,0,,waiting,NONE,R_LOST,0,0,,,,,,,,,,,,
163,5.433333,lost,NO_R_CANDIDATE,0,,waiting,NONE,R_LOST,0,0,,,,,,,,,,,,
164,5.466667,lost,NO_R_CANDIDATE,0,,waiting,NONE,R_LOST,0,0,,,,,,,,,,,,
165,5.500000,lost,NO_R_CANDIDATE,0,,waiting,NONE,R_LOST,0,0,,,,,,,,,,,,
166,5.533333,lost,NO_R_CANDIDATE,0,,waiting,NONE,R_LOST,0,0,,,,,,,,,,,,
167,5.566667,lost,NO_R_CANDIDATE,0,,waiting,NONE,R_LOST,0,0,,,,,,,,,,,,
168,5.600000,lost,NO_R_CANDIDATE,0,,waiting,NONE,R_LOST,0,0,,,,,,,,,,,,
169,5.633333,lost,NO_R_CANDIDATE,0,,waiting,NONE,R_LOST,0,0,,,,,,,,,,,,
170,5.666667,lost,NO_R_CANDIDATE,0,,waiting,NONE,R_LOST,0,0,,,,,,,,,,,,
171,5.700000,lost,NO_R_CANDIDATE,0,,waiting,NONE,R_LOST,0,0,,,,,,,,,,,,
172,5.733333,lost,NO_R_CANDIDATE,0,,waiting,NONE,R_LOST,0,0,,,,,,,,,,,,
173,5.766667,lost,NO_R_CANDIDATE,0,,waiting,NONE,R_LOST,0,0,,,,,,,,,,,,
174,5.800000,lost,NO_R_CANDIDATE,0,,waiting,NONE,R_LOST,0,0,,,,,,,,,,,,
175,5.833333,lost,NO_R_CANDIDATE,0,,waiting,NONE,R_LOST,0,0,,,,,,,,,,,,
176,5.866667,lost,NO_R_CANDIDATE,0,,waiting,NONE,R_LOST,0,0,,,,,,,,,,,,
177,5.900000,lost,NO_R_CANDIDATE,0,,waiting,NONE,R_LOST,0,0,,,,,,,,,,,,
178,5.933333,lost,NO_R_CANDIDATE,0,,waiting,NONE,R_LOST,0,0,,,,,,,,,,,,
179,5.966667,lost,NO_R_CANDIDATE,0,,waiting,NONE,R_LOST,0,0,,,,,,,,,,,,
180,6.000000,lost,NO_R_CANDIDATE,0,,waiting,NONE,R_LOST,0,0,,,,,,,,,,,,
181,6.033333,lost,NO_R_CANDIDATE,0,,waiting,NONE,R_LOST,0,0,,,,,,,,,,,,
182,6.066667,lost,NO_R_CANDIDATE,0,,waiting,NONE,R_LOST,0,0,,,,,,,,,,,,
183,6.100000,lost,NO_R_CANDIDATE,0,,waiting,NONE,R_LOST,0,0,,,,,,,,,,,,
184,6.133333,lost,NO_R_CANDIDATE,0,,waiting,NONE,R_LOST,0,0,,,,,,,,,,,,
185,6.166667,lost,NO_R_CANDIDATE,0,,waiting,NONE,R_LOST,0,0,,,,,,,,,,,,
186,6.200000,lost,NO_R_CANDIDATE,0,,waiting,NONE,R_LOST,0,0,,,,,,,,,,,,
187,6.233333,lost,NO_R_CANDIDATE,0,,waiting,NONE,R_LOST,0,0,,,,,,,,,,,,
188,6.266667,lost,NO_R_CANDIDATE,0,,waiting,NONE,R_LOST,0,0,,,,,,,,,,,,
189,6.300000,lost,NO_R_CANDIDATE,0,,waiting,NONE,R_LOST,0,0,,,,,,,,,,,,
190,6.333333,lost,NO_R_CANDIDATE,0,,waiting,NONE,R_LOST,0,0,,,,,,,,,,,,
191,6.366667,lost,NO_R_CANDIDATE,0,,waiting,NONE,R_LOST,0,0,,,,,,,,,,,,
192,6.400000,lost,NO_R_CANDIDATE,0,,waiting,NONE,R_LOST,0,0,,,,,,,,,,,,
193,6.433333,lost,NO_R_CANDIDATE,0,,waiting,NONE,R_LOST,0,0,,,,,,,,,,,,
194,6.466667,lost,NO_R_CANDIDATE,0,,waiting,NONE,R_LOST,0,0,,,,,,,,,,,,
195,6.500000,lost,NO_R_CANDIDATE,0,,waiting,NONE,R_LOST,0,0,,,,,,,,,,,,
196,6.533333,lost,NO_R_CANDIDATE,0,,waiting,NONE,R_LOST,0,0,,,,,,,,,,,,
197,6.566667,lost,NO_R_CANDIDATE,0,,waiting,NONE,R_LOST,0,0,,,,,,,,,,,,
198,6.600000,lost,NO_R_CANDIDATE,0,,waiting,NONE,R_LOST,0,0,,,,,,,,,,,,
199,6.633333,detected,OK,1,1,detected,ACQUIRED,NEW_TRACK_SEGMENT,0,1,0,754.000000,487.500000,760.500000,698.500000,40.099998,6.500000,211.000000,211.100095,-1.540000,-88.235522,
200,6.666667,detected,OK,1,1,detected,TRACKED,MATCHED_EXISTING_ID,0,1,0,753.000000,493.000000,759.500000,704.500000,40.000000,6.500000,211.500000,211.599858,-1.540073,-88.239691,0.004169
201,6.700000,detected,OK,1,1,detected,TRACKED,MATCHED_EXISTING_ID,0,1,0,751.000000,502.500000,755.500000,715.500000,40.200001,4.500000,213.000000,213.047530,-1.549673,-88.789706,0.545846
202,6.733333,detected,OK,1,1,detected,TRACKED,MATCHED_EXISTING_ID,0,1,0,750.500000,505.500000,754.500000,718.500000,40.400002,4.000000,213.000000,213.037555,-1.552019,-88.924149,0.088064
203,6.766667,detected,OK,1,1,detected,TRACKED,MATCHED_EXISTING_ID,0,1,0,750.500000,508.500000,753.500000,719.500000,34.299999,3.000000,211.000000,211.021326,-1.556579,-89.185423,0.073992
204,6.800000,detected,OK,1,1,detected,TRACKED,MATCHED_EXISTING_ID,0,1,0,750.500000,511.500000,752.500000,722.500000,37.700001,2.000000,211.000000,211.009478,-1.561318,-89.456928,0.054627
205,6.833333,detected,OK,1,1,detected,TRACKED,MATCHED_EXISTING_ID,0,1,0,751.000000,512.500000,747.500000,725.500000,38.500000,-3.500000,213.000000,213.028754,-1.587227,-90.941395,1.245738
206,6.866667,detected,OK,1,1,detected,TRACKED,MATCHED_EXISTING_ID,0,1,0,751.500000,513.000000,746.500000,725.500000,38.700001,-5.000000,212.500000,212.558815,-1.594321,-91.347887,0.330532
207,6.900000,detected,OK,1,1,detected,TRACKED,MATCHED_EXISTING_ID,0,1,0,752.000000,514.500000,747.500000,727.500000,36.000000,-4.500000,213.000000,213.047530,-1.591920,-91.210294,0.742405
208,6.933333,detected,OK,1,1,detected,TRACKED,MATCHED_EXISTING_ID,0,1,0,752.000000,515.000000,743.500000,724.500000,40.799999,-8.500000,209.500000,209.672363,-1.611347,-92.323375,0.805232
209,6.966667,detected,OK,1,1,detected,TRACKED,MATCHED_EXISTING_ID,0,1,0,752.500000,515.000000,742.500000,726.500000,40.000000,-10.000000,211.500000,211.736275,-1.618042,-92.707004,0.246313
210,7.000000,detected,OK,1,1,detected,TRACKED,MATCHED_EXISTING_ID,0,1,0,753.000000,515.000000,743.500000,729.500000,36.400002,-9.500000,214.500000,214.710270,-1.615056,-92.535918,0.702503
211,7.033333,detected,OK,1,1,detected,TRACKED,MATCHED_EXISTING_ID,0,1,0,753.000000,515.500000,739.500000,727.500000,40.000000,-13.500000,212.000000,212.429400,-1.634390,-93.643632,0.857299
212,7.066667,detected,OK,1,1,detected,TRACKED,MATCHED_EXISTING_ID,0,1,0,753.000000,515.500000,734.500000,726.500000,38.000000,-18.500000,211.000000,211.809466,-1.658250,-95.010750,0.773783
213,7.100000,detected,OK,1,1,detected,TRACKED,MATCHED_EXISTING_ID,0,1,0,753.000000,515.500000,738.500000,728.500000,36.400002,-14.500000,213.000000,213.492974,-1.638767,-93.894408,2.019190
214,7.133333,detected,OK,1,1,detected,TRACKED,MATCHED_EXISTING_ID,0,1,0,752.500000,515.500000,733.500000,727.500000,39.400002,-19.000000,212.000000,212.849712,-1.660180,-95.121317,1.131736
215,7.166667,detected,OK,1,1,detected,TRACKED,MATCHED_EXISTING_ID,0,1,0,753.000000,515.500000,731.500000,727.500000,38.599998,-21.500000,212.000000,213.087423,-1.671866,-95.790858,0.121675
216,7.200000,detected,OK,1,1,detected,TRACKED,MATCHED_EXISTING_ID,0,1,0,752.500000,516.000000,732.500000,727.500000,34.700001,-20.000000,211.500000,212.443522,-1.665079,-95.401977,0.985417
217,7.233333,detected,OK,1,1,detected,TRACKED,MATCHED_EXISTING_ID,0,1,0,752.000000,517.000000,728.500000,726.500000,34.900002,-23.500000,209.500000,210.813899,-1.682501,-96.400219,0.795872
218,7.266667,detected,OK,1,1,detected,TRACKED,MATCHED_EXISTING_ID,0,1,0,752.000000,517.000000,727.500000,727.500000,34.900002,-24.500000,210.500000,211.920976,-1.686665,-96.638760,0.282177
219,7.300000,detected,OK,1,1,detected,TRACKED,MATCHED_EXISTING_ID,0,1,0,752.000000,515.500000,726.500000,724.500000,37.799999,-25.500000,209.000000,210.549875,-1.692206,-96.956252,0.090356
220,7.333333,detected,OK,1,1,detected,TRACKED,MATCHED_EXISTING_ID,0,1,0,751.500000,515.500000,720.500000,726.500000,37.799999,-31.000000,211.000000,213.265093,-1.716672,-98.358068,1.030112
221,7.366667,detected,OK,1,1,detected,TRACKED,MATCHED_EXISTING_ID,0,1,0,751.000000,515.500000,721.500000,725.500000,34.700001,-29.500000,210.000000,212.061901,-1.710359,-97.996368,1.145450
222,7.400000,detected,OK,1,1,detected,TRACKED,MATCHED_EXISTING_ID,0,1,0,750.500000,515.500000,719.500000,723.500000,37.799999,-31.000000,208.000000,210.297408,-1.718746,-98.476878,0.154941
223,7.433333,detected,OK,1,1,detected,TRACKED,MATCHED_EXISTING_ID,0,1,0,750.000000,517.000000,717.500000,727.500000,36.400002,-32.500000,210.500000,212.994131,-1.723981,-98.776840,0.087584
224,7.466667,detected,OK,1,1,detected,TRACKED,MATCHED_EXISTING_ID,0,1,0,750.000000,517.000000,712.500000,726.500000,37.799999,-37.500000,209.500000,212.829744,-1.747918,-100.148334,1.018982
225,7.500000,detected,OK,1,1,detected,TRACKED,MATCHED_EXISTING_ID,0,1,0,751.000000,517.000000,712.500000,722.500000,36.500000,-38.500000,205.500000,209.075345,-1.755997,-100.611238,0.297201
226,7.533333,detected,OK,1,1,detected,TRACKED,MATCHED_EXISTING_ID,0,1,0,752.000000,515.000000,712.500000,722.500000,39.700001,-39.500000,207.500000,211.226182,-1.758907,-100.777954,0.474509
227,7.566667,detected,OK,1,1,detected,TRACKED,MATCHED_EXISTING_ID,0,1,0,753.000000,515.000000,712.500000,723.500000,40.000000,-40.500000,208.500000,212.397034,-1.762652,-100.992508,0.236867
228,7.600000,detected,OK,1,1,detected,TRACKED,MATCHED_EXISTING_ID,0,1,0,754.000000,515.000000,709.500000,723.500000,37.799999,-44.500000,208.500000,213.195919,-1.781071,-102.047832,0.698650
229,7.633333,detected,OK,1,1,detected,TRACKED,MATCHED_EXISTING_ID,0,1,0,754.000000,515.500000,710.500000,723.500000,40.000000,-43.500000,208.000000,212.500000,-1.776960,-101.812282,0.871684
230,7.666667,detected,OK,1,1,detected,TRACKED,MATCHED_EXISTING_ID,0,1,0,754.500000,517.000000,710.500000,721.500000,38.599998,-44.000000,204.500000,209.179946,-1.782724,-102.142583,0.042840
231,7.700000,detected,OK,1,1,detected,TRACKED,MATCHED_EXISTING_ID,0,1,0,755.000000,515.000000,708.500000,718.500000,37.799999,-46.500000,203.500000,208.745060,-1.795441,-102.871179,0.423999
232,7.733333,detected,OK,1,1,detected,TRACKED,MATCHED_EXISTING_ID,0,1,0,758.000000,507.000000,708.500000,712.500000,39.299999,-49.500000,205.500000,211.377624,-1.807169,-103.543177,0.197801
233,7.766667,detected,OK,1,1,detected,TRACKED,MATCHED_EXISTING_ID,0,1,0,764.000000,493.500000,713.500000,698.500000,38.599998,-50.500000,205.000000,211.128515,-1.812329,-103.838786,0.257707
234,7.800000,detected,OK,1,1,detected,TRACKED,MATCHED_EXISTING_ID,0,1,0,773.500000,468.000000,720.500000,674.500000,37.799999,-53.000000,206.500000,213.192988,-1.822032,-104.394745,0.105725
235,7.833333,detected,OK,1,1,detected,TRACKED,MATCHED_EXISTING_ID,0,1,0,780.500000,457.500000,726.500000,660.500000,39.700001,-54.000000,203.000000,210.059515,-1.830785,-104.896277,0.009009
236,7.866667,detected,OK,1,1,detected,TRACKED,MATCHED_EXISTING_ID,0,1,0,794.000000,433.500000,737.500000,635.500000,39.799999,-56.500000,202.000000,209.752831,-1.843530,-105.626464,0.234060
237,7.900000,detected,OK,1,1,detected,TRACKED,MATCHED_EXISTING_ID,0,1,0,797.000000,425.000000,742.500000,625.500000,37.200001,-54.500000,200.500000,207.775119,-1.836204,-105.206747,1.009468
238,7.933333,detected,OK,1,1,detected,TRACKED,MATCHED_EXISTING_ID,0,1,0,798.000000,419.000000,739.500000,619.500000,39.900002,-58.500000,200.500000,208.860001,-1.854686,-106.265691,0.872980
239,7.966667,detected,OK,1,1,detected,TRACKED,MATCHED_EXISTING_ID,0,1,0,801.000000,399.500000,743.500000,603.500000,40.799999,-57.500000,204.000000,211.948697,-1.845532,-105.741167,1.059680
240,8.000000,detected,OK,1,1,detected,TRACKED,MATCHED_EXISTING_ID,0,1,0,802.000000,386.000000,742.500000,589.500000,35.299999,-59.500000,203.500000,212.020046,-1.855251,-106.298038,0.445587
241,8.033333,detected,OK,1,1,detected,TRACKED,MATCHED_EXISTING_ID,0,1,0,799.000000,381.500000,735.500000,583.500000,35.299999,-63.500000,202.000000,211.745720,-1.875372,-107.450876,0.863319
242,8.066667,detected,OK,1,1,detected,TRACKED,MATCHED_EXISTING_ID,0,1,0,800.000000,387.500000,735.500000,589.500000,40.500000,-64.500000,202.000000,212.047754,-1.879870,-107.708643,0.377080
243,8.100000,detected,OK,1,1,detected,TRACKED,MATCHED_EXISTING_ID,0,1,0,804.000000,394.500000,736.500000,593.500000,39.900002,-67.500000,199.000000,210.136265,-1.897814,-108.736730,0.544072
244,8.133333,detected,OK,1,1,detected,TRACKED,MATCHED_EXISTING_ID,0,1,0,798.500000,395.500000,732.500000,594.500000,32.900002,-66.000000,199.000000,209.659247,-1.891039,-108.348530,1.089843
245,8.166667,detected,OK,1,1,detected,TRACKED,MATCHED_EXISTING_ID,0,1,0,794.000000,390.000000,727.500000,586.500000,36.900002,-66.500000,196.500000,207.447584,-1.897120,-108.696970,0.082734
246,8.200000,detected,OK,1,1,detected,TRACKED,MATCHED_EXISTING_ID,0,1,0,790.000000,393.000000,716.500000,591.500000,37.500000,-73.500000,198.500000,211.670735,-1.925420,-110.318436,1.322666
247,8.233333,detected,OK,1,1,detected,TRACKED,MATCHED_EXISTING_ID,0,1,0,794.000000,391.500000,723.500000,590.500000,35.500000,-70.500000,199.000000,211.119042,-1.911271,-109.507778,1.638524
248,8.266667,detected,OK,1,1,detected,TRACKED,MATCHED_EXISTING_ID,0,1,0,796.000000,394.000000,722.500000,588.500000,37.200001,-73.500000,194.500000,207.924265,-1.932100,-110.701179,1.020945
249,8.300000,detected,OK,1,1,detected,TRACKED,MATCHED_EXISTING_ID,0,1,0,792.000000,400.000000,714.500000,594.500000,39.700001,-77.500000,194.500000,209.371679,-1.949972,-111.725185,0.443171
250,8.333333,detected,OK,1,1,detected,TRACKED,MATCHED_EXISTING_ID,0,1,0,794.000000,403.500000,715.500000,601.500000,37.299999,-78.500000,198.000000,212.993545,-1.948251,-111.626575,0.856712
251,8.366667,detected,OK,1,1,detected,TRACKED,MATCHED_EXISTING_ID,0,1,0,796.500000,419.500000,717.500000,613.500000,39.299999,-79.000000,194.000000,209.468375,-1.957508,-112.156964,0.114970
252,8.400000,detected,OK,1,1,detected,TRACKED,MATCHED_EXISTING_ID,0,1,0,800.500000,429.500000,719.500000,623.500000,38.500000,-81.000000,194.000000,210.230826,-1.966319,-112.661794,0.043424
253,8.433333,detected,OK,1,1,detected,TRACKED,MATCHED_EXISTING_ID,0,1,0,812.000000,444.000000,729.500000,636.500000,38.799999,-82.500000,192.500000,209.433760,-1.975688,-113.198591,0.058021
254,8.466667,detected,OK,1,1,detected,TRACKED,MATCHED_EXISTING_ID,0,1,0,817.000000,455.500000,735.500000,649.500000,40.700001,-81.500000,194.000000,210.423977,-1.968512,-112.787427,0.913148
255,8.500000,detected,OK,1,1,detected,TRACKED,MATCHED_EXISTING_ID,0,1,0,820.000000,475.500000,736.500000,668.500000,39.400002,-83.500000,193.000000,210.288492,-1.979122,-113.395360,0.471208
256,8.533333,detected,OK,1,1,detected,TRACKED,MATCHED_EXISTING_ID,0,1,0,824.000000,481.500000,740.500000,672.500000,38.000000,-83.500000,191.000000,208.454431,-1.982932,-113.613639,0.106928
257,8.566667,detected,OK,1,1,detected,TRACKED,MATCHED_EXISTING_ID,0,1,0,828.000000,486.500000,743.500000,680.500000,35.500000,-84.500000,194.000000,211.603993,-1.981583,-113.536353,0.359723
258,8.600000,detected,OK,1,1,detected,TRACKED,MATCHED_EXISTING_ID,0,1,0,834.000000,497.500000,744.500000,688.500000,39.099998,-89.500000,191.000000,210.929491,-2.008999,-115.107149,1.432249
259,8.633333,detected,OK,1,1,detected,TRACKED,MATCHED_EXISTING_ID,0,1,0,837.000000,503.500000,745.500000,693.500000,38.299999,-91.500000,190.000000,210.884447,-2.019599,-115.714487,0.104109
260,8.666667,detected,OK,1,1,detected,TRACKED,MATCHED_EXISTING_ID,0,1,0,839.000000,503.000000,746.500000,692.500000,33.799999,-92.500000,189.500000,210.870814,-2.024900,-116.018236,0.366054
261,8.700000,detected,OK,1,1,detected,TRACKED,MATCHED_EXISTING_ID,0,1,0,841.000000,502.000000,748.500000,692.500000,35.200001,-92.500000,190.500000,211.769922,-2.022829,-115.899555,0.642064
262,8.733333,detected,OK,1,1,detected,TRACKED,MATCHED_EXISTING_ID,0,1,0,842.000000,503.000000,748.500000,692.500000,35.700001,-93.500000,189.500000,211.311382,-2.029153,-116.261902,0.095791
263,8.766667,detected,OK,1,1,detected,TRACKED,MATCHED_EXISTING_ID,0,1,0,843.500000,501.500000,748.500000,686.500000,36.900002,-95.000000,185.000000,207.966343,-2.045196,-117.181111,0.614337
264,8.800000,detected,OK,1,1,detected,TRACKED,MATCHED_EXISTING_ID,0,1,0,845.500000,493.500000,743.500000,676.500000,37.700001,-102.000000,183.000000,209.506563,-2.079286,-119.134292,1.402574
265,8.833333,detected,OK,1,1,detected,TRACKED,MATCHED_EXISTING_ID,0,1,0,845.500000,489.000000,744.500000,672.500000,35.799999,-101.000000,183.500000,209.459423,-2.073953,-118.828770,1.417159
266,8.866667,detected,OK,1,1,detected,TRACKED,MATCHED_EXISTING_ID,0,1,0,846.500000,483.500000,745.500000,668.500000,39.400002,-101.000000,185.000000,210.774761,-2.070522,-118.632154,0.741389
267,8.900000,detected,OK,1,1,detected,TRACKED,MATCHED_EXISTING_ID,0,1,0,846.500000,481.500000,746.500000,662.500000,36.900002,-100.000000,181.000000,206.787330,-2.075546,-118.920044,0.039672
268,8.933333,detected,OK,1,1,detected,TRACKED,MATCHED_EXISTING_ID,0,1,0,847.500000,479.500000,746.500000,660.500000,37.400002,-101.000000,181.000000,207.272767,-2.079769,-119.162000,0.022131
269,8.966667,detected,OK,1,1,detected,TRACKED,MATCHED_EXISTING_ID,0,1,0,846.500000,477.500000,744.500000,657.500000,37.700001,-102.000000,180.000000,206.891276,-2.086345,-119.538782,0.121548
270,9.000000,detected,OK,1,1,detected,TRACKED,MATCHED_EXISTING_ID,0,1,0,847.500000,477.000000,740.500000,656.500000,37.700001,-107.000000,179.500000,208.971888,-2.108343,-120.799181,0.956546
271,9.033333,detected,OK,1,1,detected,TRACKED,MATCHED_EXISTING_ID,0,1,0,847.500000,477.000000,737.500000,654.500000,39.400002,-110.000000,177.500000,208.821096,-2.125589,-121.787253,0.301600
272,9.066667,detected,OK,1,1,detected,TRACKED,MATCHED_EXISTING_ID,0,1,0,850.000000,473.500000,740.500000,653.500000,35.000000,-109.500000,180.000000,210.689938,-2.117321,-121.313543,1.280822
273,9.100000,detected,OK,1,1,detected,TRACKED,MATCHED_EXISTING_ID,0,1,0,850.500000,473.500000,737.500000,652.500000,36.599998,-113.000000,179.000000,211.683726,-2.133902,-122.263600,0.655273
274,9.133333,detected,OK,1,1,detected,TRACKED,MATCHED_EXISTING_ID,0,1,0,850.000000,475.000000,737.500000,648.500000,35.000000,-112.500000,173.500000,206.781285,-2.146056,-122.959980,0.139487
275,9.166667,detected,OK,1,1,detected,TRACKED,MATCHED_EXISTING_ID,0,1,0,849.000000,461.000000,736.500000,637.500000,35.000000,-112.500000,176.500000,209.304802,-2.138258,-122.513183,1.059485
276,9.200000,detected,OK,1,1,detected,TRACKED,MATCHED_EXISTING_ID,0,1,0,849.500000,456.000000,735.500000,631.500000,34.700001,-114.000000,175.500000,209.275536,-2.146871,-123.006651,0.304575
277,9.233333,detected,OK,1,1,detected,TRACKED,MATCHED_EXISTING_ID,0,1,0,843.000000,467.000000,727.500000,637.500000,31.900000,-115.500000,170.500000,205.938097,-2.166206,-124.114473,0.797098
278,9.266667,detected,OK,1,1,detected,TRACKED,MATCHED_EXISTING_ID,0,1,0,844.000000,470.500000,724.500000,640.500000,35.200001,-119.500000,170.000000,207.798580,-2.183494,-125.104963,0.360927
279,9.300000,detected,OK,1,1,detected,TRACKED,MATCHED_EXISTING_ID,0,1,0,846.000000,475.000000,727.500000,646.500000,39.099998,-118.500000,171.500000,208.457430,-2.175431,-124.643003,1.235893
280,9.333333,detected,OK,1,1,detected,TRACKED,MATCHED_EXISTING_ID,0,1,0,841.500000,487.000000,718.500000,654.500000,35.200001,-123.000000,167.500000,207.810611,-2.204192,-126.290894,1.368314
281,9.366667,detected,OK,1,1,detected,TRACKED,MATCHED_EXISTING_ID,0,1,0,838.000000,483.500000,715.500000,651.500000,39.400002,-122.500000,168.000000,207.918854,-2.200830,-126.098284,1.019512
282,9.400000,detected,OK,1,1,detected,TRACKED,MATCHED_EXISTING_ID,0,1,0,841.500000,475.000000,715.500000,643.500000,36.900002,-126.000000,168.500000,210.400214,-2.212872,-126.788202,0.270821
283,9.433333,detected,OK,1,1,detected,TRACKED,MATCHED_EXISTING_ID,0,1,0,840.500000,477.500000,715.500000,643.500000,37.700001,-125.000000,166.000000,207.800385,-2.216222,-126.980188,0.335440
284,9.466667,detected,OK,1,1,detected,TRACKED,MATCHED_EXISTING_ID,0,1,0,845.500000,486.000000,719.500000,651.500000,38.799999,-126.000000,165.500000,208.005409,-2.221509,-127.283081,0.090356
285,9.500000,detected,OK,1,1,detected,TRACKED,MATCHED_EXISTING_ID,0,1,0,847.000000,491.500000,722.500000,658.500000,35.200001,-124.500000,167.000000,208.300864,-2.211417,-126.704860,0.935329
286,9.533333,detected,OK,1,1,detected,TRACKED,MATCHED_EXISTING_ID,0,1,0,846.500000,502.000000,717.500000,663.500000,35.299999,-129.000000,161.500000,206.696033,-2.244782,-128.616517,1.928682
287,9.566667,detected,OK,1,1,detected,TRACKED,MATCHED_EXISTING_ID,0,1,0,847.500000,505.000000,718.500000,666.500000,38.299999,-129.000000,161.500000,206.696033,-2.244782,-128.616517,0.754448
288,9.600000,detected,OK,1,1,detected,TRACKED,MATCHED_EXISTING_ID,0,1,0,848.000000,496.500000,717.500000,657.500000,38.799999,-130.500000,161.000000,207.246834,-2.251943,-129.026807,0.042379
289,9.633333,detected,OK,1,1,detected,TRACKED,MATCHED_EXISTING_ID,0,1,0,850.000000,467.000000,716.500000,624.500000,38.799999,-133.500000,157.500000,206.466704,-2.273907,-130.285245,0.822721
290,9.666667,detected,OK,1,1,detected,TRACKED,MATCHED_EXISTING_ID,0,1,0,844.500000,467.500000,709.500000,624.500000,38.799999,-135.000000,157.000000,207.060378,-2.280994,-130.691335,0.358716
291,9.700000,detected,OK,1,1,detected,TRACKED,MATCHED_EXISTING_ID,0,1,0,842.000000,473.500000,705.500000,631.500000,36.900002,-136.500000,158.000000,208.797150,-2.283319,-130.824524,0.488131
292,9.733333,detected,OK,1,1,detected,TRACKED,MATCHED_EXISTING_ID,0,1,0,850.000000,480.000000,716.500000,638.500000,34.700001,-133.500000,158.500000,207.230548,-2.270786,-130.106473,1.144118
293,9.766667,detected,OK,0,1,lost,LOST,NO_VALID_TARGET,1,1,,850.000000,487.500000,,,,,,,,,
294,9.800000,detected,OK,1,1,detected,REACQUIRED,MATCHED_EXISTING_ID,0,1,0,847.500000,511.500000,709.500000,664.500000,37.200001,-138.000000,153.000000,206.041258,-2.304694,-132.049221,2.005908
295,9.833333,detected,OK,1,1,detected,TRACKED,MATCHED_EXISTING_ID,0,1,0,856.000000,523.000000,715.500000,673.500000,38.799999,-140.500000,150.500000,205.889533,-2.321844,-133.031847,0.613025
296,9.866667,detected,OK,1,1,detected,TRACKED,MATCHED_EXISTING_ID,0,1,0,858.500000,527.000000,716.500000,679.500000,36.599998,-142.000000,152.500000,208.375262,-2.320556,-132.958061,0.688598
297,9.900000,detected,OK,1,1,detected,TRACKED,MATCHED_EXISTING_ID,0,1,0,860.000000,533.000000,718.500000,682.500000,38.799999,-141.500000,149.500000,205.845816,-2.328710,-133.425255,0.127821
298,9.933333,detected,OK,1,1,detected,TRACKED,MATCHED_EXISTING_ID,0,1,0,860.000000,545.500000,719.500000,695.500000,38.599998,-140.500000,150.000000,205.524329,-2.323504,-133.126967,0.688789
299,9.966667,detected,OK,0,1,lost,LOST,NO_VALID_TARGET,1,1,,858.000000,537.500000,,,,,,,,,
300,10.000000,detected,OK,1,1,detected,REACQUIRED,MATCHED_EXISTING_ID,0,1,0,857.500000,522.500000,713.500000,667.500000,37.099998,-144.000000,145.000000,204.355083,-2.352734,-134.801745,1.444807
301,10.033333,detected,OK,1,1,detected,TRACKED,MATCHED_EXISTING_ID,0,1,0,856.500000,523.500000,708.500000,666.500000,35.400002,-148.000000,143.000000,205.798445,-2.373375,-135.984367,0.778674
302,10.066667,detected,OK,1,1,detected,TRACKED,MATCHED_EXISTING_ID,0,1,0,863.000000,523.500000,718.500000,664.500000,35.500000,-144.500000,141.000000,201.894155,-2.368453,-135.702365,0.997418
303,10.100000,detected,OK,1,1,detected,TRACKED,MATCHED_EXISTING_ID,0,1,0,866.000000,525.000000,716.500000,664.500000,35.500000,-149.500000,139.500000,204.476160,-2.390783,-136.981762,0.962948
304,10.133333,detected,OK,1,1,detected,TRACKED,MATCHED_EXISTING_ID,0,1,0,864.500000,527.500000,716.500000,668.500000,37.700001,-148.000000,141.000000,204.413796,-2.380411,-136.387516,1.295875
305,10.166667,detected,OK,1,1,detected,TRACKED,MATCHED_EXISTING_ID,0,1,0,865.000000,533.000000,713.500000,671.500000,39.900002,-151.500000,138.500000,205.266899,-2.400992,-137.566713,0.995919
306,10.200000,detected,OK,1,1,detected,TRACKED,MATCHED_EXISTING_ID,0,1,0,869.000000,534.500000,719.500000,675.500000,34.400002,-149.500000,141.000000,205.502433,-2.385446,-136.675990,1.472369
307,10.233333,detected,OK,1,1,detected,TRACKED,MATCHED_EXISTING_ID,0,1,0,870.000000,535.000000,716.500000,671.500000,37.799999,-153.500000,136.500000,205.412999,-2.414748,-138.354879,1.686190
308,10.266667,detected,OK,1,1,detected,TRACKED,MATCHED_EXISTING_ID,0,1,0,870.000000,541.000000,715.500000,674.500000,35.000000,-154.500000,133.500000,204.187414,-2.428982,-139.170437,0.148383
309,10.300000,detected,OK,1,1,detected,TRACKED,MATCHED_EXISTING_ID,0,1,0,871.500000,544.000000,719.500000,677.500000,36.400002,-152.000000,133.500000,202.302373,-2.420903,-138.707503,1.189461
310,10.333333,detected,OK,1,1,detected,TRACKED,MATCHED_EXISTING_ID,0,1,0,872.000000,546.500000,719.500000,679.500000,32.099998,-152.500000,133.000000,202.349327,-2.424390,-138.907304,0.050943
311,10.366667,detected,OK,0,1,lost,LOST,NO_VALID_TARGET,1,1,,871.500000,549.500000,,,,,,,,,
312,10.400000,detected,OK,1,1,detected,REACQUIRED,MATCHED_EXISTING_ID,0,1,0,872.000000,551.500000,714.500000,680.500000,34.400002,-157.500000,129.000000,203.585977,-2.455345,-140.680891,1.312855
313,10.433333,detected,OK,1,1,detected,TRACKED,MATCHED_EXISTING_ID,0,1,0,866.000000,539.500000,708.500000,667.500000,33.599998,-157.500000,128.000000,202.953812,-2.459157,-140.899294,0.274534
314,10.466667,detected,OK,1,1,detected,TRACKED,MATCHED_EXISTING_ID,0,1,0,862.000000,533.500000,705.500000,658.500000,35.500000,-156.500000,125.000000,200.292911,-2.467631,-141.384867,0.102449
315,10.500000,detected,OK,1,1,detected,TRACKED,MATCHED_EXISTING_ID,0,1,0,854.000000,537.000000,693.500000,661.500000,37.700001,-160.500000,124.500000,203.126808,-2.481845,-142.199234,0.390264
316,10.533333,detected,OK,1,1,detected,TRACKED,MATCHED_EXISTING_ID,0,1,0,856.000000,537.500000,694.500000,660.500000,38.500000,-161.500000,123.000000,203.005542,-2.490703,-142.706742,0.072700
317,10.566667,detected,OK,1,1,detected,TRACKED,MATCHED_EXISTING_ID,0,1,0,858.500000,541.000000,699.500000,665.500000,34.299999,-159.000000,124.500000,201.943680,-2.477292,-141.938386,1.319485
318,10.600000,detected,OK,1,1,detected,TRACKED,MATCHED_EXISTING_ID,0,1,0,858.000000,553.000000,697.500000,675.500000,34.299999,-160.500000,122.500000,201.907157,-2.489672,-142.647683,0.685962
319,10.633333,detected,OK,1,1,detected,TRACKED,MATCHED_EXISTING_ID,0,1,0,864.000000,558.000000,702.500000,677.500000,31.900000,-161.500000,119.500000,200.904206,-2.504562,-143.500851,0.555449
320,10.666667,detected,OK,1,1,detected,TRACKED,MATCHED_EXISTING_ID,0,1,0,866.000000,561.000000,701.500000,681.500000,36.299999,-164.500000,120.500000,203.912972,-2.509371,-143.776374,0.244377
321,10.700000,detected,OK,1,1,detected,TRACKED,MATCHED_EXISTING_ID,0,1,0,868.000000,565.000000,701.500000,684.500000,36.099998,-166.500000,119.500000,204.945115,-2.519074,-144.332326,0.133804
322,10.733333,detected,OK,1,1,detected,TRACKED,MATCHED_EXISTING_ID,0,1,0,873.000000,571.500000,708.500000,685.500000,36.900002,-164.500000,114.000000,200.140576,-2.535574,-145.277688,0.469691
323,10.766667,detected,OK,1,1,detected,TRACKED,MATCHED_EXISTING_ID,0,1,0,874.500000,576.500000,711.500000,689.500000,31.000000,-163.000000,113.000000,198.338095,-2.535410,-145.268306,0.672929
324,10.800000,detected,OK,1,1,detected,TRACKED,MATCHED_EXISTING_ID,0,1,0,876.000000,581.500000,711.500000,692.500000,35.799999,-164.500000,111.000000,198.447096,-2.548000,-145.989624,0.326943
325,10.833333,detected,OK,1,1,detected,TRACKED,MATCHED_EXISTING_ID,0,1,0,876.000000,583.000000,707.500000,693.500000,33.799999,-168.500000,110.500000,201.500620,-2.561160,-146.743684,0.228908
326,10.866667,detected,OK,1,1,detected,TRACKED,MATCHED_EXISTING_ID,0,1,0,878.000000,585.000000,711.500000,697.500000,34.000000,-166.500000,112.500000,200.944022,-2.547379,-145.954063,1.406337
327,10.900000,detected,OK,1,1,detected,TRACKED,MATCHED_EXISTING_ID,0,1,0,878.000000,589.500000,707.500000,697.500000,34.099998,-170.500000,108.000000,201.827278,-2.576953,-147.648559,1.640316
328,10.933333,detected,OK,1,1,detected,TRACKED,MATCHED_EXISTING_ID,0,1,0,878.000000,590.500000,706.500000,696.500000,38.500000,-171.500000,106.000000,201.614112,-2.587988,-148.280792,0.078074
329,10.966667,detected,OK,1,1,detected,TRACKED,MATCHED_EXISTING_ID,0,1,0,876.500000,591.000000,708.500000,697.500000,33.799999,-168.000000,106.500000,198.912669,-2.576599,-147.628222,1.331647
330,11.000000,detected,OK,1,1,detected,TRACKED,MATCHED_EXISTING_ID,0,1,0,876.000000,591.500000,702.500000,694.500000,37.700001,-173.500000,103.000000,201.770290,-2.605848,-149.304093,1.529452
331,11.033333,detected,OK,1,1,detected,TRACKED,MATCHED_EXISTING_ID,0,1,0,875.000000,592.000000,702.500000,693.500000,37.700001,-172.500000,101.500000,200.146197,-2.609742,-149.527198,0.535094
332,11.066667,detected,OK,1,1,detected,TRACKED,MATCHED_EXISTING_ID,0,1,0,875.500000,592.500000,701.500000,695.500000,35.400002,-174.000000,103.000000,202.200396,-2.607110,-149.376418,0.694942
333,11.100000,detected,OK,1,1,detected,TRACKED,MATCHED_EXISTING_ID,0,1,0,878.000000,591.500000,706.500000,689.500000,36.599998,-171.500000,98.000000,197.525315,-2.622447,-150.255119,0.612516
334,11.133333,detected,OK,1,1,detected,TRACKED,MATCHED_EXISTING_ID,0,1,0,878.500000,593.000000,703.500000,688.500000,34.400002,-175.000000,95.500000,199.362108,-2.642046,-151.378072,0.611762
335,11.166667,detected,OK,1,1,detected,TRACKED,MATCHED_EXISTING_ID,0,1,0,880.000000,593.500000,704.500000,688.500000,34.200001,-175.500000,95.000000,199.562647,-2.645445,-151.572850,0.561119
336,11.200000,detected,OK,1,1,detected,TRACKED,MATCHED_EXISTING_ID,0,1,0,880.500000,593.000000,704.500000,686.500000,33.700001,-176.000000,93.500000,199.294380,-2.653259,-152.020526,0.083773
337,11.233333,detected,OK,1,1,detected,TRACKED,MATCHED_EXISTING_ID,0,1,0,881.000000,593.000000,708.500000,688.500000,34.200001,-172.500000,95.500000,197.171245,-2.635972,-151.030069,1.488396
338,11.266667,detected,OK,1,1,detected,TRACKED,MATCHED_EXISTING_ID,0,1,0,880.000000,595.500000,702.500000,685.500000,33.799999,-177.500000,90.000000,199.013191,-2.672327,-153.113066,2.180415
339,11.300000,detected,OK,1,1,detected,TRACKED,MATCHED_EXISTING_ID,0,1,0,880.000000,597.000000,702.500000,688.500000,35.799999,-177.500000,91.500000,199.696019,-2.665628,-152.729213,1.158600
340,11.333333,detected,OK,1,1,detected,TRACKED,MATCHED_EXISTING_ID,0,1,0,878.500000,600.000000,700.500000,687.500000,33.599998,-178.000000,87.500000,198.343767,-2.684709,-153.822513,0.781992
341,11.366667,detected,OK,1,1,detected,TRACKED,MATCHED_EXISTING_ID,0,1,0,878.000000,602.500000,702.500000,690.500000,37.799999,-175.500000,88.000000,196.326896,-2.676806,-153.369692,1.076926
342,11.400000,detected,OK,1,1,detected,TRACKED,MATCHED_EXISTING_ID,0,1,0,877.500000,605.500000,700.500000,688.500000,35.799999,-177.000000,83.000000,195.494245,-2.703111,-154.876872,1.313846
343,11.433333,detected,OK,1,1,detected,TRACKED,MATCHED_EXISTING_ID,0,1,0,876.500000,607.000000,701.500000,688.500000,34.900002,-175.000000,81.500000,193.047274,-2.705748,-155.027932,0.567813
344,11.466667,detected,OK,1,1,detected,TRACKED,MATCHED_EXISTING_ID,0,1,0,877.500000,610.000000,696.500000,693.500000,35.799999,-181.000000,83.500000,199.332009,-2.709360,-155.234897,0.284782
345,11.500000,detected,OK,1,1,detected,TRACKED,MATCHED_EXISTING_ID,0,1,0,878.000000,611.500000,696.500000,693.500000,36.000000,-181.500000,82.000000,199.163877,-2.717251,-155.686993,0.074261
346,11.533333,detected,OK,1,1,detected,TRACKED,MATCHED_EXISTING_ID,0,1,0,878.000000,613.500000,696.500000,692.500000,33.599998,-181.500000,79.000000,197.947594,-2.731062,-156.478352,0.383820
347,11.566667,detected,OK,1,1,detected,TRACKED,MATCHED_EXISTING_ID,0,1,0,877.000000,617.500000,695.500000,693.500000,37.299999,-181.500000,76.000000,196.769535,-2.745042,-157.279341,0.239922
348,11.600000,detected,OK,1,1,detected,TRACKED,MATCHED_EXISTING_ID,0,1,0,877.000000,619.000000,694.500000,696.500000,35.200001,-182.500000,77.500000,198.273801,-2.740012,-156.991130,0.945247
349,11.633333,detected,OK,1,1,detected,TRACKED,MATCHED_EXISTING_ID,0,1,0,876.000000,621.000000,692.500000,696.500000,34.900002,-183.500000,75.500000,198.425049,-2.751260,-157.635571,0.365504
350,11.666667,detected,OK,1,1,detected,TRACKED,MATCHED_EXISTING_ID,0,1,0,875.000000,621.500000,695.500000,691.500000,36.200001,-179.500000,70.000000,192.666162,-2.769761,-158.695602,0.634892
351,11.700000,detected,OK,1,1,detected,TRACKED,MATCHED_EXISTING_ID,0,1,0,874.000000,623.000000,696.500000,691.500000,34.700001,-177.500000,68.500000,190.259034,-2.773287,-158.897626,0.477071
352,11.733333,detected,OK,1,1,detected,TRACKED,MATCHED_EXISTING_ID,0,1,0,874.500000,627.500000,694.500000,695.500000,35.200001,-180.000000,68.000000,192.416216,-2.780389,-159.304549,0.081344
353,11.766667,detected,OK,1,1,detected,TRACKED,MATCHED_EXISTING_ID,0,1,0,874.500000,631.000000,694.500000,697.500000,36.000000,-180.000000,66.500000,191.891245,-2.787701,-159.723529,0.036749
354,11.800000,detected,OK,1,1,detected,TRACKED,MATCHED_EXISTING_ID,0,1,0,876.000000,635.000000,692.500000,701.500000,35.200001,-183.500000,66.500000,195.178124,-2.793916,-160.079594,0.084965
355,11.833333,detected,OK,1,1,detected,TRACKED,MATCHED_EXISTING_ID,0,1,0,875.500000,635.500000,694.500000,698.500000,35.200001,-181.000000,63.000000,191.650724,-2.806642,-160.808715,0.322077
356,11.866667,detected,OK,1,1,detected,TRACKED,MATCHED_EXISTING_ID,0,1,0,875.000000,637.000000,690.500000,698.500000,33.599998,-184.500000,61.500000,194.480076,-2.819842,-161.565051,0.220461
357,11.900000,detected,OK,1,1,detected,TRACKED,MATCHED_EXISTING_ID,0,1,0,874.500000,637.000000,693.500000,696.500000,35.500000,-181.000000,59.500000,190.528869,-2.823991,-161.802792,0.386319
358,11.933333,detected,OK,1,1,detected,TRACKED,MATCHED_EXISTING_ID,0,1,0,874.000000,637.000000,692.500000,693.500000,35.000000,-181.500000,56.500000,190.090768,-2.839806,-162.708908,0.436585
359,11.966667,detected,OK,1,1,detected,TRACKED,MATCHED_EXISTING_ID,0,1,0,873.500000,637.000000,691.500000,693.500000,36.000000,-182.000000,56.500000,190.568229,-2.840586,-162.753590,0.599484
360,12.000000,detected,OK,1,1,detected,TRACKED,MATCHED_EXISTING_ID,0,1,0,872.000000,638.000000,690.500000,696.500000,33.299999,-181.500000,58.500000,190.694782,-2.829792,-162.135140,1.022822
361,12.033333,detected,OK,1,1,detected,TRACKED,MATCHED_EXISTING_ID,0,1,0,872.000000,639.000000,686.500000,693.500000,36.000000,-185.500000,54.500000,193.340373,-2.855833,-163.627183,1.496801
362,12.066667,detected,OK,1,1,detected,TRACKED,MATCHED_EXISTING_ID,0,1,0,871.500000,639.000000,685.500000,689.500000,33.700001,-186.000000,50.500000,192.733624,-2.876478,-164.810064,0.588917
363,12.100000,detected,OK,1,1,detected,TRACKED,MATCHED_EXISTING_ID,0,1,0,871.000000,641.500000,685.500000,693.500000,35.099998,-185.500000,52.000000,192.650590,-2.868284,-164.340570,1.299025
364,12.133333,detected,OK,1,1,detected,TRACKED,MATCHED_EXISTING_ID,0,1,0,870.500000,643.000000,689.500000,689.500000,33.700001,-181.000000,46.500000,186.877634,-2.890125,-165.591953,0.941462
365,12.166667,detected,OK,1,1,detected,TRACKED,MATCHED_EXISTING_ID,0,1,0,870.000000,645.000000,684.500000,694.500000,35.700001,-185.500000,49.500000,191.990885,-2.880823,-165.058971,1.219487
366,12.200000,detected,OK,1,1,detected,TRACKED,MATCHED_EXISTING_ID,0,1,0,868.000000,649.000000,682.500000,692.500000,33.799999,-185.500000,43.500000,190.532150,-2.911253,-166.802527,1.544846
367,12.233333,detected,OK,1,1,detected,TRACKED,MATCHED_EXISTING_ID,0,1,0,867.500000,650.500000,681.500000,695.500000,35.200001,-186.000000,45.000000,191.366141,-2.904218,-166.399457,1.219719
368,12.266667,detected,OK,1,1,detected,TRACKED,MATCHED_EXISTING_ID,0,1,0,866.500000,651.000000,680.500000,691.500000,33.299999,-186.000000,40.500000,190.358215,-2.927197,-167.716045,0.987826
369,12.300000,detected,OK,1,1,detected,TRACKED,MATCHED_EXISTING_ID,0,1,0,866.000000,652.500000,679.500000,694.500000,35.299999,-186.500000,42.000000,191.170735,-2.920087,-167.308652,1.131285
370,12.333333,detected,OK,1,1,detected,TRACKED,MATCHED_EXISTING_ID,0,1,0,868.000000,655.000000,685.500000,691.500000,35.400002,-182.500000,36.500000,186.114212,-2.944197,-168.690068,1.110038
371,12.366667,detected,OK,1,1,detected,TRACKED,MATCHED_EXISTING_ID,0,1,0,868.000000,657.000000,682.500000,692.500000,33.700001,-185.500000,35.500000,188.866355,-2.952504,-169.166034,0.239427
372,12.400000,detected,OK,1,1,detected,TRACKED,MATCHED_EXISTING_ID,0,1,0,868.000000,659.500000,681.500000,696.500000,35.200001,-186.500000,37.000000,190.134821,-2.945744,-168.778715,1.006942
373,12.433333,detected,OK,1,1,detected,TRACKED,MATCHED_EXISTING_ID,0,1,0,868.000000,661.000000,683.500000,696.500000,32.200001,-184.500000,35.500000,187.884273,-2.951504,-169.108714,0.113153
374,12.466667,detected,OK,1,1,detected,TRACKED,MATCHED_EXISTING_ID,0,1,0,867.000000,661.500000,683.500000,692.500000,35.200001,-183.500000,31.000000,186.100107,-2.974235,-170.411141,1.040320
375,12.500000,detected,OK,1,1,detected,TRACKED,MATCHED_EXISTING_ID,0,1,0,866.000000,663.000000,677.500000,696.500000,33.599998,-188.500000,33.500000,191.453650,-2.965710,-169.922676,1.166701
376,12.533333,detected,OK,1,1,detected,TRACKED,MATCHED_EXISTING_ID,0,1,0,866.000000,663.500000,678.500000,693.500000,35.400002,-187.500000,30.000000,189.884834,-2.982937,-170.909723,0.775492
377,12.566667,detected,OK,1,1,detected,TRACKED,MATCHED_EXISTING_ID,0,1,0,866.000000,664.500000,682.500000,694.500000,32.900002,-183.500000,30.000000,185.936145,-2.979539,-170.714985,0.716490
378,12.600000,detected,OK,1,1,detected,TRACKED,MATCHED_EXISTING_ID,0,1,0,866.000000,667.000000,683.500000,693.500000,32.500000,-182.500000,26.500000,184.413937,-2.997395,-171.738082,0.787941
379,12.633333,detected,OK,1,1,detected,TRACKED,MATCHED_EXISTING_ID,0,1,0,867.500000,669.500000,684.500000,691.500000,35.200001,-183.000000,22.000000,184.317661,-3.021948,-173.144881,0.856466
380,12.666667,detected,OK,1,1,detected,TRACKED,MATCHED_EXISTING_ID,0,1,0,867.500000,671.500000,684.500000,695.500000,32.700001,-183.000000,24.000000,184.567061,-3.011189,-172.528441,1.509359
381,12.700000,detected,OK,1,1,detected,TRACKED,MATCHED_EXISTING_ID,0,1,0,867.500000,673.500000,683.500000,692.500000,35.700001,-184.000000,19.000000,184.978377,-3.038696,-174.104483,1.286867
382,12.733333,detected,OK,1,1,detected,TRACKED,MATCHED_EXISTING_ID,0,1,0,868.000000,675.500000,685.500000,693.500000,35.400002,-182.500000,18.000000,183.385523,-3.043280,-174.367128,0.541277
383,12.766667,detected,OK,1,1,detected,TRACKED,MATCHED_EXISTING_ID,0,1,0,868.000000,677.500000,682.500000,697.500000,35.799999,-185.500000,20.000000,186.575052,-3.034191,-173.846328,1.108210
384,12.800000,detected,OK,1,1,detected,TRACKED,MATCHED_EXISTING_ID,0,1,0,867.500000,678.500000,684.500000,697.500000,32.700001,-183.000000,19.000000,183.983695,-3.038138,-174.072496,0.082041
385,12.833333,detected,OK,1,1,detected,TRACKED,MATCHED_EXISTING_ID,0,1,0,868.000000,683.000000,685.500000,694.500000,35.200001,-182.500000,11.500000,182.861970,-3.078662,-176.394348,2.144909
386,12.866667,detected,OK,1,1,detected,TRACKED,MATCHED_EXISTING_ID,0,1,0,868.000000,685.000000,682.500000,699.500000,35.200001,-185.500000,14.500000,186.065849,-3.063584,-175.530443,1.898813
387,12.900000,detected,OK,1,1,detected,TRACKED,MATCHED_EXISTING_ID,0,1,0,868.000000,686.000000,681.500000,698.500000,35.500000,-186.500000,12.500000,186.918431,-3.074669,-176.165535,0.359711
388,12.933333,detected,OK,1,1,detected,TRACKED,MATCHED_EXISTING_ID,0,1,0,868.000000,689.000000,685.500000,697.500000,34.299999,-182.500000,8.500000,182.697838,-3.095051,-177.333357,0.748555
389,12.966667,detected,OK,1,1,detected,TRACKED,MATCHED_EXISTING_ID,0,1,0,868.000000,689.500000,686.500000,700.500000,32.500000,-181.500000,11.000000,181.833028,-3.081061,-176.531771,1.520274
390,13.000000,detected,OK,1,1,detected,TRACKED,MATCHED_EXISTING_ID,0,1,0,869.500000,691.000000,685.500000,695.500000,33.000000,-184.000000,4.500000,184.055019,-3.117141,-178.599024,1.956674
391,13.033333,detected,OK,1,1,detected,TRACKED,MATCHED_EXISTING_ID,0,1,0,870.000000,691.500000,690.500000,700.500000,34.599998,-179.500000,9.000000,179.725485,-3.091495,-177.129635,2.362637
392,13.066667,detected,OK,1,1,detected,TRACKED,MATCHED_EXISTING_ID,0,1,0,870.000000,693.000000,686.500000,694.500000,32.700001,-183.500000,1.500000,183.506131,-3.133418,-179.531653,2.453824
393,13.100000,detected,OK,1,1,detected,TRACKED,MATCHED_EXISTING_ID,0,1,0,870.000000,693.500000,686.500000,693.500000,32.900002,-183.500000,0.000000,183.500000,-3.141593,-180.000000,0.461376
394,13.133333,detected,OK,1,1,detected,TRACKED,MATCHED_EXISTING_ID,0,1,0,868.000000,695.000000,689.500000,693.500000,35.400002,-178.500000,-1.500000,178.506302,3.133189,179.518534,0.263707
395,13.166667,detected,OK,1,1,detected,TRACKED,MATCHED_EXISTING_ID,0,1,0,868.000000,695.500000,687.500000,691.500000,35.099998,-180.500000,-4.000000,180.544316,3.119436,178.730495,0.148349
396,13.200000,detected,OK,1,1,detected,TRACKED,MATCHED_EXISTING_ID,0,1,0,867.000000,697.000000,684.500000,694.500000,35.000000,-182.500000,-2.500000,182.517122,3.127895,179.215175,1.183710
397,13.233333,detected,OK,1,1,detected,TRACKED,MATCHED_EXISTING_ID,0,1,0,864.000000,697.000000,686.500000,689.500000,34.599998,-177.500000,-7.500000,177.658380,3.099364,177.580491,1.409139
398,13.266667,detected,OK,1,1,detected,TRACKED,MATCHED_EXISTING_ID,0,1,0,862.500000,697.500000,681.500000,688.500000,32.200001,-181.000000,-9.000000,181.223619,3.091910,177.153383,0.362094
399,13.300000,detected,OK,1,1,detected,TRACKED,MATCHED_EXISTING_ID,0,1,0,861.500000,697.500000,679.500000,688.500000,32.200001,-182.000000,-9.000000,182.222392,3.092182,177.168998,0.659979
400,13.333333,detected,OK,1,1,detected,TRACKED,MATCHED_EXISTING_ID,0,1,0,858.000000,703.500000,677.500000,695.500000,35.500000,-180.500000,-8.000000,180.677198,3.097300,177.462236,0.673610
401,13.366667,detected,OK,1,1,detected,TRACKED,MATCHED_EXISTING_ID,0,1,0,856.000000,707.000000,680.500000,692.500000,33.299999,-175.500000,-14.500000,176.097984,3.059159,175.276888,2.074419
402,13.400000,detected,OK,1,1,detected,TRACKED,MATCHED_EXISTING_ID,0,1,0,854.000000,709.500000,678.500000,694.500000,35.000000,-175.500000,-15.000000,176.139859,3.056330,175.114797,0.778605
403,13.433333,detected,OK,1,1,detected,TRACKED,MATCHED_EXISTING_ID,0,1,0,852.000000,711.000000,670.500000,697.500000,33.200001,-181.500000,-13.500000,182.001374,3.067349,175.746164,1.260620
404,13.466667,detected,OK,1,1,detected,TRACKED,MATCHED_EXISTING_ID,0,1,0,851.500000,711.000000,670.500000,695.500000,33.299999,-181.000000,-15.500000,181.662462,3.056166,175.105397,0.515761
405,13.500000,detected,OK,1,1,detected,TRACKED,MATCHED_EXISTING_ID,0,1,0,851.000000,710.500000,670.500000,693.500000,33.299999,-180.500000,-17.000000,181.298787,3.047687,174.619593,0.154494
406,13.533333,detected,OK,1,1,detected,TRACKED,MATCHED_EXISTING_ID,0,1,0,850.000000,710.500000,675.500000,689.500000,34.900002,-174.500000,-21.000000,175.759068,3.021825,173.137806,1.088679
407,13.566667,detected,OK,1,1,detected,TRACKED,MATCHED_EXISTING_ID,0,1,0,849.500000,710.500000,675.500000,686.500000,34.799999,-174.000000,-24.000000,175.647374,3.004526,172.146687,0.162541
408,13.600000,detected,OK,1,1,detected,TRACKED,MATCHED_EXISTING_ID,0,1,0,849.000000,711.500000,670.500000,690.500000,33.700001,-178.500000,-21.000000,179.731049,3.024484,173.290163,2.037072
409,13.633333,detected,OK,1,1,detected,TRACKED,MATCHED_EXISTING_ID,0,1,0,848.000000,713.000000,671.500000,687.500000,33.799999,-176.500000,-25.500000,178.332555,2.998110,171.779024,1.432372
410,13.666667,detected,OK,1,1,detected,TRACKED,MATCHED_EXISTING_ID,0,1,0,847.000000,715.500000,675.500000,690.500000,33.000000,-171.500000,-25.000000,173.312579,2.996840,171.706263,0.578954
411,13.700000,detected,OK,0,1,lost,LOST,NO_VALID_TARGET,1,1,,846.000000,719.000000,,,,,,,,,
412,13.733333,detected,OK,1,1,detected,REACQUIRED,MATCHED_EXISTING_ID,0,1,0,844.500000,723.500000,673.500000,694.500000,32.200001,-171.000000,-29.000000,173.441633,2.973600,170.374752,0.491243
413,13.766667,detected,OK,1,1,detected,TRACKED,MATCHED_EXISTING_ID,0,1,0,842.000000,725.000000,669.500000,691.500000,32.400002,-172.500000,-33.500000,175.722793,2.949777,169.009795,0.846574
414,13.800000,detected,OK,1,1,detected,TRACKED,MATCHED_EXISTING_ID,0,1,0,841.500000,725.500000,666.500000,691.500000,34.900002,-175.000000,-34.000000,178.272264,2.949698,169.005223,0.852440
415,13.833333,detected,OK,1,1,detected,TRACKED,MATCHED_EXISTING_ID,0,1,0,840.000000,725.000000,667.500000,691.500000,34.700001,-172.500000,-33.500000,175.722793,2.949777,169.009795,0.520609
416,13.866667,detected,OK,1,1,detected,TRACKED,MATCHED_EXISTING_ID,0,1,0,839.500000,724.000000,670.500000,685.500000,34.299999,-169.000000,-38.500000,173.329888,2.917605,167.166430,1.535572
417,13.900000,detected,OK,1,1,detected,TRACKED,MATCHED_EXISTING_ID,0,1,0,839.000000,723.000000,667.500000,683.500000,32.400002,-171.500000,-39.500000,175.990057,2.915220,167.029785,0.785376
418,13.933333,detected,OK,1,1,detected,TRACKED,MATCHED_EXISTING_ID,0,1,0,838.000000,723.500000,668.500000,682.500000,32.200001,-169.500000,-41.000000,174.388216,2.904263,166.402033,0.019881
419,13.966667,detected,OK,1,1,detected,TRACKED,MATCHED_EXISTING_ID,0,1,0,836.000000,725.500000,663.500000,688.500000,31.400000,-172.500000,-37.000000,176.423496,2.930301,167.893902,2.107692
420,14.000000,detected,OK,1,1,detected,TRACKED,MATCHED_EXISTING_ID,0,1,0,836.000000,729.000000,670.500000,684.500000,34.900002,-165.500000,-44.500000,171.378237,2.878923,164.950137,3.171019
421,14.033333,detected,OK,1,1,detected,TRACKED,MATCHED_EXISTING_ID,0,1,0,833.000000,733.000000,667.500000,684.500000,34.700001,-165.500000,-48.500000,172.460140,2.856523,163.666706,0.242277
422,14.066667,detected,OK,1,1,detected,TRACKED,MATCHED_EXISTING_ID,0,1,0,830.500000,733.500000,662.500000,683.500000,33.700001,-168.000000,-50.000000,175.282629,2.852322,163.425992,0.897352
423,14.100000,detected,OK,1,1,detected,TRACKED,MATCHED_EXISTING_ID,0,1,0,828.000000,733.000000,663.500000,683.500000,34.900002,-164.500000,-49.500000,171.786204,2.849300,163.252836,0.605968
424,14.133333,detected,OK,1,1,detected,TRACKED,MATCHED_EXISTING_ID,0,1,0,825.000000,733.000000,658.500000,681.500000,31.500000,-166.500000,-51.500000,174.282816,2.841617,162.812675,0.096576
425,14.166667,detected,OK,1,1,detected,TRACKED,MATCHED_EXISTING_ID,0,1,0,824.000000,732.500000,656.500000,681.500000,34.900002,-167.500000,-51.000000,175.092119,2.846033,163.065681,0.751113
426,14.200000,detected,OK,1,1,detected,TRACKED,MATCHED_EXISTING_ID,0,1,0,823.000000,731.500000,661.500000,677.500000,34.400002,-161.500000,-54.000000,170.288725,2.818914,161.511852,1.356168
427,14.233333,detected,OK,1,1,detected,TRACKED,MATCHED_EXISTING_ID,0,1,0,822.000000,731.500000,663.500000,675.500000,33.299999,-158.500000,-56.000000,168.101904,2.801970,160.541059,0.230664
428,14.266667,detected,OK,1,1,detected,TRACKED,MATCHED_EXISTING_ID,0,1,0,820.500000,732.500000,661.500000,673.500000,34.599998,-159.000000,-59.000000,169.593632,2.786273,159.641662,0.067002
429,14.300000,detected,OK,1,1,detected,TRACKED,MATCHED_EXISTING_ID,0,1,0,820.000000,733.000000,661.500000,673.500000,34.400002,-158.500000,-59.500000,169.300030,2.782476,159.424150,0.641683
430,14.333333,detected,OK,1,1,detected,TRACKED,MATCHED_EXISTING_ID,0,1,0,820.000000,734.000000,661.500000,672.500000,35.000000,-158.500000,-61.500000,170.013235,2.771463,158.793118,0.028509
431,14.366667,detected,OK,1,1,detected,TRACKED,MATCHED_EXISTING_ID,0,1,0,818.500000,735.500000,658.500000,671.500000,33.299999,-160.000000,-64.000000,172.325274,2.761086,158.198591,0.019398
432,14.400000,detected,OK,1,1,detected,TRACKED,MATCHED_EXISTING_ID,0,1,0,816.000000,735.500000,661.500000,672.500000,34.299999,-154.500000,-63.000000,166.850981,2.754409,157.815987,0.223563
433,14.433333,detected,OK,1,1,detected,TRACKED,MATCHED_EXISTING_ID,0,1,0,815.000000,734.500000,656.500000,670.500000,32.500000,-158.500000,-64.000000,170.933467,2.757827,158.011859,0.712613
434,14.466667,detected,OK,1,1,detected,TRACKED,MATCHED_EXISTING_ID,0,1,0,812.000000,733.000000,655.500000,666.500000,32.500000,-156.500000,-66.500000,170.042642,2.739790,156.978384,0.801778
435,14.500000,detected,OK,1,1,detected,TRACKED,MATCHED_EXISTING_ID,0,1,0,810.500000,731.500000,653.500000,662.500000,33.799999,-157.000000,-69.000000,171.493440,2.727513,156.274970,0.151007
436,14.533333,detected,OK,1,1,detected,TRACKED,MATCHED_EXISTING_ID,0,1,0,808.000000,731.500000,652.500000,660.500000,33.599998,-155.500000,-71.000000,170.942242,2.713271,155.458957,0.203202
437,14.566667,detected,OK,1,1,detected,TRACKED,MATCHED_EXISTING_ID,0,1,0,807.000000,731.500000,656.500000,664.500000,31.400000,-150.500000,-67.000000,164.739947,2.722752,156.002198,1.237332
438,14.600000,detected,OK,1,1,detected,TRACKED,MATCHED_EXISTING_ID,0,1,0,806.000000,736.500000,651.500000,661.500000,33.799999,-154.500000,-75.000000,171.741812,2.689663,154.106353,1.696686
439,14.633333,detected,OK,1,1,detected,TRACKED,MATCHED_EXISTING_ID,0,1,0,806.000000,737.500000,652.500000,663.500000,32.200001,-153.500000,-74.000000,170.406133,2.692380,154.261996,1.033476
440,14.666667,detected,OK,1,1,detected,TRACKED,MATCHED_EXISTING_ID,0,1,0,806.000000,737.500000,653.500000,661.500000,33.000000,-152.500000,-76.000000,170.388527,2.679257,153.510140,0.287413
441,14.700000,detected,OK,1,1,detected,TRACKED,MATCHED_EXISTING_ID,0,1,0,802.500000,737.000000,653.500000,659.500000,31.600000,-149.000000,-77.500000,167.950141,2.661968,152.519515,0.411217
442,14.733333,detected,OK,0,1,lost,LOST,NO_VALID_TARGET,1,1,,802.000000,735.500000,,,,,,,,,
443,14.766667,detected,OK,1,1,detected,REACQUIRED,MATCHED_EXISTING_ID,0,1,0,798.000000,735.500000,650.500000,655.500000,32.099998,-147.500000,-80.000000,167.798242,2.644624,151.525796,0.494071
444,14.800000,detected,OK,1,1,detected,TRACKED,MATCHED_EXISTING_ID,0,1,0,796.000000,735.500000,650.500000,654.500000,35.799999,-145.500000,-81.000000,166.527025,2.633619,150.895268,0.014553
445,14.833333,detected,OK,1,1,detected,TRACKED,MATCHED_EXISTING_ID,0,1,0,795.500000,736.000000,652.500000,654.500000,33.799999,-143.000000,-81.500000,164.594198,2.623577,150.319884,0.063875
446,14.866667,detected,OK,1,1,detected,TRACKED,MATCHED_EXISTING_ID,0,1,0,790.500000,737.500000,649.500000,654.500000,33.000000,-141.000000,-83.000000,163.615403,2.609559,149.516700,0.189475
447,14.900000,detected,OK,1,1,detected,TRACKED,MATCHED_EXISTING_ID,0,1,0,789.000000,738.000000,648.500000,655.500000,30.799999,-140.500000,-82.500000,162.930967,2.610647,149.579029,0.751829
448,14.933333,detected,OK,1,1,detected,TRACKED,MATCHED_EXISTING_ID,0,1,0,788.000000,737.500000,647.500000,656.500000,32.200001,-140.500000,-81.000000,162.176601,2.618622,150.036015,0.845754
449,14.966667,detected,OK,0,1,lost,LOST,NO_VALID_TARGET,1,1,,785.500000,739.000000,,,,,,,,,
450,15.000000,detected,OK,1,1,detected,REACQUIRED,MATCHED_EXISTING_ID,0,1,0,783.500000,739.000000,645.500000,647.500000,34.900002,-138.000000,-91.500000,165.578531,2.556103,146.453891,3.481192
451,15.033333,detected,OK,1,1,detected,TRACKED,MATCHED_EXISTING_ID,0,1,0,782.000000,739.000000,642.500000,646.500000,33.299999,-139.500000,-92.500000,167.381301,2.556076,146.452341,0.745154
452,15.066667,detected,OK,1,1,detected,TRACKED,MATCHED_EXISTING_ID,0,1,0,782.000000,739.500000,642.500000,646.500000,33.099998,-139.500000,-93.000000,167.658134,2.553590,146.309932,0.306235
453,15.100000,detected,OK,1,1,detected,TRACKED,MATCHED_EXISTING_ID,0,1,0,780.000000,741.000000,646.500000,648.500000,33.200001,-133.500000,-92.500000,162.414593,2.535659,145.282535,0.701248
454,15.133333,detected,OK,1,1,detected,TRACKED,MATCHED_EXISTING_ID,0,1,0,780.000000,741.500000,647.500000,648.500000,33.500000,-132.500000,-93.000000,161.880357,2.529602,144.935490,0.259604
455,15.166667,detected,OK,1,1,detected,TRACKED,MATCHED_EXISTING_ID,0,1,0,778.500000,744.000000,645.500000,652.500000,31.900000,-133.000000,-91.500000,161.434971,2.538986,145.473198,1.040515
456,15.200000,detected,OK,1,1,detected,TRACKED,MATCHED_EXISTING_ID,0,1,0,775.500000,749.000000,646.500000,650.500000,32.099998,-129.000000,-98.500000,162.306038,2.489466,142.635881,2.750716
457,15.233333,detected,OK,1,1,detected,TRACKED,MATCHED_EXISTING_ID,0,1,0,774.000000,751.000000,640.500000,651.500000,33.000000,-133.500000,-99.500000,166.500751,2.501095,143.302161,1.853167
458,15.266667,detected,OK,0,1,lost,LOST,NO_VALID_TARGET,1,1,,771.500000,753.000000,,,,,,,,,
459,15.300000,detected,OK,0,1,lost,HOLD,NO_VALID_TARGET,2,1,,768.000000,753.500000,,,,,,,,,
460,15.333333,detected,OK,0,1,lost,HOLD,NO_VALID_TARGET,3,1,,767.500000,753.500000,,,,,,,,,
461,15.366667,detected,OK,1,1,lost,HOLD,NO_MATCH,4,1,,766.000000,755.000000,,,,,,,,,
462,15.400000,detected,OK,1,1,lost,HOLD,NO_MATCH,5,1,,764.000000,758.000000,,,,,,,,,
463,15.433333,detected,OK,1,1,lost,HOLD,NO_MATCH,6,1,,761.500000,761.500000,,,,,,,,,
464,15.466667,detected,OK,1,1,lost,HOLD,NO_MATCH,7,1,,761.500000,763.500000,,,,,,,,,
465,15.500000,detected,OK,1,1,lost,RELEASED,NO_MATCH,8,0,,760.000000,763.000000,,,,,,,,,
466,15.533333,detected,OK,1,2,detected,ACQUIRED,NEW_TRACK_SEGMENT,0,1,0,743.000000,723.500000,949.500000,765.500000,36.599998,206.500000,42.000000,210.727905,-0.200653,-11.496563,
467,15.566667,detected,OK,1,2,detected,TRACKED,MATCHED_EXISTING_ID,0,1,0,730.000000,688.000000,935.500000,731.500000,36.599998,205.500000,43.500000,210.053565,-0.208600,-11.951875,0.455312
468,15.600000,detected,OK,1,2,detected,TRACKED,MATCHED_EXISTING_ID,0,1,0,707.000000,654.500000,910.500000,702.500000,37.799999,203.500000,48.000000,209.084313,-0.231638,-13.271902,0.864715
469,15.633333,detected,OK,1,2,detected,TRACKED,MATCHED_EXISTING_ID,0,1,0,659.000000,604.500000,859.500000,659.500000,34.400002,200.500000,55.000000,207.906830,-0.267729,-15.339715,1.266615
470,15.666667,detected,OK,1,2,detected,TRACKED,MATCHED_EXISTING_ID,0,1,0,637.000000,580.000000,836.500000,634.500000,37.900002,199.500000,54.500000,206.810300,-0.266676,-15.279417,1.368142
471,15.700000,detected,OK,1,2,detected,TRACKED,MATCHED_EXISTING_ID,0,1,0,614.000000,555.500000,815.500000,611.500000,36.599998,201.500000,56.000000,209.136917,-0.271075,-15.531443,0.508561
472,15.733333,detected,OK,1,2,detected,TRACKED,MATCHED_EXISTING_ID,0,1,0,565.500000,525.000000,765.500000,585.500000,36.900002,200.000000,60.500000,208.950353,-0.293749,-16.830566,0.741960
473,15.766667,detected,OK,1,2,detected,TRACKED,MATCHED_EXISTING_ID,0,1,0,543.000000,515.000000,739.500000,575.500000,34.900002,196.500000,60.500000,205.602772,-0.298678,-17.112973,0.571540
474,15.800000,detected,OK,1,2,detected,TRACKED,MATCHED_EXISTING_ID,0,1,0,523.000000,488.000000,721.500000,553.500000,36.900002,198.500000,65.500000,209.027510,-0.318725,-18.261588,0.523284
475,15.833333,detected,OK,1,2,detected,TRACKED,MATCHED_EXISTING_ID,0,1,0,514.000000,473.500000,710.500000,537.500000,35.799999,196.500000,64.000000,206.659745,-0.314865,-18.040416,1.055817
476,15.866667,detected,OK,1,2,detected,TRACKED,MATCHED_EXISTING_ID,0,1,0,502.000000,457.000000,697.500000,527.500000,33.799999,195.500000,70.500000,207.823242,-0.346099,-19.830004,1.377270
477,15.900000,detected,OK,1,2,detected,TRACKED,MATCHED_EXISTING_ID,0,1,0,500.500000,453.000000,696.500000,524.500000,37.900002,196.000000,71.500000,208.634249,-0.349795,-20.041763,0.751467
478,15.933333,detected,OK,1,2,detected,TRACKED,MATCHED_EXISTING_ID,0,1,0,502.000000,450.000000,697.500000,523.500000,34.599998,195.500000,73.500000,208.860001,-0.359611,-20.604206,0.100196
479,15.966667,detected,OK,1,2,detected,TRACKED,MATCHED_EXISTING_ID,0,1,0,500.000000,447.000000,695.500000,521.500000,37.299999,195.500000,74.500000,209.214005,-0.364085,-20.860551,0.366216
480,16.000000,detected,OK,1,2,detected,TRACKED,MATCHED_EXISTING_ID,0,1,0,502.000000,447.500000,697.500000,523.500000,36.599998,195.500000,76.000000,209.752831,-0.370768,-21.243434,0.093192
481,16.033333,detected,OK,1,2,detected,TRACKED,MATCHED_EXISTING_ID,0,1,0,512.000000,449.000000,704.500000,529.500000,35.200001,192.500000,80.500000,208.654020,-0.396081,-22.693795,1.011564
482,16.066667,detected,OK,1,2,detected,TRACKED,MATCHED_EXISTING_ID,0,1,0,515.500000,451.000000,708.500000,530.500000,37.200001,193.000000,79.500000,208.732484,-0.390737,-22.387600,1.149618
483,16.100000,detected,OK,1,2,detected,TRACKED,MATCHED_EXISTING_ID,0,1,0,516.500000,454.000000,705.500000,535.500000,36.200001,189.000000,81.500000,205.823347,-0.407125,-23.326523,0.555347
484,16.133333,detected,OK,1,2,detected,TRACKED,MATCHED_EXISTING_ID,0,1,0,524.000000,461.000000,714.500000,542.500000,37.900002,190.500000,81.500000,207.201593,-0.404258,-23.162281,0.769957
485,16.166667,detected,OK,1,2,detected,TRACKED,MATCHED_EXISTING_ID,0,1,0,526.000000,465.000000,716.500000,550.500000,35.200001,190.500000,85.500000,208.807327,-0.421871,-24.171444,0.711431
486,16.200000,detected,OK,1,2,detected,TRACKED,MATCHED_EXISTING_ID,0,1,0,528.000000,472.500000,715.500000,557.500000,36.299999,187.500000,85.000000,205.867069,-0.425622,-24.386371,0.367377
487,16.233333,detected,OK,1,2,detected,TRACKED,MATCHED_EXISTING_ID,0,1,0,533.000000,475.000000,724.500000,561.500000,36.299999,191.500000,86.500000,210.129722,-0.424264,-24.308557,0.513167
488,16.266667,detected,OK,1,2,detected,TRACKED,MATCHED_EXISTING_ID,0,1,0,534.500000,477.000000,720.500000,565.500000,36.799999,186.000000,88.500000,205.981188,-0.444106,-25.445406,0.906763
489,16.300000,detected,OK,1,2,detected,TRACKED,MATCHED_EXISTING_ID,0,1,0,536.000000,481.000000,724.500000,570.500000,37.299999,188.500000,89.500000,208.668397,-0.443286,-25.398417,0.639781
490,16.333333,detected,OK,1,2,detected,TRACKED,MATCHED_EXISTING_ID,0,1,0,537.000000,481.000000,723.500000,573.500000,34.599998,186.500000,92.500000,208.179010,-0.460425,-26.380425,0.645129
491,16.366667,detected,OK,1,2,detected,TRACKED,MATCHED_EXISTING_ID,0,1,0,538.000000,480.000000,723.500000,576.500000,36.200001,185.500000,96.500000,209.099259,-0.479689,-27.484156,0.508800
492,16.400000,detected,OK,1,2,detected,TRACKED,MATCHED_EXISTING_ID,0,1,0,538.000000,479.500000,726.500000,574.500000,35.799999,188.500000,95.000000,211.085883,-0.466826,-26.747135,1.535472
493,16.433333,detected,OK,1,2,detected,TRACKED,MATCHED_EXISTING_ID,0,1,0,539.000000,478.000000,722.500000,574.500000,33.599998,183.500000,96.500000,207.327036,-0.484141,-27.739234,0.807837
494,16.466667,detected,OK,1,2,detected,TRACKED,MATCHED_EXISTING_ID,0,1,0,542.500000,473.500000,727.500000,571.500000,33.799999,185.000000,98.000000,209.353768,-0.487148,-27.911499,0.335132
495,16.500000,detected,OK,1,2,detected,TRACKED,MATCHED_EXISTING_ID,0,1,0,543.500000,471.000000,727.500000,569.500000,36.799999,184.000000,98.500000,208.706133,-0.491507,-28.161305,0.123538
496,16.533333,detected,OK,1,2,detected,TRACKED,MATCHED_EXISTING_ID,0,1,0,544.000000,469.000000,726.500000,570.500000,33.799999,182.500000,101.500000,208.826483,-0.507564,-29.081253,0.596019
497,16.566667,detected,OK,1,2,detected,TRACKED,MATCHED_EXISTING_ID,0,1,0,544.000000,467.500000,725.500000,569.500000,33.799999,181.500000,102.000000,208.197622,-0.511997,-29.335267,0.308323
498,16.600000,detected,OK,1,2,detected,TRACKED,MATCHED_EXISTING_ID,0,1,0,544.000000,463.000000,724.500000,566.500000,34.900002,180.500000,103.500000,208.068498,-0.520636,-29.830270,0.055995
499,16.633333,detected,OK,1,2,detected,TRACKED,MATCHED_EXISTING_ID,0,1,0,546.000000,457.000000,722.500000,562.500000,37.200001,176.500000,105.500000,205.627090,-0.538751,-30.868184,0.576508
500,16.666667,detected,OK,1,2,detected,TRACKED,MATCHED_EXISTING_ID,0,1,0,548.000000,454.500000,727.500000,561.500000,36.599998,179.500000,107.000000,208.971888,-0.537547,-30.799181,0.761012
501,16.700000,detected,OK,1,2,detected,TRACKED,MATCHED_EXISTING_ID,0,1,0,548.500000,451.500000,725.500000,560.500000,38.500000,177.000000,109.000000,207.870152,-0.551970,-31.625560,0.438774
502,16.733333,detected,OK,1,2,detected,TRACKED,MATCHED_EXISTING_ID,0,1,0,551.000000,447.000000,728.500000,557.500000,37.099998,177.500000,110.500000,209.084911,-0.556825,-31.903718,0.284956
503,16.766667,detected,OK,1,2,detected,TRACKED,MATCHED_EXISTING_ID,0,1,0,552.000000,443.500000,729.500000,555.500000,36.599998,177.500000,112.000000,209.881514,-0.562892,-32.251348,0.101501
504,16.800000,detected,OK,1,2,detected,TRACKED,MATCHED_EXISTING_ID,0,1,0,554.500000,438.000000,730.500000,551.500000,36.900002,176.000000,113.500000,209.423614,-0.572772,-32.817418,0.157538
505,16.833333,detected,OK,1,2,detected,TRACKED,MATCHED_EXISTING_ID,0,1,0,556.000000,435.000000,731.500000,549.500000,37.200001,175.500000,114.500000,209.548324,-0.578076,-33.121300,0.167665
506,16.866667,detected,OK,1,2,detected,TRACKED,MATCHED_EXISTING_ID,0,1,0,558.000000,433.000000,732.500000,548.500000,37.500000,174.500000,115.500000,209.261798,-0.584689,-33.500221,0.025559
507,16.900000,detected,OK,1,2,detected,TRACKED,MATCHED_EXISTING_ID,0,1,0,559.500000,431.000000,730.500000,549.500000,34.099998,171.000000,118.500000,208.046269,-0.606001,-34.721280,0.826802
508,16.933333,detected,OK,1,2,detected,TRACKED,MATCHED_EXISTING_ID,0,1,0,560.000000,431.000000,731.500000,550.500000,37.700001,171.500000,119.500000,209.027510,-0.608570,-34.868514,0.577744
509,16.966667,detected,OK,1,2,detected,TRACKED,MATCHED_EXISTING_ID,0,1,0,560.500000,431.000000,733.500000,551.500000,36.599998,173.000000,120.500000,210.829908,-0.608395,-34.858438,0.503956
510,17.000000,detected,OK,1,2,detected,TRACKED,MATCHED_EXISTING_ID,0,1,0,562.000000,432.500000,732.500000,554.500000,37.200001,170.500000,122.000000,209.652689,-0.621081,-35.585332,0.434596
511,17.033333,detected,OK,1,2,detected,TRACKED,MATCHED_EXISTING_ID,0,1,0,563.500000,433.000000,730.500000,558.500000,35.500000,167.000000,125.500000,208.900096,-0.644459,-36.924752,0.873285
512,17.066667,detected,OK,1,2,detected,TRACKED,MATCHED_EXISTING_ID,0,1,0,564.000000,432.500000,732.500000,556.500000,37.200001,168.500000,124.000000,209.208628,-0.634419,-36.349539,1.390663
513,17.100000,detected,OK,1,2,detected,TRACKED,MATCHED_EXISTING_ID,0,1,0,566.000000,433.000000,731.500000,562.500000,35.500000,165.500000,129.500000,210.143998,-0.663965,-38.042375,1.433651
514,17.133333,detected,OK,1,2,detected,TRACKED,MATCHED_EXISTING_ID,0,1,0,568.000000,434.500000,730.500000,562.500000,37.900002,162.500000,128.000000,206.858043,-0.667191,-38.227232,0.647788
515,17.166667,detected,OK,1,2,detected,TRACKED,MATCHED_EXISTING_ID,0,1,0,568.500000,435.000000,732.500000,564.500000,35.200001,164.000000,129.500000,208.964710,-0.668388,-38.295827,0.504936
516,17.200000,detected,OK,1,2,detected,TRACKED,MATCHED_EXISTING_ID,0,1,0,571.000000,435.000000,734.500000,565.500000,37.099998,163.500000,130.500000,209.194885,-0.673621,-38.595647,0.071735
517,17.233333,detected,OK,1,2,detected,TRACKED,MATCHED_EXISTING_ID,0,1,0,572.000000,435.000000,733.500000,566.500000,38.500000,161.500000,131.500000,208.265456,-0.683365,-39.153910,0.215401
518,17.266667,detected,OK,1,2,detected,TRACKED,MATCHED_EXISTING_ID,0,1,0,574.000000,435.000000,735.500000,569.500000,37.200001,161.500000,134.500000,210.172548,-0.694434,-39.788119,0.205186
519,17.300000,detected,OK,1,2,detected,TRACKED,MATCHED_EXISTING_ID,0,1,0,576.000000,435.000000,734.500000,572.500000,35.799999,158.500000,137.500000,209.829693,-0.714571,-40.941896,0.642681
520,17.333333,detected,OK,1,2,detected,TRACKED,MATCHED_EXISTING_ID,0,1,0,577.500000,435.000000,736.500000,570.500000,37.200001,159.000000,135.500000,208.904883,-0.705771,-40.437678,1.272387
521,17.366667,detected,OK,1,2,detected,TRACKED,MATCHED_EXISTING_ID,0,1,0,578.000000,435.000000,736.500000,572.500000,34.400002,158.500000,137.500000,209.829693,-0.714571,-40.941896,0.245004
522,17.400000,detected,OK,1,2,detected,TRACKED,MATCHED_EXISTING_ID,0,1,0,581.500000,435.000000,735.500000,574.500000,37.099998,154.000000,139.500000,207.788955,-0.736035,-42.171673,0.872561
523,17.433333,detected,OK,1,2,detected,TRACKED,MATCHED_EXISTING_ID,0,1,0,585.000000,435.000000,739.500000,577.500000,35.500000,154.500000,142.500000,210.182064,-0.745016,-42.686278,0.191636
524,17.466667,detected,OK,1,2,detected,TRACKED,MATCHED_EXISTING_ID,0,1,0,586.000000,435.000000,737.500000,577.500000,37.099998,151.500000,142.500000,207.986778,-0.754795,-43.246595,0.069268
525,17.500000,detected,OK,1,2,detected,TRACKED,MATCHED_EXISTING_ID,0,1,0,588.000000,435.000000,741.500000,577.500000,37.200001,153.500000,142.500000,209.448084,-0.748253,-42.871744,0.976729
526,17.533333,detected,OK,1,2,detected,TRACKED,MATCHED_EXISTING_ID,0,1,0,590.500000,435.000000,743.500000,577.500000,36.500000,153.000000,142.500000,209.081922,-0.749880,-42.964966,0.117966
527,17.566667,detected,OK,1,2,detected,TRACKED,MATCHED_EXISTING_ID,0,1,0,592.000000,434.500000,741.500000,580.500000,35.500000,149.500000,146.000000,208.964710,-0.773554,-44.321402,1.192435
528,17.600000,detected,OK,1,2,detected,TRACKED,MATCHED_EXISTING_ID,0,1,0,594.000000,433.000000,744.500000,578.500000,37.700001,150.500000,145.500000,209.333466,-0.768508,-44.032258,0.930118
529,17.633333,detected,OK,1,2,detected,TRACKED,MATCHED_EXISTING_ID,0,1,0,596.000000,431.500000,740.500000,580.500000,36.900002,144.500000,149.000000,207.560232,-0.800729,-45.878401,1.577216
530,17.666667,detected,OK,1,2,detected,TRACKED,MATCHED_EXISTING_ID,0,1,0,597.500000,431.000000,743.500000,577.500000,35.799999,146.000000,146.500000,206.829036,-0.787108,-45.097941,1.680274
531,17.700000,detected,OK,1,2,detected,TRACKED,MATCHED_EXISTING_ID,0,1,0,600.000000,428.500000,743.500000,578.500000,34.400002,143.500000,150.000000,207.586729,-0.807541,-46.268694,0.943048
532,17.733333,detected,OK,1,2,detected,TRACKED,MATCHED_EXISTING_ID,0,1,0,601.000000,427.500000,746.500000,578.500000,37.700001,145.500000,151.000000,209.693228,-0.803946,-46.062700,0.810917
533,17.766667,detected,OK,1,2,detected,TRACKED,MATCHED_EXISTING_ID,0,1,0,603.000000,425.000000,742.500000,578.500000,37.400002,139.500000,153.500000,207.418659,-0.833143,-47.735602,1.392345
534,17.800000,detected,OK,1,2,detected,TRACKED,MATCHED_EXISTING_ID,0,1,0,605.000000,420.500000,746.500000,574.500000,37.500000,141.500000,154.000000,209.136917,-0.827674,-47.422235,1.150861
535,17.833333,detected,OK,1,2,detected,TRACKED,MATCHED_EXISTING_ID,0,1,0,606.000000,418.500000,744.500000,574.500000,35.000000,138.500000,156.000000,208.610283,-0.844751,-48.400674,0.601288
536,17.866667,detected,OK,1,2,detected,TRACKED,MATCHED_EXISTING_ID,0,1,0,606.000000,416.000000,742.500000,572.500000,37.400002,136.500000,156.500000,207.664393,-0.853552,-48.904917,0.113422
537,17.900000,detected,OK,1,2,detected,TRACKED,MATCHED_EXISTING_ID,0,1,0,607.000000,412.500000,743.500000,569.500000,38.799999,136.500000,157.000000,208.041462,-0.855132,-48.995431,0.481783
538,17.933333,detected,OK,1,2,lost,LOST,NO_MATCH,1,1,,607.500000,411.000000,,,,,,,,,
539,17.966667,detected,OK,1,2,lost,HOLD,NO_MATCH,2,1,,607.500000,411.000000,,,,,,,,,
540,18.000000,detected,OK,1,2,lost,HOLD,NO_MATCH,3,1,,608.000000,409.000000,,,,,,,,,
541,18.033333,detected,OK,1,2,lost,HOLD,NO_MATCH,4,1,,607.000000,406.500000,,,,,,,,,
542,18.066667,detected,OK,1,2,lost,HOLD,NO_MATCH,5,1,,611.500000,405.000000,,,,,,,,,
543,18.100000,detected,OK,1,2,lost,HOLD,NO_MATCH,6,1,,634.500000,421.000000,,,,,,,,,
544,18.133333,detected,OK,1,2,lost,HOLD,NO_MATCH,7,1,,656.000000,433.500000,,,,,,,,,
545,18.166667,detected,OK,1,2,lost,RELEASED,NO_MATCH,8,0,,703.000000,459.500000,,,,,,,,,
546,18.200000,detected,OK,1,3,detected,ACQUIRED,NEW_TRACK_SEGMENT,0,1,0,752.000000,488.000000,644.500000,665.500000,38.500000,-107.500000,177.500000,207.515060,-2.115348,-121.200515,
547,18.233333,detected,OK,1,3,detected,TRACKED,MATCHED_EXISTING_ID,0,1,0,774.500000,499.500000,667.500000,673.500000,35.500000,-107.000000,174.000000,204.266982,-2.122131,-121.589126,0.388612
548,18.266667,detected,OK,1,3,detected,TRACKED,MATCHED_EXISTING_ID,0,1,0,799.000000,510.000000,691.500000,688.500000,36.000000,-107.500000,178.500000,208.371063,-2.112862,-121.058070,0.919668
549,18.300000,detected,OK,1,3,detected,TRACKED,MATCHED_EXISTING_ID,0,1,0,838.500000,527.000000,729.500000,701.500000,36.599998,-109.000000,174.500000,205.745595,-2.129138,-121.990624,0.911809
550,18.333333,detected,OK,1,3,detected,TRACKED,MATCHED_EXISTING_ID,0,1,0,852.500000,534.500000,742.500000,708.500000,36.599998,-110.000000,174.000000,205.854317,-2.134545,-122.300416,0.075677
551,18.366667,detected,OK,1,3,detected,TRACKED,MATCHED_EXISTING_ID,0,1,0,867.500000,545.000000,753.500000,721.500000,35.700001,-114.000000,176.500000,210.114850,-2.144278,-122.858108,0.202495
552,18.400000,detected,OK,1,3,detected,TRACKED,MATCHED_EXISTING_ID,0,1,0,873.500000,547.000000,760.500000,722.500000,35.000000,-113.000000,175.500000,208.732484,-2.142853,-122.776458,0.517846
553,18.433333,detected,OK,1,3,detected,TRACKED,MATCHED_EXISTING_ID,0,1,0,876.000000,547.000000,761.500000,721.500000,36.599998,-114.500000,174.500000,208.711523,-2.151490,-123.271302,0.265786
554,18.466667,detected,OK,1,3,detected,TRACKED,MATCHED_EXISTING_ID,0,1,0,877.500000,544.000000,763.500000,714.500000,36.799999,-114.000000,170.500000,205.100585,-2.160151,-123.767547,0.160873
555,18.500000,detected,OK,1,3,detected,TRACKED,MATCHED_EXISTING_ID,0,1,0,877.500000,540.000000,759.500000,713.500000,36.099998,-118.000000,173.500000,209.824331,-2.168052,-124.220218,0.052951
556,18.533333,detected,OK,1,3,detected,TRACKED,MATCHED_EXISTING_ID,0,1,0,875.500000,527.500000,756.500000,695.500000,35.500000,-119.000000,168.000000,205.876176,-2.187093,-125.311213,0.670094
557,18.566667,detected,OK,1,3,detected,TRACKED,MATCHED_EXISTING_ID,0,1,0,873.500000,523.000000,754.500000,692.500000,34.900002,-119.000000,169.500000,207.102028,-2.182907,-125.071346,0.928807
558,18.600000,detected,OK,1,3,detected,TRACKED,MATCHED_EXISTING_ID,0,1,0,870.000000,513.000000,750.500000,681.500000,35.200001,-119.500000,168.500000,206.573232,-2.187669,-125.344221,0.044541
559,18.633333,detected,OK,1,3,detected,TRACKED,MATCHED_EXISTING_ID,0,1,0,866.000000,505.000000,742.500000,668.500000,37.700001,-123.500000,163.500000,204.901196,-2.217714,-127.065636,1.421816
560,18.666667,detected,OK,1,3,detected,TRACKED,MATCHED_EXISTING_ID,0,1,0,865.500000,501.000000,739.500000,665.500000,36.900002,-126.000000,164.500000,207.210642,-2.224432,-127.450578,0.483384
561,18.700000,detected,OK,1,3,detected,TRACKED,MATCHED_EXISTING_ID,0,1,0,864.000000,497.500000,740.500000,659.500000,36.099998,-123.500000,162.000000,203.706284,-2.222152,-127.319929,0.805622
562,18.733333,detected,OK,1,3,detected,TRACKED,MATCHED_EXISTING_ID,0,1,0,863.000000,495.500000,734.500000,656.500000,34.700001,-128.500000,161.000000,205.993325,-2.244400,-128.594650,0.921998
563,18.766667,detected,OK,1,3,detected,TRACKED,MATCHED_EXISTING_ID,0,1,0,862.000000,495.500000,735.500000,655.500000,36.400002,-126.500000,160.000000,203.966296,-2.239795,-128.330778,0.985395
564,18.800000,detected,OK,1,3,detected,TRACKED,MATCHED_EXISTING_ID,0,1,0,862.000000,497.000000,733.500000,658.500000,34.700001,-128.500000,161.500000,206.384350,-2.242889,-128.508060,0.150082
565,18.833333,detected,OK,1,3,detected,TRACKED,MATCHED_EXISTING_ID,0,1,0,861.500000,499.000000,732.500000,658.500000,34.299999,-129.000000,159.500000,205.137149,-2.250866,-128.965150,0.189758
566,18.866667,detected,OK,1,3,detected,TRACKED,MATCHED_EXISTING_ID,0,1,0,861.500000,502.500000,730.500000,656.500000,35.500000,-131.000000,154.000000,202.180612,-2.275667,-130.386129,1.077744
567,18.900000,detected,OK,1,3,detected,TRACKED,MATCHED_EXISTING_ID,0,1,0,862.000000,503.500000,730.500000,660.500000,35.099998,-131.500000,157.000000,204.795630,-2.268035,-129.948855,1.211607
568,18.933333,detected,OK,1,3,detected,TRACKED,MATCHED_EXISTING_ID,0,1,0,862.500000,511.000000,726.500000,662.500000,34.700001,-136.000000,151.500000,203.588433,-2.302334,-131.913998,1.675453
569,18.966667,detected,OK,1,3,detected,TRACKED,MATCHED_EXISTING_ID,0,1,0,863.500000,513.500000,726.500000,665.500000,34.700001,-137.000000,152.000000,204.628932,-2.304338,-132.028837,0.845032
570,19.000000,detected,OK,1,3,detected,TRACKED,MATCHED_EXISTING_ID,0,1,0,864.500000,520.500000,729.500000,672.500000,34.099998,-135.000000,152.000000,203.295352,-2.297030,-131.610134,1.040561
571,19.033333,detected,OK,1,3,detected,TRACKED,MATCHED_EXISTING_ID,0,1,0,864.000000,528.500000,727.500000,679.500000,34.700001,-136.500000,151.000000,203.551591,-2.305802,-132.112746,0.296978
572,19.066667,detected,OK,1,3,detected,TRACKED,MATCHED_EXISTING_ID,0,1,0,864.500000,531.500000,725.500000,678.500000,35.799999,-139.000000,147.000000,202.311641,-2.328230,-133.397739,0.960567
573,19.100000,detected,OK,1,3,detected,TRACKED,MATCHED_EXISTING_ID,0,1,0,863.000000,537.500000,720.500000,682.500000,35.500000,-142.500000,145.000000,203.300885,-2.347499,-134.501788,0.395398
574,19.133333,detected,OK,1,3,detected,TRACKED,MATCHED_EXISTING_ID,0,1,0,863.000000,541.000000,722.500000,688.500000,34.700001,-140.500000,147.500000,203.706897,-2.331894,-133.607668,1.760931
575,19.166667,detected,OK,1,3,detected,TRACKED,MATCHED_EXISTING_ID,0,1,0,863.000000,545.500000,719.500000,690.500000,33.799999,-143.500000,145.000000,204.003064,-2.350995,-134.702104,0.931997
576,19.200000,detected,OK,1,3,detected,TRACKED,MATCHED_EXISTING_ID,0,1,0,864.000000,553.000000,721.500000,697.500000,34.299999,-142.500000,144.500000,202.944574,-2.349226,-134.600733,0.636609
577,19.233333,detected,OK,1,3,detected,TRACKED,MATCHED_EXISTING_ID,0,1,0,864.000000,553.500000,720.500000,694.500000,35.500000,-143.500000,141.000000,201.179646,-2.364982,-135.503465,0.622138
578,19.266667,detected,OK,1,3,detected,TRACKED,MATCHED_EXISTING_ID,0,1,0,864.000000,555.500000,718.500000,698.500000,34.400002,-145.500000,143.000000,204.007966,-2.364860,-135.496485,0.536429
579,19.300000,detected,OK,0,3,lost,LOST,NO_VALID_TARGET,1,1,,865.000000,555.500000,,,,,,,,,
580,19.333333,detected,OK,1,3,detected,REACQUIRED,MATCHED_EXISTING_ID,0,1,0,867.000000,554.500000,716.500000,690.500000,34.900002,-150.500000,136.000000,202.845384,-2.406762,-137.897314,1.771075
581,19.366667,detected,OK,1,3,detected,TRACKED,MATCHED_EXISTING_ID,0,1,0,867.000000,555.000000,715.500000,690.500000,34.900002,-151.500000,135.500000,203.254766,-2.411886,-138.190887,0.375520
582,19.400000,detected,OK,1,3,detected,TRACKED,MATCHED_EXISTING_ID,0,1,0,868.000000,556.500000,717.500000,693.500000,33.799999,-150.500000,137.000000,203.517198,-2.403117,-137.688436,1.021335
583,19.433333,detected,OK,1,3,detected,TRACKED,MATCHED_EXISTING_ID,0,1,0,868.000000,556.500000,717.500000,689.500000,32.200001,-150.500000,133.000000,200.846334,-2.417845,-138.532295,0.733509
584,19.466667,detected,OK,1,3,detected,TRACKED,MATCHED_EXISTING_ID,0,1,0,868.000000,555.500000,716.500000,688.500000,34.700001,-151.500000,133.000000,201.596751,-2.421129,-138.720498,0.215550
585,19.500000,detected,OK,1,3,detected,TRACKED,MATCHED_EXISTING_ID,0,1,0,868.500000,554.000000,713.500000,684.500000,34.400002,-155.000000,130.500000,202.620952,-2.441799,-139.904784,0.866753
586,19.533333,detected,OK,1,3,detected,TRACKED,MATCHED_EXISTING_ID,0,1,0,870.000000,555.000000,713.500000,681.500000,34.299999,-156.500000,126.500000,201.232453,-2.461807,-141.051158,0.482139
587,19.566667,detected,OK,1,3,detected,TRACKED,MATCHED_EXISTING_ID,0,1,0,870.000000,555.000000,714.500000,680.500000,35.799999,-155.500000,125.500000,199.826174,-2.462553,-141.093904,0.814345
588,19.600000,detected,OK,1,3,detected,TRACKED,MATCHED_EXISTING_ID,0,1,0,871.500000,553.000000,712.500000,677.500000,35.200001,-159.000000,124.500000,201.943680,-2.477292,-141.938386,0.313129
589,19.633333,detected,OK,1,3,detected,TRACKED,MATCHED_EXISTING_ID,0,1,0,872.000000,555.000000,712.500000,678.500000,34.299999,-159.500000,123.500000,201.723821,-2.482723,-142.249572,0.345418
590,19.666667,detected,OK,1,3,detected,TRACKED,MATCHED_EXISTING_ID,0,1,0,872.000000,557.500000,715.500000,681.500000,34.400002,-156.500000,124.000000,199.670353,-2.471545,-141.609079,1.158930
591,19.700000,detected,OK,1,3,detected,TRACKED,MATCHED_EXISTING_ID,0,1,0,873.500000,563.500000,713.500000,683.500000,36.299999,-160.000000,120.000000,200.000000,-2.498092,-143.130102,1.466159
592,19.733333,detected,OK,1,3,detected,TRACKED,MATCHED_EXISTING_ID,0,1,0,873.500000,565.500000,714.500000,687.500000,34.299999,-159.000000,122.000000,200.412075,-2.487114,-142.501132,1.270299
593,19.766667,detected,OK,1,3,detected,TRACKED,MATCHED_EXISTING_ID,0,1,0,872.000000,571.000000,710.500000,691.500000,33.799999,-161.500000,120.500000,201.500620,-2.500573,-143.272275,0.637934
594,19.800000,detected,OK,1,3,detected,TRACKED,MATCHED_EXISTING_ID,0,1,0,873.000000,573.000000,712.500000,689.500000,33.799999,-160.500000,116.500000,198.324229,-2.513723,-144.025727,0.365070
595,19.833333,detected,OK,1,3,detected,TRACKED,MATCHED_EXISTING_ID,0,1,0,873.500000,573.500000,707.500000,689.500000,36.299999,-166.000000,116.000000,202.514197,-2.531676,-145.054336,0.494198
596,19.866667,detected,OK,1,3,detected,TRACKED,MATCHED_EXISTING_ID,0,1,0,874.000000,577.000000,710.500000,692.500000,33.599998,-163.500000,115.500000,200.181168,-2.526570,-144.761775,1.024650
597,19.900000,detected,OK,1,3,detected,TRACKED,MATCHED_EXISTING_ID,0,1,0,874.500000,579.000000,710.500000,692.500000,33.599998,-164.000000,113.500000,199.444855,-2.536207,-145.313931,0.229927
598,19.933333,detected,OK,1,3,detected,TRACKED,MATCHED_EXISTING_ID,0,1,0,875.500000,582.500000,711.500000,692.500000,33.000000,-164.000000,110.000000,197.474049,-2.550781,-146.148990,0.420859
599,19.966667,detected,OK,1,3,detected,TRACKED,MATCHED_EXISTING_ID,0,1,0,876.000000,583.500000,709.500000,694.500000,33.700001,-166.500000,111.000000,200.108096,-2.553590,-146.309932,0.421601
600,20.000000,detected,OK,1,3,detected,TRACKED,MATCHED_EXISTING_ID,0,1,0,876.500000,590.000000,710.500000,695.500000,34.900002,-166.000000,105.500000,196.688205,-2.575448,-147.562321,0.838485
601,20.033333,detected,OK,1,3,detected,TRACKED,MATCHED_EXISTING_ID,0,1,0,877.500000,594.000000,710.500000,700.500000,33.799999,-167.000000,106.500000,198.068801,-2.573895,-147.473342,0.838275
602,20.066667,detected,OK,1,3,detected,TRACKED,MATCHED_EXISTING_ID,0,1,0,878.000000,596.000000,710.500000,699.500000,35.500000,-167.500000,103.500000,196.897181,-2.588108,-148.287648,0.400319
603,20.100000,detected,OK,1,3,detected,TRACKED,MATCHED_EXISTING_ID,0,1,0,877.000000,599.000000,708.500000,700.500000,35.500000,-168.500000,101.500000,196.709176,-2.599429,-148.936338,0.074576
604,20.133333,detected,OK,1,3,detected,TRACKED,MATCHED_EXISTING_ID,0,1,0,877.500000,600.000000,709.500000,703.500000,34.200001,-168.000000,103.500000,197.322705,-2.589440,-148.363964,1.176319
605,20.166667,detected,OK,1,3,detected,TRACKED,MATCHED_EXISTING_ID,0,1,0,878.000000,599.000000,709.500000,696.500000,34.400002,-168.500000,97.500000,194.675371,-2.617031,-149.944823,1.447442
606,20.200000,detected,OK,1,3,detected,TRACKED,MATCHED_EXISTING_ID,0,1,0,878.000000,597.500000,704.500000,693.500000,34.900002,-173.500000,96.000000,198.288300,-2.636209,-151.043625,0.386408
607,20.233333,detected,OK,1,3,detected,TRACKED,MATCHED_EXISTING_ID,0,1,0,879.500000,597.500000,708.500000,692.500000,35.900002,-171.000000,95.000000,195.616973,-2.634494,-150.945396,0.965187
608,20.266667,detected,OK,1,3,detected,TRACKED,MATCHED_EXISTING_ID,0,1,0,880.000000,599.000000,708.500000,693.500000,33.299999,-171.500000,94.500000,195.812410,-2.637966,-151.144339,0.281940
609,20.300000,detected,OK,1,3,detected,TRACKED,MATCHED_EXISTING_ID,0,1,0,881.500000,598.500000,706.500000,692.500000,35.099998,-175.000000,94.000000,198.647930,-2.648674,-151.757849,0.245403
610,20.333333,detected,OK,1,3,detected,TRACKED,MATCHED_EXISTING_ID,0,1,0,883.000000,597.500000,709.500000,690.500000,33.500000,-173.500000,93.000000,196.853372,-2.649544,-151.807666,0.416451
611,20.366667,detected,OK,1,3,detected,TRACKED,MATCHED_EXISTING_ID,0,1,0,883.500000,598.500000,710.500000,686.500000,35.400002,-173.000000,88.000000,194.095337,-2.671033,-153.038901,0.931548
612,20.400000,detected,OK,1,3,detected,TRACKED,MATCHED_EXISTING_ID,0,1,0,884.000000,598.500000,710.500000,685.500000,34.900002,-173.500000,87.000000,194.090829,-2.676793,-153.368940,0.342268
613,20.433333,detected,OK,1,3,detected,TRACKED,MATCHED_EXISTING_ID,0,1,0,885.000000,600.500000,712.500000,684.500000,33.799999,-172.500000,84.000000,191.865187,-2.688434,-154.035931,0.131592
614,20.466667,detected,OK,1,3,detected,TRACKED,MATCHED_EXISTING_ID,0,1,0,885.000000,601.500000,710.500000,685.500000,35.400002,-174.500000,84.000000,193.665304,-2.692955,-154.294983,0.328985
615,20.500000,detected,OK,1,3,detected,TRACKED,MATCHED_EXISTING_ID,0,1,0,885.500000,605.500000,710.500000,689.500000,33.299999,-175.000000,84.000000,194.115945,-2.694073,-154.358994,0.392431
616,20.533333,detected,OK,1,3,detected,TRACKED,MATCHED_EXISTING_ID,0,1,0,886.000000,607.500000,707.500000,691.500000,34.900002,-178.500000,84.000000,197.277089,-2.701750,-154.798876,0.140412
617,20.566667,detected,OK,1,3,detected,TRACKED,MATCHED_EXISTING_ID,0,1,0,886.000000,609.500000,711.500000,688.500000,34.900002,-174.500000,79.000000,191.549602,-2.716477,-155.642688,0.488177
618,20.600000,detected,OK,1,3,detected,TRACKED,MATCHED_EXISTING_ID,0,1,0,887.500000,613.500000,711.500000,693.500000,34.000000,-176.000000,80.000000,193.328736,-2.714965,-155.556045,0.637549
619,20.633333,detected,OK,1,3,detected,TRACKED,MATCHED_EXISTING_ID,0,1,0,888.000000,617.500000,708.500000,695.500000,34.900002,-179.500000,78.000000,195.714716,-2.731669,-156.513107,0.661176
620,20.666667,detected,OK,1,3,detected,TRACKED,MATCHED_EXISTING_ID,0,1,0,888.000000,620.000000,712.500000,693.500000,34.400002,-175.500000,73.500000,190.269546,-2.744982,-157.275898,0.202434
621,20.700000,detected,OK,1,3,detected,TRACKED,MATCHED_EXISTING_ID,0,1,0,888.000000,625.000000,710.500000,697.500000,35.500000,-177.500000,72.500000,191.735495,-2.753822,-157.782406,0.134822
622,20.733333,detected,OK,1,3,detected,TRACKED,MATCHED_EXISTING_ID,0,1,0,888.000000,627.500000,706.500000,701.500000,34.400002,-181.500000,74.000000,196.005740,-2.754454,-157.818615,0.551192
623,20.766667,detected,OK,0,3,lost,LOST,NO_VALID_TARGET,1,1,,888.000000,630.000000,,,,,,,,,
624,20.800000,detected,OK,0,3,lost,HOLD,NO_VALID_TARGET,2,1,,887.500000,633.500000,,,,,,,,,
625,20.833333,detected,OK,0,3,lost,HOLD,NO_VALID_TARGET,3,1,,888.000000,635.000000,,,,,,,,,
626,20.866667,detected,OK,0,3,lost,HOLD,NO_VALID_TARGET,4,1,,887.500000,639.000000,,,,,,,,,
627,20.900000,detected,OK,1,3,lost,HOLD,NO_MATCH,5,1,,886.000000,639.500000,,,,,,,,,
628,20.933333,detected,OK,1,3,lost,HOLD,NO_MATCH,6,1,,886.000000,641.000000,,,,,,,,,
629,20.966667,detected,OK,1,3,lost,HOLD,NO_MATCH,7,1,,884.500000,641.000000,,,,,,,,,
630,21.000000,detected,OK,1,3,lost,RELEASED,NO_MATCH,8,0,,876.500000,631.500000,,,,,,,,,
631,21.033333,detected,OK,1,4,detected,ACQUIRED,NEW_TRACK_SEGMENT,0,1,0,862.000000,613.000000,1052.500000,708.500000,36.599998,190.500000,95.500000,213.097396,-0.464697,-26.625173,
632,21.066667,detected,OK,1,4,detected,TRACKED,MATCHED_EXISTING_ID,0,1,0,806.500000,568.000000,991.500000,670.500000,39.599998,185.000000,102.500000,211.497636,-0.505950,-28.988823,2.363650
633,21.100000,detected,OK,1,4,detected,TRACKED,MATCHED_EXISTING_ID,0,1,0,775.500000,548.000000,960.500000,651.500000,37.599998,185.000000,103.500000,211.984080,-0.510077,-29.225244,2.127228
634,21.133333,detected,OK,1,4,detected,TRACKED,MATCHED_EXISTING_ID,0,1,0,742.500000,527.500000,922.500000,632.500000,39.400002,180.000000,105.000000,208.386660,-0.528074,-30.256437,0.481565
635,21.166667,detected,OK,1,4,detected,TRACKED,MATCHED_EXISTING_ID,0,1,0,676.000000,491.000000,851.500000,600.500000,37.700001,175.500000,109.500000,206.858647,-0.557831,-31.961343,0.384774
636,21.200000,detected,OK,1,4,detected,TRACKED,MATCHED_EXISTING_ID,0,1,0,643.500000,477.500000,822.500000,589.500000,37.200001,179.000000,112.000000,211.151604,-0.559101,-32.034146,1.401239
637,21.233333,detected,OK,1,4,detected,TRACKED,MATCHED_EXISTING_ID,0,1,0,583.000000,457.000000,756.500000,570.500000,39.099998,173.500000,113.500000,207.327036,-0.579307,-33.191856,0.244164
638,21.266667,detected,OK,1,4,detected,TRACKED,MATCHED_EXISTING_ID,0,1,0,562.500000,444.000000,736.500000,563.500000,34.900002,174.000000,119.500000,211.083514,-0.601799,-34.480564,0.277496
639,21.300000,detected,OK,1,4,detected,TRACKED,MATCHED_EXISTING_ID,0,1,0,532.000000,420.000000,699.500000,540.500000,37.400002,167.500000,120.500000,206.340738,-0.623630,-35.731353,0.128579
640,21.333333,detected,OK,1,4,detected,TRACKED,MATCHED_EXISTING_ID,0,1,0,524.000000,413.500000,694.500000,534.500000,33.799999,170.500000,121.000000,209.072356,-0.617191,-35.362462,1.542533
641,21.366667,detected,OK,1,4,detected,TRACKED,MATCHED_EXISTING_ID,0,1,0,519.000000,409.000000,687.500000,531.500000,33.299999,168.500000,122.500000,208.323066,-0.628620,-36.017263,0.098172
642,21.400000,detected,OK,1,4,detected,TRACKED,MATCHED_EXISTING_ID,0,1,0,520.500000,403.000000,689.500000,526.500000,37.700001,169.000000,123.500000,209.316148,-0.631079,-36.158185,0.454975
643,21.433333,detected,OK,1,4,detected,TRACKED,MATCHED_EXISTING_ID,0,1,0,527.000000,403.000000,692.500000,528.500000,39.099998,165.500000,125.500000,207.702913,-0.648797,-37.173339,0.601246
644,21.466667,detected,OK,1,4,detected,TRACKED,MATCHED_EXISTING_ID,0,1,0,534.000000,406.000000,699.500000,533.500000,33.799999,165.500000,127.500000,208.917448,-0.656425,-37.610395,0.217350
645,21.500000,detected,OK,1,4,detected,TRACKED,MATCHED_EXISTING_ID,0,1,0,546.000000,413.000000,709.500000,543.500000,34.299999,163.500000,130.500000,209.194885,-0.673621,-38.595647,0.417786
646,21.533333,detected,OK,1,4,detected,TRACKED,MATCHED_EXISTING_ID,0,1,0,552.000000,417.000000,714.500000,546.500000,35.500000,162.500000,129.500000,207.789557,-0.672862,-38.552150,0.778078
647,21.566667,detected,OK,1,4,detected,TRACKED,MATCHED_EXISTING_ID,0,1,0,562.000000,427.000000,724.500000,559.500000,33.799999,162.500000,132.500000,209.672363,-0.684052,-39.193273,0.217774
648,21.600000,detected,OK,1,4,detected,TRACKED,MATCHED_EXISTING_ID,0,1,0,567.000000,433.000000,728.500000,566.500000,35.200001,161.500000,133.500000,209.534007,-0.690766,-39.578000,0.125732
649,21.633333,detected,OK,1,4,detected,TRACKED,MATCHED_EXISTING_ID,0,1,0,573.000000,441.000000,732.500000,576.500000,35.799999,159.500000,135.500000,209.285690,-0.704221,-40.348892,0.310726
650,21.666667,detected,OK,1,4,detected,TRACKED,MATCHED_EXISTING_ID,0,1,0,576.500000,443.000000,736.500000,579.500000,35.400002,160.000000,136.500000,210.314645,-0.706305,-40.468324,0.465025
651,21.700000,detected,OK,1,4,detected,TRACKED,MATCHED_EXISTING_ID,0,1,0,582.000000,446.500000,740.500000,584.500000,35.299999,158.500000,138.000000,210.157679,-0.716368,-41.044866,0.178096
652,21.733333,detected,OK,1,4,detected,TRACKED,MATCHED_EXISTING_ID,0,1,0,584.000000,447.000000,742.500000,583.500000,37.500000,158.500000,136.500000,209.175763,-0.710960,-40.734990,0.779561
653,21.766667,detected,OK,1,4,detected,TRACKED,MATCHED_EXISTING_ID,0,1,0,586.500000,446.500000,739.500000,586.500000,36.599998,153.000000,140.000000,207.386113,-0.741059,-42.459533,1.566683
654,21.800000,detected,OK,1,4,detected,TRACKED,MATCHED_EXISTING_ID,0,1,0,588.000000,443.000000,742.500000,584.500000,38.599998,154.500000,141.500000,209.505370,-0.741507,-42.485247,0.758819
655,21.833333,detected,OK,1,4,detected,TRACKED,MATCHED_EXISTING_ID,0,1,0,588.500000,443.000000,737.500000,586.500000,35.500000,149.000000,143.500000,206.865294,-0.766597,-43.922770,0.956517
656,21.866667,detected,OK,1,4,detected,TRACKED,MATCHED_EXISTING_ID,0,1,0,589.000000,443.500000,740.500000,590.500000,35.500000,151.500000,147.000000,211.095358,-0.770324,-44.136310,0.650073
657,21.900000,detected,OK,1,4,detected,TRACKED,MATCHED_EXISTING_ID,0,1,0,589.500000,442.500000,738.500000,586.500000,39.400002,149.000000,144.000000,207.212451,-0.768335,-44.022351,0.717542
658,21.933333,detected,OK,1,4,detected,TRACKED,MATCHED_EXISTING_ID,0,1,0,588.000000,441.000000,736.500000,590.500000,36.000000,148.500000,149.500000,210.719007,-0.788754,-45.192267,0.853349
659,21.966667,detected,OK,1,4,detected,TRACKED,MATCHED_EXISTING_ID,0,1,0,588.000000,438.500000,736.500000,586.500000,34.700001,148.500000,148.000000,209.657459,-0.783712,-44.903380,0.946793
660,22.000000,detected,OK,1,4,detected,TRACKED,MATCHED_EXISTING_ID,0,1,0,592.000000,433.000000,739.500000,581.500000,33.799999,147.500000,148.500000,209.304802,-0.788777,-45.193566,0.010997
661,22.033333,detected,OK,1,4,detected,TRACKED,MATCHED_EXISTING_ID,0,1,0,596.000000,427.500000,740.500000,579.500000,34.599998,144.500000,152.000000,209.724224,-0.810688,-46.448994,0.971840
662,22.066667,detected,OK,1,4,detected,TRACKED,MATCHED_EXISTING_ID,0,1,0,598.000000,426.500000,741.500000,578.500000,39.099998,143.500000,152.000000,209.036480,-0.814155,-46.647648,0.473670
663,22.100000,detected,OK,1,4,detected,TRACKED,MATCHED_EXISTING_ID,0,1,0,601.000000,425.000000,744.500000,576.500000,38.000000,143.500000,151.500000,208.673189,-0.812510,-46.553403,0.577100
664,22.133333,detected,OK,1,4,detected,TRACKED,MATCHED_EXISTING_ID,0,1,0,604.000000,421.000000,743.500000,573.500000,35.700001,139.500000,152.500000,206.679704,-0.829889,-47.549156,0.743737
665,22.166667,detected,OK,1,4,detected,TRACKED,MATCHED_EXISTING_ID,0,1,0,604.500000,419.500000,743.500000,575.500000,34.400002,139.000000,156.000000,208.942576,-0.842962,-48.298143,0.199476
666,22.200000,detected,OK,1,4,detected,TRACKED,MATCHED_EXISTING_ID,0,1,0,608.000000,416.500000,742.500000,574.500000,37.700001,134.500000,158.000000,207.495181,-0.865568,-49.593384,0.665940
667,22.233333,detected,OK,1,4,detected,TRACKED,MATCHED_EXISTING_ID,0,1,0,607.000000,416.500000,742.500000,574.500000,34.400002,135.500000,158.000000,208.144781,-0.861910,-49.383777,1.105285
668,22.266667,detected,OK,1,4,detected,TRACKED,MATCHED_EXISTING_ID,0,1,0,606.500000,415.500000,744.500000,574.500000,36.599998,138.000000,159.000000,210.535033,-0.855988,-49.044486,0.792855
669,22.300000,detected,OK,1,4,detected,TRACKED,MATCHED_EXISTING_ID,0,1,0,606.000000,414.000000,739.500000,575.500000,34.200001,133.500000,161.500000,209.534007,-0.880030,-50.422000,1.241093
670,22.333333,detected,OK,1,4,detected,TRACKED,MATCHED_EXISTING_ID,0,1,0,606.000000,413.000000,738.500000,572.500000,36.400002,132.500000,159.500000,207.355974,-0.877602,-50.282876,0.771984
671,22.366667,detected,OK,1,4,detected,TRACKED,MATCHED_EXISTING_ID,0,1,0,608.500000,409.000000,736.500000,572.500000,37.700001,128.000000,163.500000,207.644528,-0.906585,-51.943510,1.336569
672,22.400000,detected,OK,1,4,detected,TRACKED,MATCHED_EXISTING_ID,0,1,0,610.000000,408.500000,739.500000,572.500000,34.299999,129.500000,164.000000,208.964710,-0.902408,-51.704173,1.098029
673,22.433333,detected,OK,1,4,detected,TRACKED,MATCHED_EXISTING_ID,0,1,0,614.000000,407.000000,743.500000,572.500000,37.200001,129.500000,165.500000,210.143998,-0.906832,-51.957625,0.166030
674,22.466667,detected,OK,1,4,detected,TRACKED,MATCHED_EXISTING_ID,0,1,0,616.000000,406.500000,742.500000,575.500000,35.799999,126.500000,169.000000,211.100095,-0.928243,-53.184385,0.873691
675,22.500000,detected,OK,1,4,detected,TRACKED,MATCHED_EXISTING_ID,0,1,0,617.500000,407.500000,744.500000,573.500000,37.200001,127.000000,166.000000,209.009569,-0.917726,-52.581834,1.305097
676,22.533333,detected,OK,1,4,detected,TRACKED,MATCHED_EXISTING_ID,0,1,0,620.000000,408.000000,744.500000,575.500000,38.599998,124.500000,167.500000,208.701941,-0.931608,-53.377184,0.614843
677,22.566667,detected,OK,1,4,detected,TRACKED,MATCHED_EXISTING_ID,0,1,0,622.000000,407.000000,741.500000,577.500000,37.299999,119.500000,170.500000,208.207829,-0.959480,-54.974164,1.170536
678,22.600000,detected,OK,1,4,detected,TRACKED,MATCHED_EXISTING_ID,0,1,0,625.500000,406.500000,745.500000,577.500000,38.799999,120.000000,171.000000,208.904284,-0.958894,-54.940573,0.928249
679,22.633333,detected,OK,1,4,detected,TRACKED,MATCHED_EXISTING_ID,0,1,0,628.000000,408.500000,746.500000,579.500000,39.299999,118.500000,171.000000,208.046269,-0.964796,-55.278720,0.185212
680,22.666667,detected,OK,1,4,detected,TRACKED,MATCHED_EXISTING_ID,0,1,0,630.000000,409.000000,747.500000,582.500000,34.900002,117.500000,173.500000,209.543552,-0.975514,-55.892830,0.164836
681,22.700000,detected,OK,1,4,detected,TRACKED,MATCHED_EXISTING_ID,0,1,0,633.000000,412.500000,748.500000,588.500000,35.500000,115.500000,176.000000,210.514251,-0.990040,-56.725112,0.317074
682,22.733333,detected,OK,1,4,detected,TRACKED,MATCHED_EXISTING_ID,0,1,0,634.000000,413.000000,747.500000,587.500000,39.299999,113.500000,174.500000,208.164598,-0.994119,-56.958824,0.408326
683,22.766667,detected,OK,1,4,detected,TRACKED,MATCHED_EXISTING_ID,0,1,0,635.500000,414.000000,751.500000,588.500000,36.500000,116.000000,174.500000,209.538183,-0.984117,-56.385771,1.051761
684,22.800000,detected,OK,1,4,detected,TRACKED,MATCHED_EXISTING_ID,0,1,0,638.000000,413.000000,751.500000,589.500000,36.599998,113.500000,176.500000,209.843990,-0.999316,-57.256571,0.812797
685,22.833333,detected,OK,1,4,detected,TRACKED,MATCHED_EXISTING_ID,0,1,0,639.500000,412.500000,748.500000,588.500000,36.900002,109.000000,176.000000,207.019323,-1.016293,-58.229314,0.589621
686,22.866667,detected,OK,1,4,detected,TRACKED,MATCHED_EXISTING_ID,0,1,0,642.000000,412.500000,748.500000,593.500000,36.599998,106.500000,181.000000,210.007738,-1.038952,-59.527539,0.679254
687,22.900000,detected,OK,1,4,detected,TRACKED,MATCHED_EXISTING_ID,0,1,0,643.000000,412.500000,748.500000,592.500000,37.900002,105.500000,180.000000,208.639042,-1.040652,-59.624959,0.793252
688,22.933333,detected,OK,1,4,detected,TRACKED,MATCHED_EXISTING_ID,0,1,0,645.500000,412.000000,752.500000,592.500000,37.400002,107.000000,180.500000,209.831480,-1.035689,-59.340632,0.857698
689,22.966667,detected,OK,1,4,detected,TRACKED,MATCHED_EXISTING_ID,0,1,0,647.500000,411.500000,750.500000,592.500000,39.099998,103.000000,181.000000,208.254652,-1.053437,-60.357493,0.786570
690,23.000000,detected,OK,1,4,detected,TRACKED,MATCHED_EXISTING_ID,0,1,0,650.000000,411.000000,750.500000,594.500000,38.500000,100.500000,183.500000,209.218785,-1.069733,-61.291188,0.388775
691,23.033333,detected,OK,1,4,detected,TRACKED,MATCHED_EXISTING_ID,0,1,0,650.000000,410.500000,750.500000,594.500000,34.900002,100.500000,184.000000,209.657459,-1.070879,-61.356825,0.634793
692,23.066667,detected,OK,1,4,detected,TRACKED,MATCHED_EXISTING_ID,0,1,0,652.000000,410.500000,750.500000,594.500000,38.200001,98.500000,184.000000,208.706133,-1.079289,-61.838695,0.035358
693,23.100000,detected,OK,1,4,detected,TRACKED,MATCHED_EXISTING_ID,0,1,0,652.000000,410.500000,748.500000,595.500000,39.000000,96.500000,185.000000,208.655817,-1.090001,-62.452481,0.153130
694,23.133333,detected,OK,1,4,detected,TRACKED,MATCHED_EXISTING_ID,0,1,0,652.000000,410.500000,746.500000,594.500000,36.599998,94.500000,184.000000,206.848374,-1.096338,-62.815559,0.158829
695,23.166667,detected,OK,1,4,detected,TRACKED,MATCHED_EXISTING_ID,0,1,0,653.500000,410.500000,747.500000,597.500000,34.700001,94.000000,187.000000,209.296440,-1.105012,-63.312522,0.038587
696,23.200000,detected,OK,1,4,detected,TRACKED,MATCHED_EXISTING_ID,0,1,0,655.000000,409.500000,744.500000,598.500000,37.500000,89.500000,189.000000,209.120181,-1.128536,-64.660340,0.874007
697,23.233333,detected,OK,1,4,detected,TRACKED,MATCHED_EXISTING_ID,0,1,0,656.000000,409.000000,747.500000,600.500000,36.299999,91.500000,191.500000,212.236896,-1.125060,-64.461212,1.022541
698,23.266667,detected,OK,1,4,detected,TRACKED,MATCHED_EXISTING_ID,0,1,0,657.500000,409.000000,748.500000,597.500000,37.700001,91.000000,188.500000,209.316148,-1.121037,-64.230672,0.644937
699,23.300000,detected,OK,1,4,detected,TRACKED,MATCHED_EXISTING_ID,0,1,0,660.000000,408.500000,744.500000,599.500000,37.200001,84.500000,191.000000,208.857009,-1.154274,-66.135000,1.747905
700,23.333333,detected,OK,1,4,detected,TRACKED,MATCHED_EXISTING_ID,0,1,0,661.500000,408.000000,747.500000,602.500000,36.400002,86.000000,194.500000,212.664642,-1.154482,-66.146932,0.843652
701,23.366667,detected,OK,1,4,detected,TRACKED,MATCHED_EXISTING_ID,0,1,0,664.000000,407.500000,747.500000,597.500000,36.400002,83.500000,190.000000,207.538551,-1.156730,-66.275775,0.389281
702,23.400000,detected,OK,1,4,detected,TRACKED,MATCHED_EXISTING_ID,0,1,0,667.500000,406.500000,748.500000,600.500000,34.599998,81.000000,194.000000,210.230826,-1.175273,-67.338206,0.700020
703,23.433333,detected,OK,1,4,detected,TRACKED,MATCHED_EXISTING_ID,0,1,0,668.500000,406.000000,748.500000,599.500000,34.599998,80.000000,193.500000,209.385410,-1.178761,-67.538003,0.442622
704,23.466667,detected,OK,0,4,lost,LOST,NO_VALID_TARGET,1,1,,672.500000,405.500000,,,,,,,,,
705,23.500000,detected,OK,0,4,lost,HOLD,NO_VALID_TARGET,2,1,,676.000000,405.500000,,,,,,,,,
706,23.533333,detected,OK,0,4,lost,HOLD,NO_VALID_TARGET,3,1,,680.000000,405.500000,,,,,,,,,
707,23.566667,detected,OK,1,4,lost,HOLD,NO_MATCH,4,1,,682.500000,406.500000,,,,,,,,,
708,23.600000,detected,OK,1,4,lost,HOLD,NO_MATCH,5,1,,684.000000,407.000000,,,,,,,,,
709,23.633333,detected,OK,1,4,lost,HOLD,NO_MATCH,6,1,,688.000000,407.500000,,,,,,,,,
710,23.666667,detected,OK,1,4,lost,HOLD,NO_MATCH,7,1,,692.000000,409.000000,,,,,,,,,
711,23.700000,detected,OK,1,4,lost,RELEASED,NO_MATCH,8,0,,682.500000,454.500000,,,,,,,,,
712,23.733333,detected,OK,1,5,detected,ACQUIRED,NEW_TRACK_SEGMENT,0,1,0,672.000000,494.000000,743.500000,338.500000,35.099998,71.500000,-155.500000,171.150519,1.139817,65.306694,
713,23.766667,detected,OK,1,5,detected,TRACKED,MATCHED_EXISTING_ID,0,1,0,656.500000,536.000000,724.500000,380.500000,34.400002,68.000000,-155.500000,169.718149,1.158555,66.380288,1.073594
714,23.800000,detected,OK,1,5,detected,TRACKED,MATCHED_EXISTING_ID,0,1,0,618.500000,612.500000,694.500000,458.500000,34.900002,76.000000,-154.000000,171.732350,1.112357,63.733362,3.720520
715,23.833333,detected,OK,1,5,detected,TRACKED,MATCHED_EXISTING_ID,0,1,0,586.500000,666.500000,665.500000,513.500000,34.599998,79.000000,-153.000000,172.191754,1.094162,62.690890,0.627858
716,23.866667,detected,OK,1,5,detected,TRACKED,MATCHED_EXISTING_ID,0,1,0,578.000000,685.500000,653.500000,532.500000,34.599998,75.500000,-153.000000,170.614331,1.112391,63.735317,1.710185
717,23.900000,detected,OK,1,5,detected,TRACKED,MATCHED_EXISTING_ID,0,1,0,566.000000,711.500000,643.500000,559.500000,32.700001,77.500000,-152.000000,170.617262,1.099285,62.984402,0.769232
718,23.933333,detected,OK,1,5,detected,TRACKED,MATCHED_EXISTING_ID,0,1,0,562.500000,719.500000,643.500000,569.500000,34.400002,81.000000,-150.000000,170.472872,1.075663,61.630954,1.064072
719,23.966667,detected,OK,1,5,detected,TRACKED,MATCHED_EXISTING_ID,0,1,0,550.500000,735.500000,638.500000,582.500000,33.799999,88.000000,-153.000000,176.502125,1.048839,60.094063,0.821886
720,24.000000,detected,OK,1,5,detected,TRACKED,MATCHED_EXISTING_ID,0,1,0,546.000000,741.500000,633.500000,592.500000,31.600000,87.500000,-149.000000,172.792506,1.039806,59.576485,0.526182
721,24.033333,detected,OK,1,5,detected,TRACKED,MATCHED_EXISTING_ID,0,1,0,542.000000,747.500000,625.500000,597.500000,33.000000,83.500000,-150.000000,171.674838,1.062849,60.896771,2.153573
722,24.066667,detected,OK,1,5,detected,TRACKED,MATCHED_EXISTING_ID,0,1,0,542.000000,753.500000,635.500000,603.500000,33.799999,93.500000,-150.000000,176.754774,1.013396,58.063337,2.861577
723,24.100000,detected,OK,1,5,detected,TRACKED,MATCHED_EXISTING_ID,0,1,0,544.000000,753.500000,637.500000,602.500000,35.099998,93.500000,-151.000000,177.604195,1.016375,58.233989,1.287140
724,24.133333,detected,OK,1,5,detected,TRACKED,MATCHED_EXISTING_ID,0,1,0,548.000000,745.500000,643.500000,600.500000,31.799999,95.500000,-145.000000,173.623875,0.988385,56.630273,1.002084
725,24.166667,detected,OK,1,5,detected,TRACKED,MATCHED_EXISTING_ID,0,1,0,548.500000,741.500000,646.500000,595.500000,34.900002,98.000000,-146.000000,175.840837,0.979639,56.129189,0.501382
726,24.200000,detected,OK,1,5,detected,TRACKED,MATCHED_EXISTING_ID,0,1,0,548.000000,738.500000,646.500000,591.500000,34.700001,98.500000,-147.000000,176.949852,0.980443,56.175225,0.847948
727,24.233333,detected,OK,1,5,detected,TRACKED,MATCHED_EXISTING_ID,0,1,0,546.500000,733.500000,644.500000,585.500000,32.700001,98.000000,-148.000000,177.504930,0.985919,56.488981,0.776490
728,24.266667,detected,OK,1,5,detected,TRACKED,MATCHED_EXISTING_ID,0,1,0,545.000000,729.500000,639.500000,585.500000,32.099998,94.500000,-144.000000,172.238933,0.990040,56.725112,0.388268
729,24.300000,detected,OK,1,5,detected,TRACKED,MATCHED_EXISTING_ID,0,1,0,545.500000,720.500000,644.500000,577.500000,34.700001,99.000000,-143.000000,173.925271,0.965252,55.304846,1.423435
730,24.333333,detected,OK,1,5,detected,TRACKED,MATCHED_EXISTING_ID,0,1,0,544.500000,719.000000,647.500000,575.500000,33.799999,103.000000,-143.500000,176.638756,0.948243,54.330348,0.408294
731,24.366667,detected,OK,1,5,detected,TRACKED,MATCHED_EXISTING_ID,0,1,0,546.000000,718.500000,653.500000,575.500000,34.400002,107.500000,-143.000000,178.900112,0.926177,53.066049,0.534777
732,24.400000,detected,OK,1,5,detected,TRACKED,MATCHED_EXISTING_ID,0,1,0,548.000000,717.500000,651.500000,576.500000,33.799999,103.500000,-141.000000,174.909262,0.937586,53.719747,1.597130
733,24.433333,detected,OK,1,5,detected,TRACKED,MATCHED_EXISTING_ID,0,1,0,548.000000,717.500000,657.500000,578.500000,31.799999,109.500000,-139.000000,176.949852,0.903557,51.770028,1.645137
734,24.466667,detected,OK,1,5,detected,TRACKED,MATCHED_EXISTING_ID,0,1,0,548.000000,718.500000,656.500000,580.500000,35.099998,108.500000,-138.000000,175.545578,0.904507,51.824442,1.017049
735,24.500000,detected,OK,1,5,detected,TRACKED,MATCHED_EXISTING_ID,0,1,0,548.000000,719.000000,657.500000,579.500000,33.799999,109.500000,-139.500000,177.342888,0.905302,51.869992,0.601367
736,24.533333,detected,OK,1,5,detected,TRACKED,MATCHED_EXISTING_ID,0,1,0,544.000000,717.500000,658.500000,582.500000,32.900002,114.500000,-135.000000,177.017654,0.867378,49.697118,1.857605
737,24.566667,detected,OK,1,5,detected,TRACKED,MATCHED_EXISTING_ID,0,1,0,542.500000,717.000000,656.500000,576.500000,32.900002,114.000000,-140.500000,180.931617,0.889150,50.944543,2.305736
738,24.600000,detected,OK,1,5,detected,TRACKED,MATCHED_EXISTING_ID,0,1,0,539.500000,715.500000,654.500000,576.500000,32.700001,115.000000,-139.000000,180.405100,0.879607,50.397749,0.410778
739,24.633333,detected,OK,1,5,detected,TRACKED,MATCHED_EXISTING_ID,0,1,0,536.500000,711.500000,652.500000,576.500000,34.299999,116.000000,-135.000000,177.991573,0.860951,49.328875,0.768546
740,24.666667,detected,OK,1,5,detected,TRACKED,MATCHED_EXISTING_ID,0,1,0,536.000000,709.500000,653.500000,576.500000,35.200001,117.500000,-133.000000,177.469011,0.847196,48.540734,0.180395
741,24.700000,detected,OK,1,5,detected,TRACKED,MATCHED_EXISTING_ID,0,1,0,534.000000,705.500000,653.500000,573.500000,35.200001,119.500000,-132.000000,178.056873,0.835059,47.845361,0.015468
742,24.733333,detected,OK,1,5,detected,TRACKED,MATCHED_EXISTING_ID,0,1,0,533.500000,702.500000,653.500000,569.500000,34.299999,120.000000,-133.000000,179.134028,0.836736,47.941465,0.782195
743,24.766667,detected,OK,1,5,detected,TRACKED,MATCHED_EXISTING_ID,0,1,0,532.500000,700.000000,652.500000,569.500000,33.799999,120.000000,-130.500000,177.285786,0.827290,47.400214,0.168037
744,24.800000,detected,OK,1,5,detected,TRACKED,MATCHED_EXISTING_ID,0,1,0,528.500000,697.000000,649.500000,567.500000,32.700001,121.000000,-129.500000,177.232192,0.819317,46.943423,0.016364
745,24.833333,detected,OK,1,5,detected,TRACKED,MATCHED_EXISTING_ID,0,1,0,527.000000,695.000000,648.500000,566.500000,32.099998,121.500000,-128.500000,176.845978,0.813391,46.603863,0.107414
746,24.866667,detected,OK,1,5,detected,TRACKED,MATCHED_EXISTING_ID,0,1,0,524.500000,693.000000,653.500000,566.500000,32.400002,129.000000,-126.500000,180.674431,0.775614,44.439394,1.760461
747,24.900000,detected,OK,1,5,detected,TRACKED,MATCHED_EXISTING_ID,0,1,0,524.500000,692.000000,654.500000,562.500000,32.400002,130.000000,-129.500000,183.494550,0.783471,44.889604,1.558402
748,24.933333,detected,OK,1,5,detected,TRACKED,MATCHED_EXISTING_ID,0,1,0,523.500000,691.500000,657.500000,564.500000,34.400002,134.000000,-127.000000,184.621234,0.758585,43.463700,0.941072
749,24.966667,detected,OK,1,5,detected,TRACKED,MATCHED_EXISTING_ID,0,1,0,522.000000,691.000000,656.500000,563.500000,34.700001,134.500000,-127.500000,185.328087,0.758687,43.469561,0.867121
750,25.000000,detected,OK,1,5,detected,TRACKED,MATCHED_EXISTING_ID,0,1,0,520.500000,687.500000,654.500000,563.500000,37.099998,134.000000,-124.000000,182.570534,0.746658,42.780344,0.174804
751,25.033333,detected,OK,1,5,detected,TRACKED,MATCHED_EXISTING_ID,0,1,0,519.000000,684.500000,649.500000,562.500000,32.700001,130.500000,-122.000000,178.645599,0.751748,43.071959,0.875948
752,25.066667,detected,OK,1,5,detected,TRACKED,MATCHED_EXISTING_ID,0,1,0,518.500000,682.500000,659.500000,560.500000,33.000000,141.000000,-122.000000,186.453748,0.713280,40.867940,1.970065
753,25.100000,detected,OK,1,5,detected,TRACKED,MATCHED_EXISTING_ID,0,1,0,516.500000,679.500000,655.500000,557.500000,32.700001,139.000000,-122.000000,184.945938,0.720356,41.273355,1.427396
754,25.133333,detected,OK,1,5,detected,TRACKED,MATCHED_EXISTING_ID,0,1,0,515.000000,679.500000,652.500000,560.500000,34.299999,137.500000,-119.000000,181.844027,0.713398,40.874699,0.052366
755,25.166667,detected,OK,1,5,detected,TRACKED,MATCHED_EXISTING_ID,0,1,0,512.000000,677.000000,650.500000,558.500000,34.400002,138.500000,-118.500000,182.275890,0.707734,40.550153,0.105529
756,25.200000,detected,OK,1,5,detected,TRACKED,MATCHED_EXISTING_ID,0,1,0,510.000000,675.500000,648.500000,558.500000,33.599998,138.500000,-117.000000,181.304302,0.701447,40.189965,0.027676
757,25.233333,detected,OK,1,5,detected,TRACKED,MATCHED_EXISTING_ID,0,1,0,508.000000,674.000000,651.500000,555.500000,32.700001,143.500000,-118.500000,186.103466,0.690266,39.549348,0.263823
758,25.266667,detected,OK,1,5,detected,TRACKED,MATCHED_EXISTING_ID,0,1,0,508.000000,673.500000,651.500000,555.500000,32.700001,143.500000,-118.000000,185.785495,0.688191,39.430449,0.363424
759,25.300000,detected,OK,1,5,detected,TRACKED,MATCHED_EXISTING_ID,0,1,0,507.000000,671.500000,652.500000,560.500000,31.900000,145.500000,-111.000000,183.006147,0.651698,37.339525,1.753971
760,25.333333,detected,OK,1,5,detected,TRACKED,MATCHED_EXISTING_ID,0,1,0,507.000000,670.500000,650.500000,558.500000,33.799999,143.500000,-112.000000,182.033651,0.662730,37.971604,1.670621
761,25.366667,detected,OK,1,5,detected,TRACKED,MATCHED_EXISTING_ID,0,1,0,508.500000,669.000000,656.500000,554.500000,32.700001,148.000000,-114.500000,187.120950,0.658465,37.727280,0.125969
762,25.400000,detected,OK,1,5,detected,TRACKED,MATCHED_EXISTING_ID,0,1,0,508.500000,667.000000,659.500000,554.500000,32.700001,151.000000,-112.500000,188.300956,0.640315,36.687331,0.720043
763,25.433333,detected,OK,1,5,detected,TRACKED,MATCHED_EXISTING_ID,0,1,0,508.500000,665.500000,659.500000,554.500000,32.700001,151.000000,-111.000000,187.408644,0.633896,36.319582,0.240174
764,25.466667,detected,OK,1,5,detected,TRACKED,MATCHED_EXISTING_ID,0,1,0,508.000000,663.500000,659.500000,558.500000,32.099998,151.500000,-105.000000,184.329189,0.606059,34.724642,1.083086
765,25.500000,detected,OK,1,5,detected,TRACKED,MATCHED_EXISTING_ID,0,1,0,506.500000,661.500000,662.500000,554.500000,34.799999,156.000000,-107.000000,189.169236,0.601198,34.446126,0.666572
766,25.533333,detected,OK,1,5,detected,TRACKED,MATCHED_EXISTING_ID,0,1,0,505.000000,660.500000,661.500000,554.500000,34.900002,156.500000,-106.000000,189.019179,0.595339,34.110425,0.342758
767,25.566667,detected,OK,1,5,detected,TRACKED,MATCHED_EXISTING_ID,0,1,0,504.000000,657.500000,662.500000,552.500000,34.900002,158.500000,-105.000000,190.124301,0.585085,33.522903,0.046166
768,25.600000,detected,OK,1,5,detected,TRACKED,MATCHED_EXISTING_ID,0,1,0,504.000000,657.000000,658.500000,553.500000,34.900002,154.500000,-103.500000,185.963706,0.590240,33.818246,0.855165
769,25.633333,detected,OK,1,5,detected,TRACKED,MATCHED_EXISTING_ID,0,1,0,504.000000,653.500000,660.500000,552.500000,35.099998,156.500000,-101.000000,186.261241,0.573112,32.836880,0.763609
770,25.666667,detected,OK,1,5,detected,TRACKED,MATCHED_EXISTING_ID,0,1,0,504.000000,651.500000,663.500000,555.500000,34.400002,159.500000,-96.000000,186.161892,0.541801,31.042931,1.270749
771,25.700000,detected,OK,1,5,detected,TRACKED,MATCHED_EXISTING_ID,0,1,0,504.000000,649.000000,667.500000,548.500000,34.700001,163.500000,-100.500000,191.917951,0.551143,31.578165,1.566734
772,25.733333,detected,OK,1,5,detected,TRACKED,MATCHED_EXISTING_ID,0,1,0,503.000000,647.000000,664.500000,546.500000,32.900002,161.500000,-100.500000,190.216981,0.556649,31.893633,0.720275
773,25.766667,detected,OK,1,5,detected,TRACKED,MATCHED_EXISTING_ID,0,1,0,501.500000,644.500000,663.500000,545.500000,33.200001,162.000000,-99.000000,189.855208,0.548549,31.429566,0.347372
774,25.800000,detected,OK,1,5,detected,TRACKED,MATCHED_EXISTING_ID,0,1,0,499.000000,641.500000,666.500000,545.500000,34.900002,167.500000,-96.000000,193.060224,0.520431,29.818503,1.355418
775,25.833333,detected,OK,1,5,detected,TRACKED,MATCHED_EXISTING_ID,0,1,0,498.000000,639.500000,658.500000,546.500000,33.799999,160.500000,-93.000000,185.497305,0.525164,30.089686,1.068996
776,25.866667,detected,OK,1,5,detected,TRACKED,MATCHED_EXISTING_ID,0,1,0,496.000000,637.000000,664.500000,544.500000,35.200001,168.500000,-92.500000,192.219926,0.502045,28.765088,0.954385
777,25.900000,detected,OK,1,5,detected,TRACKED,MATCHED_EXISTING_ID,0,1,0,496.000000,635.500000,664.500000,544.500000,31.500000,168.500000,-91.000000,191.502611,0.495179,28.371679,0.358559
778,25.933333,detected,OK,1,5,detected,TRACKED,MATCHED_EXISTING_ID,0,1,0,495.000000,635.000000,659.500000,545.500000,33.599998,164.500000,-89.500000,187.271194,0.498281,28.549416,0.786281
779,25.966667,detected,OK,1,5,detected,TRACKED,MATCHED_EXISTING_ID,0,1,0,494.500000,636.000000,664.500000,549.500000,32.900002,170.000000,-86.500000,190.741317,0.470681,26.968063,1.287321
780,26.000000,detected,OK,1,5,detected,TRACKED,MATCHED_EXISTING_ID,0,1,0,492.500000,639.500000,665.500000,553.500000,34.700001,173.000000,-86.000000,193.196791,0.461333,26.432422,0.273320
781,26.033333,detected,OK,1,5,detected,TRACKED,MATCHED_EXISTING_ID,0,1,0,491.000000,641.000000,664.500000,554.500000,34.599998,173.500000,-86.500000,193.867223,0.462494,26.498966,0.766176
782,26.066667,detected,OK,1,5,detected,TRACKED,MATCHED_EXISTING_ID,0,1,0,488.500000,641.000000,663.500000,556.500000,34.299999,175.000000,-84.500000,194.332833,0.449840,25.773905,0.331899
783,26.100000,detected,OK,1,5,detected,TRACKED,MATCHED_EXISTING_ID,0,1,0,487.500000,639.500000,662.500000,556.500000,35.200001,175.000000,-83.000000,193.685312,0.442865,25.374317,0.126333
784,26.133333,detected,OK,1,5,detected,TRACKED,MATCHED_EXISTING_ID,0,1,0,487.000000,635.500000,664.500000,553.500000,34.400002,177.500000,-82.000000,195.525574,0.432765,24.795607,0.103322
785,26.166667,detected,OK,1,5,detected,TRACKED,MATCHED_EXISTING_ID,0,1,0,486.500000,633.500000,661.500000,554.500000,33.000000,175.000000,-79.000000,192.005208,0.424041,24.295776,0.016886
786,26.200000,detected,OK,0,5,lost,LOST,NO_VALID_TARGET,1,1,,488.000000,629.500000,,,,,,,,,
787,26.233333,detected,OK,0,5,lost,HOLD,NO_VALID_TARGET,2,1,,485.500000,627.000000,,,,,,,,,
788,26.266667,detected,OK,0,5,lost,HOLD,NO_VALID_TARGET,3,1,,486.000000,626.000000,,,,,,,,,
789,26.300000,detected,OK,0,5,lost,HOLD,NO_VALID_TARGET,4,1,,487.000000,623.500000,,,,,,,,,
790,26.333333,detected,OK,0,5,lost,HOLD,NO_VALID_TARGET,5,1,,486.500000,623.000000,,,,,,,,,
791,26.366667,detected,OK,0,5,lost,HOLD,NO_VALID_TARGET,6,1,,486.500000,622.000000,,,,,,,,,
792,26.400000,detected,OK,0,5,lost,HOLD,NO_VALID_TARGET,7,1,,486.000000,621.000000,,,,,,,,,
793,26.433333,detected,OK,0,5,lost,RELEASED,NO_VALID_TARGET,8,0,,484.500000,621.000000,,,,,,,,,
794,26.466667,detected,OK,0,,waiting,NONE,WAITING_FOR_TARGET,0,0,,482.000000,621.000000,,,,,,,,,
795,26.500000,detected,OK,0,,waiting,NONE,WAITING_FOR_TARGET,0,0,,481.500000,620.500000,,,,,,,,,
