frame,r_state,r_reason,r_x,r_y,r_score,candidate_count,local_index,target_x,target_y,target_radius,geometry_valid,dx_img,dy_img,distance_px,angle_rad,angle_deg
0,detected,OK,790.000000,757.500000,0.881567,2,0,640.500000,908.500000,40.200001,1,-149.500000,151.000000,212.488235,-2.351203,-134.714000
0,detected,OK,790.000000,757.500000,0.881567,2,1,830.500000,598.500000,32.900002,1,40.500000,-159.000000,164.076964,1.321383,75.709675
1,detected,OK,792.000000,754.000000,0.846639,2,0,646.500000,906.500000,38.000000,1,-145.500000,152.500000,210.775947,-2.332709,-133.654373
1,detected,OK,792.000000,754.000000,0.846639,2,1,832.500000,593.500000,34.599998,1,40.500000,-160.500000,165.530964,1.323620,75.837832
2,detected,OK,793.000000,751.500000,0.879688,2,0,648.500000,906.500000,39.400002,1,-144.500000,155.000000,211.908589,-2.321150,-132.992122
2,detected,OK,793.000000,751.500000,0.879688,2,1,829.500000,593.500000,33.799999,1,36.500000,-158.000000,162.161185,1.343766,76.992142
3,detected,OK,807.000000,741.500000,0.878633,2,0,683.500000,914.500000,38.000000,1,-123.500000,173.000000,212.558815,-2.190772,-125.522010
3,detected,OK,807.000000,741.500000,0.878633,2,1,820.500000,579.500000,34.700001,1,13.500000,-162.000000,162.561527,1.487655,85.236358
4,detected,OK,808.000000,743.500000,0.882442,2,0,818.500000,579.500000,33.799999,1,10.500000,-164.000000,164.335784,1.506859,86.336673
4,detected,OK,808.000000,743.500000,0.882442,2,1,684.500000,918.500000,35.299999,1,-123.500000,175.000000,214.189752,-2.185347,-125.211165
5,detected,OK,808.000000,743.500000,0.880760,2,0,817.500000,578.500000,34.400002,1,9.500000,-165.000000,165.273259,1.513284,86.704790
5,detected,OK,808.000000,743.500000,0.880760,2,1,687.500000,921.500000,37.099998,1,-120.500000,178.000000,214.951739,-2.165896,-124.096676
6,detected,OK,816.500000,743.500000,0.910006,2,0,700.500000,925.500000,38.000000,1,-116.000000,182.000000,215.824002,-2.138236,-122.511914
6,detected,OK,816.500000,743.500000,0.910006,2,1,810.500000,582.500000,34.299999,1,-6.000000,-161.000000,161.111762,1.608046,92.134259
7,detected,OK,819.000000,743.000000,0.906885,2,0,707.500000,926.500000,39.599998,1,-111.500000,183.500000,214.719585,-2.116807,-121.284097
7,detected,OK,819.000000,743.000000,0.906885,2,1,814.500000,579.500000,34.400002,1,-4.500000,-163.500000,163.561915,1.598312,91.576550
8,detected,OK,821.500000,743.000000,0.879555,2,0,711.500000,926.500000,40.200001,1,-110.000000,183.500000,213.944502,-2.110815,-120.940792
8,detected,OK,821.500000,743.000000,0.879555,2,1,810.500000,578.500000,34.900002,1,-11.000000,-164.500000,164.867371,1.637566,93.825633
9,detected,OK,824.000000,743.500000,0.882507,2,0,717.500000,927.500000,38.500000,1,-106.500000,184.000000,212.598801,-2.095485,-120.062445
9,detected,OK,824.000000,743.500000,0.882507,2,1,816.500000,579.500000,33.299999,1,-7.500000,-164.000000,164.171404,1.616496,92.618409
10,detected,OK,826.000000,743.500000,0.880995,2,0,812.500000,583.500000,31.500000,1,-13.500000,-160.000000,160.568521,1.654972,94.822908
10,detected,OK,826.000000,743.500000,0.880995,2,1,720.500000,930.500000,34.400002,1,-105.500000,187.000000,214.707359,-2.084454,-119.430436
11,detected,OK,836.000000,742.500000,0.879163,2,0,816.500000,579.500000,34.900002,1,-19.500000,-163.000000,164.162267,1.689862,96.821981
11,detected,OK,836.000000,742.500000,0.879163,2,1,736.500000,931.500000,36.900002,1,-99.500000,189.000000,213.591315,-2.055383,-117.764787
12,detected,OK,837.000000,741.500000,0.879047,2,0,814.500000,582.500000,32.099998,1,-22.500000,-159.000000,160.584090,1.711372,98.054414
12,detected,OK,837.000000,741.500000,0.879047,2,1,740.500000,935.500000,36.400002,1,-96.500000,194.000000,216.675449,-2.032380,-116.446794
13,detected,OK,839.000000,741.500000,0.879731,2,0,744.500000,935.500000,40.500000,1,-94.500000,194.000000,215.792145,-2.024082,-115.971334
13,detected,OK,839.000000,741.500000,0.879731,2,1,813.500000,580.500000,33.799999,1,-25.500000,-161.000000,163.006902,1.727877,99.000036
14,detected,OK,841.500000,739.000000,0.884110,2,0,750.500000,935.500000,35.799999,1,-91.000000,196.500000,216.548493,-2.004494,-114.849059
14,detected,OK,841.500000,739.000000,0.884110,2,1,814.500000,578.500000,33.500000,1,-27.000000,-160.500000,162.755184,1.737460,99.549134
15,detected,OK,842.000000,737.500000,0.882960,2,0,755.500000,936.500000,37.700001,1,-86.500000,199.000000,216.986751,-1.980832,-113.493301
15,detected,OK,842.000000,737.500000,0.882960,2,1,813.500000,576.500000,35.099998,1,-28.500000,-161.000000,163.503058,1.746000,100.038429
16,detected,OK,846.500000,725.500000,0.911562,2,0,773.500000,929.500000,37.900002,1,-73.000000,204.000000,216.667949,-1.914441,-109.689400
16,detected,OK,846.500000,725.500000,0.911562,2,1,803.500000,567.500000,32.200001,1,-43.000000,-158.000000,163.746756,1.836513,105.224430
17,detected,OK,847.000000,725.500000,0.881155,2,0,773.500000,928.500000,40.799999,1,-73.500000,203.000000,215.896387,-1.918182,-109.903750
17,detected,OK,847.000000,725.500000,0.881155,2,1,803.500000,567.500000,34.400002,1,-43.500000,-158.000000,163.878766,1.839457,105.393107
18,detected,OK,848.000000,723.500000,0.880448,2,0,777.500000,927.500000,40.500000,1,-70.500000,204.000000,215.838481,-1.903535,-109.064547
18,detected,OK,848.000000,723.500000,0.880448,2,1,799.500000,567.500000,32.200001,1,-48.500000,-156.000000,163.365388,1.872221,107.270335
19,detected,OK,860.000000,708.000000,0.851169,2,0,811.500000,918.500000,40.000000,1,-48.500000,210.500000,216.015046,-1.797248,-102.974736
19,detected,OK,860.000000,708.000000,0.851169,2,1,791.500000,557.500000,33.299999,1,-68.500000,-150.500000,165.355677,1.997924,114.472631
20,detected,OK,861.000000,708.000000,0.852239,2,0,793.500000,562.500000,32.000000,1,-67.500000,-145.500000,160.394825,2.005164,114.887412
20,detected,OK,861.000000,708.000000,0.852239,2,1,813.500000,918.500000,40.799999,1,-47.500000,210.500000,215.792725,-1.792732,-102.716001
21,detected,OK,862.000000,709.000000,0.908175,2,0,789.500000,562.500000,33.799999,1,-72.500000,-146.500000,163.457946,2.030340,116.329912
21,detected,OK,862.000000,709.000000,0.908175,2,1,815.500000,921.500000,36.000000,1,-46.500000,212.500000,217.528159,-1.786224,-102.343108
22,detected,OK,868.500000,707.500000,0.913452,2,0,781.500000,567.500000,34.400002,1,-87.000000,-140.000000,164.830216,2.126823,121.857999
22,detected,OK,868.500000,707.500000,0.913452,2,1,846.500000,923.500000,38.299999,1,-22.000000,216.000000,217.117480,-1.672298,-95.815627
23,detected,OK,868.500000,707.500000,0.912342,2,0,845.500000,923.500000,41.000000,1,-23.000000,216.000000,217.221086,-1.676878,-96.078037
23,detected,OK,868.500000,707.500000,0.912342,2,1,778.500000,568.500000,32.700001,1,-90.000000,-139.000000,165.592874,2.145399,122.922331
24,detected,OK,869.000000,707.500000,0.879349,2,0,847.500000,923.500000,40.900002,1,-21.500000,216.000000,217.067386,-1.670007,-95.684329
24,detected,OK,869.000000,707.500000,0.879349,2,1,779.500000,568.500000,34.900002,1,-89.500000,-139.000000,165.321656,2.142861,122.776873
25,detected,OK,874.500000,691.000000,0.877345,2,0,772.500000,561.500000,33.299999,1,-102.000000,-129.500000,164.846140,2.237958,128.225552
25,detected,OK,874.500000,691.000000,0.877345,2,1,873.500000,909.500000,38.799999,1,-1.000000,218.500000,218.502288,-1.575373,-90.262221
26,detected,OK,876.000000,689.000000,0.911532,2,0,874.500000,906.500000,41.000000,1,-1.500000,217.500000,217.505172,-1.577693,-90.395137
26,detected,OK,876.000000,689.000000,0.911532,2,1,770.500000,564.500000,32.200001,1,-105.500000,-124.500000,163.188541,2.273773,130.277593
27,detected,OK,876.000000,689.000000,0.911587,2,0,877.500000,905.500000,40.799999,1,1.500000,216.500000,216.505196,-1.563868,-89.603038
27,detected,OK,876.000000,689.000000,0.911587,2,1,769.500000,560.500000,35.200001,1,-106.500000,-128.500000,166.896675,2.262850,129.651728
28,detected,OK,877.500000,691.500000,0.854583,2,0,893.500000,907.500000,41.400002,1,16.000000,216.000000,216.591782,-1.496857,-85.763605
28,detected,OK,877.500000,691.500000,0.854583,2,1,757.500000,572.500000,33.799999,1,-120.000000,-119.000000,169.000000,2.360379,135.239730
29,detected,OK,878.500000,692.500000,0.913395,2,0,896.500000,908.500000,40.900002,1,18.000000,216.000000,216.748702,-1.487655,-85.236358
29,detected,OK,878.500000,692.500000,0.913395,2,1,754.500000,576.500000,33.299999,1,-124.000000,-116.000000,169.799882,2.389515,136.909152
30,detected,OK,878.500000,693.500000,0.915085,2,0,901.500000,909.500000,39.099998,1,23.000000,216.000000,217.221086,-1.464715,-83.921963
30,detected,OK,878.500000,693.500000,0.915085,2,1,755.500000,578.500000,34.900002,1,-123.000000,-115.000000,168.386460,2.389795,136.925184
31,detected,OK,878.500000,695.500000,0.912961,2,0,912.500000,911.500000,38.500000,1,34.000000,216.000000,218.659553,-1.414670,-81.054618
31,detected,OK,878.500000,695.500000,0.912961,2,1,747.500000,585.500000,34.900002,1,-131.000000,-110.000000,171.058470,2.443112,139.980000
32,detected,OK,878.500000,695.500000,0.917861,2,0,911.500000,911.500000,36.000000,1,33.000000,216.000000,218.506293,-1.419191,-81.313645
32,detected,OK,878.500000,695.500000,0.917861,2,1,746.500000,589.500000,35.000000,1,-132.000000,-106.000000,169.292646,2.465007,141.234480
33,detected,OK,878.500000,695.000000,0.880381,2,0,913.500000,911.500000,36.299999,1,35.000000,216.500000,219.310852,-1.410520,-80.816853
33,detected,OK,878.500000,695.000000,0.880381,2,1,748.500000,584.500000,35.500000,1,-130.000000,-110.500000,170.617262,2.437099,139.635463
34,detected,OK,856.500000,608.500000,0.869452,1,0,893.500000,821.500000,41.200001,1,37.000000,213.000000,216.189731,-1.398804,-80.145545
35,detected,OK,834.500000,574.500000,0.869912,1,0,868.500000,784.500000,39.799999,1,34.000000,210.000000,212.734576,-1.410284,-80.803344
36,detected,OK,812.500000,544.500000,0.868003,1,0,846.500000,754.500000,40.799999,1,34.000000,210.000000,212.734576,-1.410284,-80.803344
37,detected,OK,791.000000,517.500000,0.895984,2,0,825.500000,727.500000,40.900002,1,34.500000,210.000000,212.815061,-1.407965,-80.670460
37,detected,OK,791.000000,517.500000,0.895984,2,1,656.500000,414.500000,34.299999,1,-134.500000,-103.000000,169.408530,2.488056,142.555134
38,detected,OK,769.500000,493.500000,0.867219,2,0,800.500000,702.500000,37.700001,1,31.000000,209.000000,211.286535,-1.423545,-81.563096
38,detected,OK,769.500000,493.500000,0.867219,2,1,638.500000,389.500000,34.299999,1,-131.000000,-104.000000,167.263266,2.470587,141.554181
39,detected,OK,650.000000,418.000000,0.856746,1,0,685.500000,625.500000,39.799999,1,35.500000,207.500000,210.514845,-1.401352,-80.291583
40,detected,OK,637.000000,404.000000,0.915040,1,0,673.500000,611.500000,34.200001,1,36.500000,207.500000,210.685785,-1.396674,-80.023527
41,detected,OK,623.500000,390.000000,0.886320,1,0,659.500000,598.500000,40.299999,1,36.000000,208.500000,211.585089,-1.399820,-80.203790
42,detected,OK,612.500000,377.500000,0.915440,1,0,647.500000,584.500000,40.000000,1,35.000000,207.000000,209.938086,-1.403298,-80.403076
43,detected,OK,603.000000,370.000000,0.849741,1,0,640.500000,578.500000,34.799999,1,37.500000,208.500000,211.845463,-1.392843,-79.804012
44,detected,OK,597.500000,379.500000,0.849759,1,0,640.500000,586.500000,34.900002,1,43.000000,207.000000,211.419015,-1.365980,-78.264875
45,detected,OK,602.500000,389.000000,0.871137,1,0,648.500000,594.500000,34.700001,1,46.000000,205.500000,210.585493,-1.350582,-77.382659
46,detected,OK,606.000000,391.500000,0.881633,1,0,653.500000,597.500000,34.599998,1,47.500000,206.000000,211.405416,-1.344175,-77.015540
47,detected,OK,626.000000,415.500000,0.875762,1,0,677.500000,619.500000,39.500000,1,51.500000,204.000000,210.400214,-1.323512,-75.831663
48,detected,OK,631.000000,419.500000,0.876096,1,0,687.500000,622.500000,37.000000,1,56.500000,203.000000,210.716041,-1.299341,-74.446779
49,detected,OK,634.500000,423.000000,0.869390,1,0,689.500000,626.500000,34.700001,1,55.000000,203.500000,210.801447,-1.306833,-74.875993
50,detected,OK,638.000000,426.500000,0.870554,1,0,692.500000,630.500000,40.099998,1,54.500000,204.000000,211.154564,-1.309736,-75.042364
51,detected,OK,640.000000,433.000000,0.899915,1,0,697.500000,635.500000,35.000000,1,57.500000,202.500000,210.505344,-1.294128,-74.148072
52,detected,OK,641.000000,433.500000,0.874305,1,0,701.500000,635.500000,37.599998,1,60.500000,202.000000,210.865478,-1.279794,-73.326782
53,detected,OK,642.000000,433.000000,0.900467,1,0,698.500000,636.500000,37.200001,1,56.500000,203.500000,211.197775,-1.299976,-74.483150
54,detected,OK,642.000000,433.500000,0.876779,1,0,700.500000,636.500000,39.700001,1,58.500000,203.000000,211.261094,-1.290221,-73.924217
55,detected,OK,640.500000,433.500000,0.902735,1,0,701.500000,638.500000,36.400002,1,61.000000,205.000000,213.883146,-1.281579,-73.429049
56,detected,OK,641.000000,433.000000,0.899307,1,0,702.500000,634.500000,34.599998,1,61.500000,201.500000,210.676292,-1.274566,-73.027239
57,detected,OK,640.000000,431.000000,0.900209,1,0,705.500000,630.500000,37.400002,1,65.500000,199.500000,209.977380,-1.253564,-71.823916
58,detected,OK,637.000000,425.500000,0.874080,1,0,701.500000,626.500000,40.000000,1,64.500000,201.000000,211.095358,-1.260281,-72.208797
59,detected,OK,636.000000,423.500000,0.872592,1,0,698.500000,624.500000,37.200001,1,62.500000,201.000000,210.492874,-1.269328,-72.727165
60,detected,OK,636.000000,421.500000,0.876031,1,0,698.500000,621.500000,37.200001,1,62.500000,200.000000,209.538183,-1.267911,-72.645975
61,detected,OK,634.000000,419.000000,0.900067,1,0,700.500000,618.500000,39.099998,1,66.500000,199.500000,210.291464,-1.249046,-71.565051
62,detected,OK,634.000000,417.000000,0.897721,1,0,700.500000,616.500000,34.700001,1,66.500000,199.500000,210.291464,-1.249046,-71.565051
63,detected,OK,634.000000,415.000000,0.897043,1,0,701.500000,613.500000,35.000000,1,67.500000,198.500000,209.662825,-1.243013,-71.219379
64,detected,OK,634.000000,413.000000,0.897878,1,0,701.500000,611.500000,34.700001,1,67.500000,198.500000,209.662825,-1.243013,-71.219379
65,detected,OK,634.000000,407.000000,0.901815,1,0,705.500000,604.500000,34.900002,1,71.500000,197.500000,210.044043,-1.223449,-70.098462
66,detected,OK,633.500000,407.000000,0.872351,1,0,705.500000,603.500000,38.799999,1,72.000000,196.500000,209.275536,-1.219576,-69.876549
67,detected,OK,632.000000,407.000000,0.898634,1,0,709.500000,602.500000,37.000000,1,77.500000,195.500000,210.300975,-1.193380,-68.375663
68,detected,OK,631.000000,407.500000,0.870561,1,0,705.500000,603.500000,39.099998,1,74.500000,196.000000,209.681306,-1.207560,-69.188100
69,detected,OK,630.000000,408.000000,0.891610,1,0,706.500000,604.500000,34.599998,1,76.500000,196.500000,210.866071,-1.199537,-68.728391
70,detected,OK,630.000000,409.000000,0.893563,1,0,704.500000,604.500000,37.900002,1,74.500000,195.500000,209.214005,-1.206711,-69.139449
71,detected,OK,630.000000,409.000000,0.896906,1,0,707.500000,605.500000,35.000000,1,77.500000,196.500000,211.230916,-1.195125,-68.475623
72,detected,OK,630.000000,409.500000,0.870096,1,0,707.500000,605.500000,34.900002,1,77.500000,196.000000,210.765865,-1.194255,-68.425753
73,detected,OK,630.000000,410.500000,0.865310,1,0,707.500000,605.500000,39.200001,1,77.500000,195.000000,209.836246,-1.192502,-68.325351
74,detected,OK,630.500000,412.000000,0.859104,1,0,709.500000,607.500000,39.400002,1,79.000000,195.500000,210.858365,-1.186767,-67.996757
75,detected,OK,628.000000,419.000000,0.893607,1,0,709.500000,612.500000,34.900002,1,81.500000,193.500000,209.963092,-1.172158,-67.159727
76,detected,OK,628.000000,419.000000,0.892645,1,0,710.500000,612.500000,38.599998,1,82.500000,193.500000,210.353274,-1.167777,-66.908705
77,detected,OK,627.500000,419.000000,0.866151,1,0,707.500000,612.500000,37.200001,1,80.000000,193.500000,209.385410,-1.178761,-67.538003
78,detected,OK,628.000000,419.000000,0.896054,1,0,711.500000,612.500000,35.099998,1,83.500000,193.500000,210.747479,-1.163412,-66.658617
79,detected,OK,628.000000,421.000000,0.890079,1,0,713.500000,612.500000,38.500000,1,85.500000,191.500000,209.720051,-1.150877,-65.940423
80,detected,OK,628.000000,421.500000,0.872219,1,0,713.500000,613.500000,34.400002,1,85.500000,192.000000,210.176711,-1.151847,-65.995992
81,detected,OK,627.500000,421.000000,0.869451,1,0,716.500000,612.500000,37.299999,1,89.000000,191.500000,211.171139,-1.135743,-65.073259
82,detected,OK,626.000000,421.000000,0.891457,1,0,713.500000,611.500000,39.500000,1,87.500000,190.500000,209.634205,-1.140221,-65.329849
83,detected,OK,626.000000,421.000000,0.865001,0,-1,,,,0,,,,,
84,detected,OK,625.500000,421.000000,0.871023,1,0,713.500000,611.500000,39.400002,1,88.000000,190.500000,209.843394,-1.138056,-65.205789
85,detected,OK,624.000000,422.000000,0.889922,1,0,710.500000,612.500000,37.700001,1,86.500000,190.500000,209.218785,-1.144564,-65.578710
86,detected,OK,623.000000,423.500000,0.864074,1,0,709.500000,615.500000,37.099998,1,86.500000,192.000000,210.585493,-1.147509,-65.747443
87,detected,OK,618.000000,421.500000,0.866309,1,0,712.500000,609.500000,34.599998,1,94.500000,188.000000,210.414472,-1.105023,-63.313173
88,detected,OK,618.000000,422.000000,0.893284,1,0,712.500000,608.500000,39.400002,1,94.500000,186.500000,209.075345,-1.101801,-63.128557
89,detected,OK,618.000000,422.000000,0.894354,1,0,713.500000,611.500000,36.299999,1,95.500000,189.500000,212.203911,-1.103988,-63.253825
90,detected,OK,604.500000,427.000000,0.867560,1,0,703.500000,611.500000,38.500000,1,99.000000,184.500000,209.383022,-1.078311,-61.782644
91,detected,OK,604.000000,427.500000,0.875135,1,0,703.500000,612.500000,39.599998,1,99.500000,185.000000,210.060110,-1.077339,-61.726955
92,detected,OK,604.000000,428.000000,0.893783,1,0,703.500000,612.500000,39.099998,1,99.500000,184.500000,209.619894,-1.076209,-61.662220
93,detected,OK,594.500000,436.000000,0.863657,1,0,702.500000,617.500000,36.900002,1,108.000000,181.500000,211.201918,-1.034031,-59.245606
94,detected,OK,594.000000,437.000000,0.897623,1,0,699.500000,618.500000,34.400002,1,105.500000,181.500000,209.934514,-1.044265,-59.831967
95,detected,OK,593.000000,437.000000,0.899125,1,0,696.500000,618.500000,37.700001,1,103.500000,181.500000,208.936593,-1.052541,-60.306139
96,detected,OK,580.000000,445.500000,0.875739,1,0,690.500000,624.500000,38.500000,1,110.500000,179.000000,210.359811,-1.017740,-58.312202
97,detected,OK,578.000000,447.500000,0.875145,1,0,689.500000,623.500000,36.799999,1,111.500000,176.000000,208.346466,-1.006092,-57.644812
98,detected,OK,576.000000,447.500000,0.876210,1,0,683.500000,626.500000,36.599998,1,107.500000,179.000000,208.799545,-1.029966,-59.012713
99,detected,OK,568.500000,454.000000,0.866712,1,0,683.500000,632.500000,36.299999,1,115.000000,178.500000,212.337585,-0.998468,-57.208029
100,detected,OK,568.000000,455.000000,0.903597,1,0,682.500000,630.500000,34.400002,1,114.500000,175.500000,209.548324,-0.992721,-56.878700
101,detected,OK,567.500000,456.500000,0.899689,1,0,682.500000,629.500000,39.900002,1,115.000000,173.000000,207.735409,-0.984129,-56.386429
102,detected,OK,560.500000,467.500000,0.901317,1,0,747.500000,426.500000,34.900002,1,187.000000,-41.000000,191.441897,0.215836,12.366497
103,detected,OK,560.000000,468.500000,0.867005,1,0,748.500000,428.500000,37.799999,1,188.500000,-40.000000,192.697301,0.209100,11.980539
104,detected,OK,560.000000,467.500000,0.867215,1,0,746.500000,426.500000,34.900002,1,186.500000,-41.000000,190.953528,0.216397,12.398627
105,detected,OK,560.000000,467.000000,0.895648,1,0,746.500000,423.500000,35.000000,1,186.500000,-43.500000,191.505875,0.229147,13.129166
106,detected,OK,560.000000,479.000000,0.847676,1,0,746.500000,435.500000,36.099998,1,186.500000,-43.500000,191.505875,0.229147,13.129166
107,detected,OK,550.500000,506.000000,0.880006,1,0,742.500000,464.500000,34.799999,1,192.000000,-41.500000,196.433831,0.212871,12.196616
108,detected,OK,540.500000,566.000000,0.877994,1,0,732.500000,523.500000,34.400002,1,192.000000,-42.500000,196.647527,0.217842,12.481404
109,detected,OK,536.000000,592.000000,0.848672,1,0,724.500000,548.500000,32.299999,1,188.500000,-43.500000,193.454129,0.226799,12.994617
110,detected,OK,527.500000,618.500000,0.850606,1,0,715.500000,571.500000,33.500000,1,188.000000,-47.000000,193.785964,0.244979,14.036243
111,detected,OK,518.500000,643.500000,0.908587,1,0,705.500000,597.500000,36.299999,1,187.000000,-46.000000,192.574661,0.241200,13.819762
112,detected,OK,514.000000,741.500000,0.878633,2,0,698.500000,689.500000,35.299999,1,184.500000,-52.000000,191.687897,0.274717,15.740109
112,detected,OK,514.000000,741.500000,0.878633,2,1,510.500000,579.500000,32.099998,1,-3.500000,-162.000000,162.037804,1.592398,91.237679
113,detected,OK,512.500000,757.500000,0.904106,2,0,702.500000,704.500000,35.099998,1,190.000000,-53.000000,197.253644,0.272032,15.586304
113,detected,OK,512.500000,757.500000,0.904106,2,1,509.500000,599.500000,34.400002,1,-3.000000,-158.000000,158.028478,1.589781,91.087764
114,detected,OK,514.000000,763.000000,0.901146,2,0,700.500000,706.500000,34.900002,1,186.500000,-56.500000,194.870470,0.294160,16.854135
114,detected,OK,514.000000,763.000000,0.901146,2,1,511.500000,603.500000,35.799999,1,-2.500000,-159.500000,159.519591,1.586469,90.897979
115,detected,OK,527.500000,761.000000,0.864959,1,0,708.500000,701.500000,35.799999,1,181.000000,-59.500000,190.528869,0.317601,18.197208
116,detected,OK,534.500000,747.500000,0.906805,2,0,714.500000,687.500000,35.799999,1,180.000000,-60.000000,189.736660,0.321751,18.434949
116,detected,OK,534.500000,747.500000,0.906805,2,1,522.500000,591.500000,33.799999,1,-12.000000,-156.000000,156.460858,1.647568,94.398705
117,detected,OK,538.000000,742.500000,0.871390,2,0,719.500000,679.500000,33.799999,1,181.500000,-63.000000,192.123007,0.334096,19.142268
117,detected,OK,538.000000,742.500000,0.871390,2,1,526.500000,583.500000,35.099998,1,-11.500000,-159.000000,159.415338,1.642998,94.136831
118,detected,OK,557.500000,728.500000,0.896842,2,0,739.500000,662.500000,34.599998,1,182.000000,-66.000000,193.597521,0.347888,19.932537
118,detected,OK,557.500000,728.500000,0.896842,2,1,537.500000,568.500000,32.700001,1,-20.000000,-160.000000,161.245155,1.695151,97.125016
119,detected,OK,558.500000,727.500000,0.901840,2,0,537.500000,567.500000,32.700001,1,-21.000000,-160.000000,161.372240,1.701300,97.477330
119,detected,OK,558.500000,727.500000,0.901840,2,1,736.500000,661.500000,37.700001,1,178.000000,-66.000000,189.842040,0.355072,20.344101
120,detected,OK,560.000000,725.500000,0.872087,2,0,538.500000,565.500000,32.700001,1,-21.500000,-160.000000,161.438069,1.704371,97.653276
120,detected,OK,560.000000,725.500000,0.872087,2,1,737.500000,659.500000,33.299999,1,177.500000,-66.000000,189.373309,0.355989,20.396694
121,detected,OK,562.500000,723.000000,0.863598,2,0,739.500000,655.500000,33.299999,1,177.000000,-67.500000,189.434025,0.364331,20.874647
121,detected,OK,562.500000,723.000000,0.863598,2,1,538.500000,561.500000,33.799999,1,-24.000000,-161.500000,163.273543,1.718323,98.452682
122,detected,OK,564.000000,724.500000,0.867363,2,0,742.500000,654.500000,35.099998,1,178.500000,-70.000000,191.734843,0.373727,21.412969
122,detected,OK,564.000000,724.500000,0.867363,2,1,538.500000,564.500000,32.900002,1,-25.500000,-160.000000,162.019289,1.728842,99.055358
123,detected,OK,564.000000,727.500000,0.876294,2,0,743.500000,657.500000,33.799999,1,179.500000,-70.000000,192.666162,0.371832,21.304398
123,detected,OK,564.000000,727.500000,0.876294,2,1,540.500000,568.500000,33.599998,1,-23.500000,-159.000000,160.727253,1.717533,98.407378
124,detected,OK,564.500000,733.500000,0.901771,2,0,737.500000,660.500000,35.500000,1,173.000000,-73.000000,187.771137,0.399297,22.878058
124,detected,OK,564.500000,733.500000,0.901771,2,1,538.500000,574.500000,33.799999,1,-26.000000,-159.000000,161.111762,1.732884,99.286928
125,detected,OK,564.500000,737.000000,0.862332,2,0,736.500000,662.500000,34.700001,1,172.000000,-74.500000,187.441324,0.408745,23.419344
125,detected,OK,564.500000,737.000000,0.862332,2,1,534.500000,578.500000,33.700001,1,-30.000000,-158.500000,161.314135,1.757858,100.717839
126,detected,OK,564.000000,741.000000,0.895770,2,0,736.500000,666.500000,35.799999,1,172.500000,-74.500000,187.900239,0.407687,23.358746
126,detected,OK,564.000000,741.000000,0.895770,2,1,536.500000,583.500000,33.799999,1,-27.500000,-157.500000,159.882770,1.743657,99.904183
127,detected,OK,566.000000,744.000000,0.835951,2,0,737.500000,668.500000,35.200001,1,171.500000,-75.500000,187.383297,0.414702,23.760689
127,detected,OK,566.000000,744.000000,0.835951,2,1,536.500000,585.500000,32.099998,1,-29.500000,-158.500000,161.221897,1.754811,100.543246
128,detected,OK,584.000000,763.000000,0.889060,2,0,754.500000,680.500000,35.500000,1,170.500000,-82.500000,189.410929,0.450661,25.820992
128,detected,OK,584.000000,763.000000,0.889060,2,1,543.500000,603.500000,33.799999,1,-40.500000,-159.500000,164.561539,1.819460,104.247354
129,detected,OK,585.000000,765.000000,0.887786,2,0,544.500000,608.500000,32.400002,1,-40.500000,-156.500000,161.655498,1.824027,104.509041
129,detected,OK,585.000000,765.000000,0.887786,2,1,752.500000,679.500000,33.299999,1,167.500000,-85.500000,188.059831,0.471971,27.041937
130,detected,OK,586.500000,767.000000,0.858314,1,0,751.500000,682.500000,35.500000,1,165.000000,-84.500000,185.378667,0.473297,27.117949
131,detected,OK,599.500000,775.000000,0.864974,2,0,547.500000,621.500000,32.700001,1,-52.000000,-153.500000,162.068658,1.897425,108.714438
131,detected,OK,599.500000,775.000000,0.864974,2,1,763.500000,682.500000,34.700001,1,164.000000,-92.500000,188.287679,0.513547,29.424058
132,detected,OK,600.500000,774.500000,0.828194,2,0,547.500000,621.500000,32.200001,1,-53.000000,-153.000000,161.919733,1.904265,109.106353
132,detected,OK,600.500000,774.500000,0.828194,2,1,764.500000,680.500000,34.700001,1,164.000000,-94.000000,189.029098,0.520458,29.820073
133,detected,OK,602.000000,774.500000,0.858451,2,0,761.500000,677.500000,33.500000,1,159.500000,-97.000000,186.679538,0.546391,31.305895
133,detected,OK,602.000000,774.500000,0.858451,2,1,551.500000,621.500000,32.200001,1,-50.500000,-153.000000,161.118745,1.889603,108.266267
134,detected,OK,612.000000,778.000000,0.895760,2,0,551.500000,626.500000,34.900002,1,-60.500000,-151.500000,163.133381,1.950734,111.768799
134,detected,OK,612.000000,778.000000,0.895760,2,1,766.500000,674.500000,33.599998,1,154.500000,-103.500000,185.963706,0.590240,33.818246
135,detected,OK,614.000000,778.000000,0.897747,2,0,551.500000,630.500000,31.500000,1,-62.500000,-147.500000,160.195193,1.971590,112.963773
135,detected,OK,614.000000,778.000000,0.897747,2,1,767.500000,673.500000,33.299999,1,153.500000,-104.500000,185.694642,0.597711,34.246320
136,detected,OK,616.000000,778.500000,0.870704,2,0,553.500000,627.500000,34.900002,1,-62.500000,-151.000000,163.423530,1.963234,112.485020
136,detected,OK,616.000000,778.500000,0.870704,2,1,766.500000,675.500000,35.500000,1,150.500000,-103.000000,182.371187,0.600169,34.387168
137,detected,OK,624.000000,779.500000,0.874152,2,0,554.500000,633.500000,33.799999,1,-69.500000,-146.000000,161.698021,2.015083,115.455728
137,detected,OK,624.000000,779.500000,0.874152,2,1,773.500000,671.500000,33.200001,1,149.500000,-108.000000,184.429526,0.625607,35.844649
138,detected,OK,627.000000,781.500000,0.872654,2,0,557.500000,636.500000,32.200001,1,-69.500000,-145.000000,160.795678,2.017756,115.608882
138,detected,OK,627.000000,781.500000,0.872654,2,1,774.500000,671.500000,33.000000,1,147.500000,-110.000000,184.000679,0.640784,36.714203
139,detected,OK,630.000000,781.500000,0.873049,2,0,557.500000,633.500000,33.799999,1,-72.500000,-148.000000,164.803671,2.026303,116.098610
139,detected,OK,630.000000,781.500000,0.873049,2,1,777.500000,676.500000,33.200001,1,147.500000,-105.000000,181.055931,0.618644,35.445710
140,detected,OK,632.000000,783.500000,0.870263,2,0,559.500000,638.500000,32.200001,1,-72.500000,-145.000000,162.114928,2.034444,116.565051
140,detected,OK,632.000000,783.500000,0.870263,2,1,780.500000,673.500000,34.599998,1,148.500000,-110.000000,184.803274,0.637549,36.528855
141,detected,OK,634.500000,783.500000,0.902165,2,0,560.500000,639.500000,32.900002,1,-74.000000,-144.000000,161.901204,2.045493,117.198128
141,detected,OK,634.500000,783.500000,0.902165,2,1,779.500000,675.500000,32.700001,1,145.000000,-108.000000,180.800996,0.640183,36.679757
142,detected,OK,640.000000,785.500000,0.873433,2,0,783.500000,671.500000,32.700001,1,143.500000,-114.000000,183.270974,0.671332,38.464510
142,detected,OK,640.000000,785.500000,0.873433,2,1,563.500000,642.500000,32.200001,1,-76.500000,-143.000000,162.176601,2.062023,118.145224
143,detected,OK,654.500000,788.500000,0.898663,2,0,789.500000,670.500000,34.599998,1,135.000000,-118.000000,179.301422,0.718305,41.155864
143,detected,OK,654.500000,788.500000,0.898663,2,1,569.500000,649.500000,33.299999,1,-85.000000,-139.000000,162.929433,2.119637,121.446236
144,detected,OK,656.500000,789.000000,0.864726,2,0,791.500000,667.500000,33.000000,1,135.000000,-121.500000,181.623925,0.732815,41.987212
144,detected,OK,656.500000,789.000000,0.864726,2,1,572.500000,648.500000,33.799999,1,-84.000000,-140.500000,163.695602,2.109644,120.873716
145,detected,OK,658.500000,789.500000,0.902973,2,0,569.500000,650.500000,34.400002,1,-89.000000,-139.000000,165.051507,2.140314,122.630938
145,detected,OK,658.500000,789.500000,0.902973,2,1,792.500000,667.500000,32.400002,1,134.000000,-122.000000,181.218101,0.738557,42.316225
146,detected,OK,661.000000,790.000000,0.892800,2,0,571.500000,653.500000,32.700001,1,-89.500000,-136.500000,163.225304,2.151153,123.251961
146,detected,OK,661.000000,790.000000,0.892800,2,1,797.500000,668.500000,33.000000,1,136.500000,-121.500000,182.741621,0.727324,41.672596
147,detected,OK,662.000000,791.000000,0.893207,2,0,792.500000,666.500000,33.000000,1,130.500000,-124.500000,180.362136,0.761873,43.652113
147,detected,OK,662.000000,791.000000,0.893207,2,1,571.500000,657.500000,33.000000,1,-90.500000,-133.500000,161.283911,2.166537,124.133448
148,detected,OK,664.000000,791.000000,0.898282,2,0,569.500000,657.500000,34.299999,1,-94.500000,-133.500000,163.561915,2.186781,125.293348
148,detected,OK,664.000000,791.000000,0.898282,2,1,793.500000,665.500000,32.700001,1,129.500000,-125.500000,180.334412,0.769713,44.101316
149,detected,OK,665.500000,791.000000,0.871442,2,0,571.500000,657.500000,32.700001,1,-94.000000,-133.500000,163.273543,2.184282,125.150137
149,detected,OK,665.500000,791.000000,0.871442,2,1,796.500000,667.500000,34.400002,1,131.000000,-123.500000,180.036802,0.755937,43.312008
150,detected,OK,668.000000,791.000000,0.897920,2,0,794.500000,662.500000,33.000000,1,126.500000,-128.500000,180.317775,0.793241,45.449369
150,detected,OK,668.000000,791.000000,0.897920,2,1,573.500000,659.500000,32.200001,1,-94.500000,-131.500000,161.933628,2.193917,125.702202
151,detected,OK,670.500000,791.000000,0.864703,2,0,792.500000,663.500000,34.400002,1,122.000000,-127.500000,176.466002,0.807439,46.262829
151,detected,OK,670.500000,791.000000,0.864703,2,1,573.500000,658.500000,33.299999,1,-97.000000,-132.500000,164.210992,2.202727,126.206943
152,detected,OK,672.000000,791.000000,0.897920,2,0,796.500000,665.500000,32.700001,1,124.500000,-125.500000,176.778110,0.789398,45.229182
152,detected,OK,672.000000,791.000000,0.897920,2,1,574.500000,661.500000,31.600000,1,-97.500000,-129.500000,162.100278,2.216148,126.975935
153,detected,OK,686.000000,792.000000,0.836590,2,0,798.500000,659.500000,34.099998,1,112.500000,-132.500000,173.817433,0.866850,49.666858
153,detected,OK,686.000000,792.000000,0.836590,2,1,577.500000,664.500000,33.799999,1,-108.500000,-127.500000,167.417144,2.275859,130.397132
154,detected,OK,688.000000,791.500000,0.873718,2,0,799.500000,658.500000,34.700001,1,111.500000,-133.000000,173.554746,0.873107,50.025353
154,detected,OK,688.000000,791.500000,0.873718,2,1,578.500000,666.500000,32.500000,1,-109.500000,-125.000000,166.178368,2.290192,131.218360
155,detected,OK,690.000000,791.500000,0.875362,2,0,577.500000,668.500000,33.799999,1,-112.500000,-123.000000,166.689082,2.311638,132.447102
155,detected,OK,690.000000,791.500000,0.875362,2,1,801.500000,654.500000,32.700001,1,111.500000,-137.000000,176.638756,0.887656,50.858939
156,detected,OK,692.500000,793.000000,0.860814,2,0,800.500000,655.500000,34.900002,1,108.000000,-137.500000,174.843501,0.904988,51.851976
156,detected,OK,692.500000,793.000000,0.860814,2,1,579.500000,673.500000,32.700001,1,-113.000000,-119.500000,164.466562,2.328245,133.398600
157,detected,OK,700.000000,789.000000,0.896784,2,0,805.500000,651.500000,32.700001,1,105.500000,-137.500000,173.310415,0.916332,52.501957
157,detected,OK,700.000000,789.000000,0.896784,2,1,584.500000,671.500000,31.900000,1,-115.500000,-117.500000,164.761949,2.347611,134.508203
158,detected,OK,704.000000,785.500000,0.879805,2,0,807.500000,647.500000,32.700001,1,103.500000,-138.000000,172.500000,0.927295,53.130102
158,detected,OK,704.000000,785.500000,0.879805,2,1,584.500000,668.500000,33.000000,1,-119.500000,-117.000000,167.240097,2.366765,135.605641
159,detected,OK,708.000000,783.000000,0.905211,2,0,811.500000,642.500000,34.599998,1,103.500000,-140.500000,174.506447,0.935891,53.622604
159,detected,OK,708.000000,783.000000,0.905211,2,1,587.500000,669.500000,32.700001,1,-120.500000,-113.500000,165.537005,2.386100,136.713465
160,detected,OK,712.000000,781.000000,0.905154,2,0,591.500000,667.500000,31.799999,1,-120.500000,-113.500000,165.537005,2.386100,136.713465
160,detected,OK,712.000000,781.000000,0.905154,2,1,811.500000,637.500000,32.700001,1,99.500000,-143.500000,174.621018,0.964527,55.263343
161,detected,OK,715.000000,779.000000,0.902782,2,0,815.500000,636.500000,34.200001,1,100.500000,-142.500000,174.374597,0.956547,54.806093
161,detected,OK,715.000000,779.000000,0.902782,2,1,592.500000,665.500000,33.799999,1,-122.500000,-113.500000,166.998503,2.394312,137.183950
162,detected,OK,719.000000,777.500000,0.875590,2,0,819.500000,634.500000,33.799999,1,100.500000,-143.000000,174.783437,0.958196,54.900559
162,detected,OK,719.000000,777.500000,0.875590,2,1,592.500000,667.500000,34.599998,1,-126.500000,-110.000000,167.637257,2.425849,138.990913
163,detected,OK,729.000000,775.500000,0.873191,2,0,821.500000,632.500000,31.900000,1,92.500000,-143.000000,170.309277,0.996636,57.103064
163,detected,OK,729.000000,775.500000,0.873191,2,1,601.500000,668.500000,32.000000,1,-127.500000,-107.000000,166.448941,2.443393,139.996098
164,detected,OK,732.500000,775.000000,0.869875,1,0,602.500000,665.500000,33.000000,1,-130.000000,-109.500000,169.971321,2.441581,139.892307
165,detected,OK,736.000000,773.500000,0.875549,1,0,606.500000,668.500000,32.000000,1,-129.500000,-105.000000,166.719075,2.460294,140.964487
166,detected,OK,740.500000,771.500000,0.905942,1,0,606.500000,668.500000,35.000000,1,-134.000000,-103.000000,169.011834,2.486258,142.452077
167,detected,OK,748.000000,762.500000,0.882460,1,0,615.500000,660.500000,34.900002,1,-132.500000,-102.000000,167.213187,2.485532,142.410516
168,detected,OK,764.500000,745.500000,0.917017,1,0,626.500000,646.500000,34.299999,1,-138.000000,-99.000000,169.838158,2.519290,144.344672
169,detected,OK,782.500000,726.000000,0.885413,1,0,645.500000,625.500000,34.400002,1,-137.000000,-100.500000,169.909535,2.508686,143.737098
170,detected,OK,852.500000,669.500000,0.919343,1,0,709.500000,575.500000,34.900002,1,-143.000000,-94.000000,171.128607,2.560073,146.681375
171,detected,OK,868.500000,655.500000,0.920472,1,0,725.500000,566.500000,30.799999,1,-143.000000,-89.000000,168.433963,2.584881,148.102790
172,detected,OK,879.000000,644.500000,0.884915,1,0,730.500000,556.500000,33.799999,1,-148.500000,-88.000000,172.615903,2.606638,149.349332
173,detected,OK,888.000000,635.500000,0.885840,1,0,738.500000,552.500000,34.900002,1,-149.500000,-83.000000,170.994883,2.634778,150.961668
174,detected,OK,897.000000,627.000000,0.911659,1,0,747.500000,542.500000,33.000000,1,-149.500000,-84.500000,171.727983,2.627141,150.524111
175,detected,OK,906.500000,617.500000,0.894902,0,-1,,,,0,,,,,
176,detected,OK,913.500000,541.000000,0.886948,1,0,755.500000,468.500000,33.599998,1,-158.000000,-72.500000,173.839725,2.711395,155.351467
177,detected,OK,911.500000,531.500000,0.853298,1,0,755.500000,459.500000,32.700001,1,-156.000000,-72.000000,171.813853,2.709185,155.224859
178,detected,OK,911.500000,519.500000,0.851911,1,0,750.500000,452.500000,33.500000,1,-161.000000,-67.000000,174.384632,2.747243,157.405409
179,detected,OK,904.000000,513.000000,0.907590,1,0,742.500000,452.500000,33.299999,1,-161.500000,-60.500000,172.460140,2.783161,159.463397
180,detected,OK,903.500000,511.000000,0.881109,1,0,740.500000,450.500000,34.599998,1,-163.000000,-60.500000,173.865609,2.786188,159.636804
181,detected,OK,903.000000,511.500000,0.875231,1,0,736.500000,452.500000,33.500000,1,-166.500000,-59.000000,176.644417,2.801044,160.487997
182,detected,OK,902.000000,513.500000,0.880306,1,0,734.500000,455.500000,32.700001,1,-167.500000,-58.000000,177.257581,2.808246,160.900634
183,detected,OK,901.000000,515.500000,0.879070,1,0,733.500000,459.500000,33.700001,1,-167.500000,-56.000000,176.613278,2.818947,161.513757
184,detected,OK,901.000000,519.500000,0.880731,1,0,733.500000,467.500000,33.500000,1,-167.500000,-52.000000,175.386003,2.840579,162.753161
185,detected,OK,884.500000,539.500000,0.911513,1,0,707.500000,505.500000,35.000000,1,-177.000000,-34.000000,180.235956,2.951814,169.126480
186,detected,OK,883.500000,539.500000,0.851697,1,0,706.500000,507.500000,34.200001,1,-177.000000,-32.000000,179.869397,2.962734,169.752136
187,detected,OK,884.500000,537.000000,0.878060,1,0,705.500000,512.500000,33.700001,1,-179.000000,-24.500000,180.668896,3.005566,172.206268
188,detected,OK,884.000000,532.000000,0.907919,1,0,704.500000,511.500000,34.900002,1,-179.500000,-20.500000,180.666820,3.027879,173.484699
189,detected,OK,885.000000,520.000000,0.904410,1,0,703.500000,505.500000,33.000000,1,-181.500000,-14.500000,182.078280,3.061872,175.432352
190,detected,OK,885.500000,513.500000,0.848642,1,0,702.500000,498.500000,34.700001,1,-183.000000,-15.000000,183.613725,3.059808,175.314100
191,detected,OK,885.500000,509.000000,0.882595,1,0,698.500000,497.500000,33.799999,1,-187.000000,-11.500000,187.353276,3.080173,176.480895
192,detected,OK,885.500000,503.000000,0.884678,1,0,702.500000,493.500000,32.700001,1,-183.000000,-9.500000,183.246419,3.089727,177.028297
193,detected,OK,886.000000,496.500000,0.879043,1,0,701.500000,487.500000,33.799999,1,-184.500000,-9.000000,184.719382,3.092851,177.207298
194,detected,OK,883.000000,481.000000,0.903732,1,0,696.500000,477.500000,33.799999,1,-186.500000,-3.500000,186.532839,3.122828,178.924870
195,detected,OK,882.000000,471.000000,0.905595,1,0,695.500000,470.500000,35.500000,1,-186.500000,-0.500000,186.500670,3.138912,179.846392
196,detected,OK,880.500000,467.500000,0.905286,1,0,693.500000,468.500000,35.500000,1,-187.000000,1.000000,187.002674,-3.136245,-179.693608
197,detected,OK,878.000000,465.000000,0.901364,1,0,691.500000,471.500000,33.500000,1,-186.500000,6.500000,186.613236,-3.106754,-178.003904
198,detected,OK,876.000000,461.500000,0.875696,1,0,687.500000,469.500000,34.900002,1,-188.500000,8.000000,188.669685,-3.099178,-177.569807
199,detected,OK,874.000000,459.000000,0.903170,1,0,688.500000,470.500000,34.200001,1,-185.500000,11.500000,185.856127,-3.079677,-176.452511
200,detected,OK,861.000000,450.500000,0.858360,1,0,674.500000,475.500000,34.200001,1,-186.500000,25.000000,188.168143,-3.008339,-172.365114
201,detected,OK,860.000000,451.500000,0.868453,1,0,672.500000,483.500000,35.000000,1,-187.500000,32.000000,190.211067,-2.972555,-170.314834
202,detected,OK,860.000000,453.000000,0.900340,1,0,672.500000,486.500000,34.599998,1,-187.500000,33.500000,190.469158,-2.964792,-169.870040
203,detected,OK,862.000000,456.500000,0.862074,1,0,674.500000,501.500000,35.099998,1,-187.500000,45.000000,192.824402,-2.906048,-166.504267
204,detected,OK,862.000000,456.500000,0.860444,1,0,674.500000,499.500000,34.700001,1,-187.500000,43.000000,192.367487,-2.916158,-167.083519
205,detected,OK,862.000000,456.500000,0.858408,1,0,674.500000,504.500000,34.599998,1,-187.500000,48.000000,193.546506,-2.890975,-165.640663
206,detected,OK,861.000000,456.500000,0.859607,1,0,673.500000,505.500000,33.299999,1,-187.500000,49.000000,193.796930,-2.885976,-165.354250
207,detected,OK,860.000000,455.500000,0.869183,1,0,672.500000,507.500000,33.500000,1,-187.500000,52.000000,194.577106,-2.871058,-164.499532
208,detected,OK,848.500000,441.000000,0.863241,1,0,664.500000,508.500000,35.500000,1,-184.000000,67.500000,195.990433,-2.789988,-159.854548
209,detected,OK,848.000000,439.500000,0.872186,1,0,662.500000,509.500000,34.200001,1,-185.500000,70.000000,198.268127,-2.780756,-159.325575
210,detected,OK,847.500000,438.000000,0.873963,1,0,665.500000,509.500000,34.599998,1,-182.000000,71.500000,195.540916,-2.767259,-158.552264
211,detected,OK,837.000000,415.000000,0.902616,1,0,659.500000,504.500000,33.500000,1,-177.500000,89.500000,198.787575,-2.674570,-153.241600
212,detected,OK,835.500000,413.000000,0.872652,1,0,658.500000,505.500000,34.599998,1,-177.000000,92.500000,199.712919,-2.660030,-152.408483
213,detected,OK,834.000000,411.000000,0.900125,1,0,658.500000,502.500000,35.099998,1,-175.500000,91.500000,197.920439,-2.660998,-152.463927
214,detected,OK,830.500000,403.500000,0.905766,1,0,655.500000,503.500000,33.500000,1,-175.000000,100.000000,201.556444,-2.622447,-150.255119
215,detected,OK,828.500000,402.000000,0.867703,1,0,652.500000,503.500000,35.099998,1,-176.000000,101.500000,203.170495,-2.618478,-150.027756
216,detected,OK,827.000000,398.000000,0.897167,1,0,655.500000,504.500000,35.000000,1,-171.500000,106.500000,201.877438,-2.585881,-148.160081
217,detected,OK,827.500000,397.000000,0.874536,1,0,656.500000,501.500000,35.799999,1,-171.000000,104.500000,200.402720,-2.593043,-148.570434
218,detected,OK,825.000000,401.000000,0.900700,1,0,653.500000,510.500000,33.799999,1,-171.500000,109.500000,203.476043,-2.573356,-147.442421
219,detected,OK,800.000000,443.000000,0.901867,1,0,638.500000,566.500000,34.099998,1,-161.500000,123.500000,203.308878,-2.488746,-142.594643
220,detected,OK,795.500000,455.500000,0.840770,1,0,636.500000,581.500000,33.000000,1,-159.000000,126.000000,202.871881,-2.471471,-141.604835
221,detected,OK,795.000000,461.000000,0.900427,1,0,637.500000,588.500000,36.299999,1,-157.500000,127.500000,202.638841,-2.461071,-141.009006
222,detected,OK,796.000000,464.000000,0.898679,1,0,640.500000,592.500000,35.799999,1,-155.500000,128.500000,201.723821,-2.450980,-140.430811
223,detected,OK,794.500000,463.000000,0.873280,1,0,637.500000,596.500000,36.000000,1,-157.000000,133.500000,206.085540,-2.436914,-139.624872
224,detected,OK,794.000000,458.000000,0.896885,1,0,640.500000,593.500000,34.099998,1,-153.500000,135.500000,204.749847,-2.418398,-138.563991
225,detected,OK,793.500000,453.000000,0.870271,1,0,640.500000,589.500000,33.799999,1,-153.000000,136.500000,205.039630,-2.413128,-138.262033
226,detected,OK,792.000000,450.500000,0.857818,1,0,639.500000,589.500000,36.599998,1,-152.500000,139.000000,206.342555,-2.402474,-137.651598
227,detected,OK,791.500000,445.500000,0.836479,1,0,641.500000,585.500000,33.799999,1,-150.000000,140.000000,205.182845,-2.390664,-136.974934
228,detected,OK,790.000000,439.500000,0.869430,1,0,641.500000,581.500000,33.799999,1,-148.500000,142.000000,205.465934,-2.378566,-136.281792
229,detected,OK,769.500000,417.000000,0.866375,1,0,637.500000,573.500000,36.400002,1,-132.000000,156.500000,204.734584,-2.271476,-130.145974
230,detected,OK,767.500000,415.500000,0.831331,1,0,634.500000,572.500000,35.500000,1,-133.000000,157.000000,205.761998,-2.273624,-130.269061
231,detected,OK,768.000000,414.000000,0.884054,1,0,636.500000,573.500000,34.700001,1,-131.500000,159.500000,206.718408,-2.260270,-129.503924
232,detected,OK,765.500000,417.500000,0.828671,1,0,635.500000,580.500000,36.400002,1,-130.000000,163.000000,208.492206,-2.244039,-128.573972
233,detected,OK,762.000000,422.500000,0.853273,2,0,872.500000,600.500000,34.700001,1,110.500000,178.000000,209.509546,-1.015233,-58.168547
233,detected,OK,762.000000,422.500000,0.853273,2,1,780.500000,260.500000,34.299999,1,18.500000,-162.000000,163.052906,1.457091,83.485186
234,detected,OK,757.000000,427.000000,0.891966,2,0,870.500000,604.500000,38.000000,1,113.500000,177.500000,210.685785,-1.001883,-57.403662
234,detected,OK,757.000000,427.000000,0.891966,2,1,777.500000,266.500000,34.299999,1,20.500000,-160.500000,161.803894,1.443758,82.721258
235,detected,OK,752.000000,431.000000,0.893371,2,0,867.500000,607.500000,36.900002,1,115.500000,176.500000,210.932454,-0.991341,-56.799628
235,detected,OK,752.000000,431.000000,0.893371,2,1,770.500000,270.500000,34.299999,1,18.500000,-160.500000,161.562681,1.456038,83.424830
236,detected,OK,746.000000,435.500000,0.867157,2,0,861.500000,610.500000,35.500000,1,115.500000,175.000000,209.678921,-0.987423,-56.575189
236,detected,OK,746.000000,435.500000,0.867157,2,1,763.500000,275.500000,34.599998,1,17.500000,-160.000000,160.954186,1.461854,83.758086
237,detected,OK,744.000000,445.500000,0.868064,2,0,861.500000,619.500000,38.200001,1,117.500000,174.000000,209.957734,-0.976849,-55.969341
237,detected,OK,744.000000,445.500000,0.868064,2,1,755.500000,286.500000,34.299999,1,11.500000,-159.000000,159.415338,1.498595,85.863169
238,lost,NO_R_CANDIDATE,,,,0,-1,,,,0,,,,,
239,detected,OK,804.000000,772.500000,0.867362,2,0,953.500000,933.500000,38.599998,1,149.500000,161.000000,219.707192,-0.822418,-47.121096
239,detected,OK,804.000000,772.500000,0.867362,2,1,784.500000,611.500000,34.299999,1,-19.500000,-161.000000,162.176601,1.691327,96.905913
240,detected,OK,810.000000,798.000000,0.841873,2,0,960.500000,954.500000,36.900002,1,150.500000,156.500000,217.123237,-0.804940,-46.119645
240,detected,OK,810.000000,798.000000,0.841873,2,1,787.500000,639.500000,31.600000,1,-22.500000,-158.500000,160.089038,1.711810,98.079488
241,detected,OK,811.500000,807.500000,0.838453,2,0,962.500000,962.500000,38.599998,1,151.000000,155.000000,216.393161,-0.798469,-45.748922
241,detected,OK,811.500000,807.500000,0.838453,2,1,788.500000,646.500000,33.799999,1,-23.000000,-161.000000,162.634560,1.712693,98.130102
242,detected,OK,818.000000,778.500000,0.873910,2,0,977.500000,921.500000,38.900002,1,159.500000,143.000000,214.217763,-0.730907,-41.877870
242,detected,OK,818.000000,778.500000,0.873910,2,1,779.500000,620.500000,32.200001,1,-38.500000,-158.000000,162.623030,1.809809,103.694438
243,detected,OK,819.500000,771.500000,0.842298,2,0,980.500000,913.500000,38.299999,1,161.000000,142.000000,214.674172,-0.722774,-41.411893
243,detected,OK,819.500000,771.500000,0.842298,2,1,778.500000,614.500000,33.799999,1,-41.000000,-157.000000,162.265215,1.826238,104.635729
244,detected,OK,821.000000,765.000000,0.899666,2,0,986.500000,906.500000,38.500000,1,165.500000,141.500000,217.744116,-0.707381,-40.529943
244,detected,OK,821.000000,765.000000,0.899666,2,1,782.500000,607.500000,33.200001,1,-38.500000,-157.500000,162.137288,1.810539,103.736268
245,detected,OK,822.000000,715.500000,0.876183,2,0,760.500000,565.500000,32.200001,1,-61.500000,-150.000000,162.118013,1.959894,112.293629
245,detected,OK,822.000000,715.500000,0.876183,2,1,999.500000,836.500000,38.500000,1,177.500000,121.000000,214.819110,-0.598331,-34.281869
246,detected,OK,823.000000,715.500000,0.877447,1,0,1001.500000,833.500000,37.900002,1,178.500000,118.000000,213.977218,-0.584114,-33.467272
247,detected,OK,824.000000,717.000000,0.900495,1,0,758.500000,566.500000,32.599998,1,-65.500000,-150.500000,164.135615,1.981288,113.519444
248,detected,OK,825.500000,717.500000,0.845870,1,0,755.500000,571.500000,33.599998,1,-70.000000,-146.000000,161.913557,2.017871,115.615484
249,detected,OK,828.000000,717.000000,0.899620,1,0,754.500000,570.500000,33.799999,1,-73.500000,-146.500000,163.903935,2.035808,116.643217
250,detected,OK,831.500000,715.500000,0.840261,1,0,757.500000,569.500000,31.600000,1,-74.000000,-146.000000,163.682620,2.039908,116.878140
251,detected,OK,834.000000,717.000000,0.902575,1,0,760.500000,571.500000,32.200001,1,-73.500000,-145.500000,163.010736,2.038559,116.800835
252,detected,OK,837.000000,717.500000,0.870425,1,0,762.500000,576.500000,31.500000,1,-74.500000,-141.000000,159.471784,2.056881,117.850575
253,detected,OK,840.000000,719.000000,0.902035,1,0,765.500000,574.500000,34.099998,1,-74.500000,-144.500000,162.574598,2.046823,117.274316
254,detected,OK,846.000000,720.000000,0.901642,1,0,767.500000,577.500000,34.400002,1,-78.500000,-142.500000,162.691426,2.074313,118.849366
255,detected,OK,848.000000,721.000000,0.905728,1,0,769.500000,580.500000,33.799999,1,-78.500000,-140.500000,160.942536,2.080309,119.192916
256,detected,OK,866.000000,711.000000,0.906573,1,0,771.500000,579.500000,33.799999,1,-94.500000,-131.500000,161.933628,2.193917,125.702202
257,detected,OK,867.500000,709.500000,0.845705,1,0,770.500000,575.500000,34.900002,1,-97.000000,-134.000000,165.423698,2.197370,125.900050
258,detected,OK,868.000000,709.000000,0.904024,1,0,768.500000,580.500000,31.900000,1,-99.500000,-128.500000,162.519230,2.229681,127.751302
259,detected,OK,872.000000,696.000000,0.903224,1,0,766.500000,571.500000,32.400002,1,-105.500000,-124.500000,163.188541,2.273773,130.277593
260,detected,OK,872.000000,693.500000,0.874000,1,0,761.500000,568.500000,33.000000,1,-110.500000,-125.000000,166.838994,2.294701,131.476682
261,detected,OK,873.500000,692.000000,0.877306,1,0,763.500000,572.500000,32.099998,1,-110.000000,-119.500000,162.419980,2.314824,132.629633
262,detected,OK,877.000000,685.500000,0.876951,1,0,760.500000,568.500000,33.799999,1,-116.500000,-117.000000,165.109812,2.354053,134.877311
263,detected,OK,877.500000,685.000000,0.876015,1,0,758.500000,570.500000,31.900000,1,-119.000000,-114.500000,165.140092,2.375464,136.104065
264,detected,OK,878.000000,683.500000,0.876292,2,0,1081.500000,737.500000,37.099998,1,203.500000,54.000000,210.542751,-0.259379,-14.861298
264,detected,OK,878.000000,683.500000,0.876292,2,1,755.500000,568.500000,33.799999,1,-122.500000,-115.000000,168.021576,2.387763,136.808739
265,detected,OK,879.000000,683.500000,0.869391,1,0,762.500000,567.500000,32.099998,1,-116.500000,-116.000000,164.402707,2.358345,135.123217
266,detected,OK,880.000000,685.000000,0.899092,1,0,760.500000,570.500000,33.000000,1,-119.500000,-114.500000,165.500755,2.377559,136.224083
267,detected,OK,863.500000,677.000000,0.878817,1,0,739.500000,563.500000,31.900000,1,-124.000000,-113.500000,168.101904,2.400376,137.531428
268,detected,OK,837.500000,674.000000,0.821158,1,0,712.500000,561.500000,34.900002,1,-125.000000,-112.500000,168.170301,2.408778,138.012788
269,detected,OK,803.500000,667.500000,0.859031,1,0,681.500000,557.500000,31.900000,1,-122.000000,-110.000000,164.268074,2.407873,137.960936
270,detected,OK,767.500000,661.000000,0.822585,1,0,642.500000,548.500000,33.000000,1,-125.000000,-112.500000,168.170301,2.408778,138.012788
271,detected,OK,731.500000,650.000000,0.822031,1,0,605.500000,537.500000,34.400002,1,-126.000000,-112.500000,168.914919,2.412738,138.239700
272,detected,OK,448.500000,595.000000,0.865289,2,0,644.500000,641.500000,36.400002,1,196.000000,46.500000,201.440438,-0.232938,-13.346382
272,detected,OK,448.500000,595.000000,0.865289,2,1,322.500000,479.500000,35.799999,1,-126.000000,-115.500000,170.927616,2.399645,137.489553
273,detected,OK,437.500000,593.500000,0.903507,2,0,634.500000,640.500000,33.099998,1,197.000000,47.000000,202.529010,-0.234201,-13.418708
273,detected,OK,437.500000,593.500000,0.903507,2,1,309.500000,483.500000,32.200001,1,-128.000000,-110.000000,168.772036,2.431681,139.325060
274,detected,OK,434.500000,595.000000,0.870359,2,0,632.500000,641.500000,34.099998,1,198.000000,46.500000,203.386946,-0.230668,-13.216324
274,detected,OK,434.500000,595.000000,0.870359,2,1,302.500000,485.500000,35.500000,1,-132.000000,-109.500000,171.505831,2.449094,140.322751
275,detected,OK,608.500000,671.500000,0.801867,1,0,472.500000,573.500000,31.400000,1,-136.000000,-98.000000,167.630546,2.517182,144.223922
276,lost,NO_R_CANDIDATE,,,,1,0,511.500000,591.500000,34.599998,0,,,,,
277,detected,OK,696.000000,699.500000,0.829627,1,0,557.500000,606.500000,31.500000,1,-138.500000,-93.000000,166.827006,2.550265,146.119424
278,detected,OK,900.500000,751.000000,0.882097,1,0,754.500000,661.500000,32.900002,1,-146.000000,-89.500000,171.249088,2.591659,148.491132
279,detected,OK,920.500000,751.500000,0.917101,1,0,767.500000,665.500000,34.900002,1,-153.000000,-86.000000,175.513532,2.629514,150.660029
280,detected,OK,937.000000,751.500000,0.888400,1,0,787.500000,665.500000,34.299999,1,-149.500000,-86.000000,172.471012,2.619570,150.090299
281,detected,OK,950.500000,749.500000,0.918667,1,0,797.500000,664.500000,32.400002,1,-153.000000,-85.000000,175.025712,2.634494,150.945396
282,detected,OK,914.500000,676.000000,0.843661,0,-1,,,,0,,,,,
283,detected,OK,900.000000,665.500000,0.853895,0,-1,,,,0,,,,,
284,detected,OK,895.000000,661.000000,0.879386,0,-1,,,,0,,,,,
285,detected,OK,611.500000,599.000000,0.769189,0,-1,,,,0,,,,,
286,detected,OK,581.500000,597.000000,0.816664,1,0,778.500000,600.500000,35.200001,1,197.000000,3.500000,197.031089,-0.017765,-1.017838
287,lost,NO_R_CANDIDATE,,,,1,0,751.500000,598.500000,35.099998,0,,,,,
288,detected,OK,464.000000,626.000000,0.837453,1,0,664.500000,627.500000,35.500000,1,200.500000,1.500000,200.505611,-0.007481,-0.428639
289,detected,OK,466.000000,629.500000,0.868449,1,0,665.500000,630.500000,35.500000,1,199.500000,1.000000,199.502506,-0.005012,-0.287194
290,detected,OK,468.500000,633.000000,0.868929,1,0,665.500000,634.500000,33.799999,1,197.000000,1.500000,197.005711,-0.007614,-0.436254
291,detected,OK,500.000000,646.500000,0.859188,1,0,698.500000,640.500000,35.700001,1,198.500000,-6.000000,198.590659,0.030217,1.731335
292,detected,OK,504.500000,647.000000,0.865708,1,0,702.500000,638.500000,34.299999,1,198.000000,-8.500000,198.182366,0.042903,2.458158
293,detected,OK,510.000000,646.500000,0.856937,1,0,704.500000,639.500000,34.900002,1,194.500000,-7.000000,194.625923,0.035974,2.061169
294,detected,OK,521.500000,635.500000,0.902854,1,0,715.500000,622.500000,33.599998,1,194.000000,-13.000000,194.435079,0.066910,3.833677
295,detected,OK,522.000000,635.000000,0.897317,1,0,714.500000,619.500000,35.299999,1,192.500000,-15.500000,193.123018,0.080346,4.603495
296,detected,OK,522.000000,633.500000,0.869637,1,0,715.500000,617.500000,35.200001,1,193.500000,-16.000000,194.160372,0.082500,4.726882
297,detected,OK,523.000000,637.500000,0.868430,1,0,719.500000,619.500000,35.500000,1,196.500000,-18.000000,197.322705,0.091348,5.233862
298,detected,OK,524.000000,639.000000,0.890498,1,0,717.500000,620.500000,33.000000,1,193.500000,-18.500000,194.382355,0.095318,5.461291
299,detected,OK,524.000000,639.500000,0.868613,1,0,718.500000,621.500000,33.799999,1,194.500000,-18.000000,195.331129,0.092282,5.287377
300,detected,OK,528.000000,654.500000,0.845262,1,0,719.500000,629.500000,34.700001,1,191.500000,-25.000000,193.124960,0.129814,7.437803
301,detected,OK,528.000000,655.000000,0.888342,1,0,722.500000,630.500000,35.299999,1,194.500000,-24.500000,196.036986,0.125304,7.179394
302,detected,OK,528.000000,655.000000,0.889966,1,0,719.500000,628.500000,34.900002,1,191.500000,-26.500000,193.324856,0.137508,7.878623
303,detected,OK,528.000000,653.500000,0.864941,1,0,719.500000,620.500000,34.900002,1,191.500000,-33.000000,194.322541,0.170648,9.777397
304,detected,OK,528.000000,653.000000,0.893877,1,0,718.500000,624.500000,34.299999,1,190.500000,-28.500000,192.620092,0.148505,8.508703
305,detected,OK,528.000000,652.500000,0.859483,1,0,721.500000,620.500000,34.200001,1,193.500000,-32.000000,196.128147,0.163891,9.390282
306,detected,OK,528.000000,649.500000,0.861961,1,0,719.500000,614.500000,35.200001,1,191.500000,-35.000000,194.672160,0.180772,10.357496
307,detected,OK,528.500000,649.500000,0.890120,1,0,718.500000,612.500000,34.000000,1,190.000000,-37.000000,193.569109,0.192330,11.019683
308,detected,OK,529.000000,650.000000,0.884687,1,0,717.500000,613.500000,34.599998,1,188.500000,-36.500000,192.001302,0.191267,10.958788
309,detected,OK,530.000000,661.000000,0.891166,1,0,716.500000,619.500000,35.099998,1,186.500000,-41.500000,191.061508,0.218953,12.545071
310,detected,OK,530.000000,662.500000,0.846928,1,0,716.500000,621.500000,34.799999,1,186.500000,-41.000000,190.953528,0.216397,12.398627
311,detected,OK,530.000000,663.500000,0.862095,1,0,716.500000,623.500000,36.500000,1,186.500000,-40.000000,190.741317,0.211276,12.105247
312,detected,OK,531.000000,667.000000,0.887175,1,0,717.500000,624.500000,33.700001,1,186.500000,-42.500000,191.281207,0.224056,12.837458
313,detected,OK,531.000000,668.000000,0.887645,1,0,716.500000,623.500000,35.099998,1,185.500000,-44.500000,190.762942,0.235443,13.489892
314,detected,OK,530.500000,669.500000,0.892460,1,0,714.500000,625.500000,34.099998,1,184.000000,-44.000000,189.187737,0.234723,13.448615
315,detected,OK,530.500000,671.500000,0.891261,1,0,719.500000,627.500000,34.400002,1,189.000000,-44.000000,194.054116,0.228730,13.105269
316,detected,OK,530.500000,673.500000,0.892161,1,0,716.500000,631.500000,34.000000,1,186.000000,-42.000000,190.682983,0.222082,12.724356
317,detected,OK,530.500000,677.000000,0.851754,1,0,717.500000,630.500000,33.799999,1,187.000000,-46.500000,192.694707,0.243720,13.964128
318,detected,OK,530.500000,688.000000,0.858448,1,0,713.500000,640.500000,33.799999,1,183.000000,-47.500000,189.064143,0.253959,14.550752
319,detected,OK,530.000000,691.000000,0.891517,2,0,656.500000,860.500000,37.400002,1,126.500000,169.500000,211.500591,-0.929659,-53.265553
319,detected,OK,530.000000,691.000000,0.891517,2,1,531.500000,533.500000,31.600000,1,1.500000,-157.500000,157.507143,1.561273,89.454342
320,detected,OK,530.500000,693.500000,0.895275,2,0,654.500000,862.500000,38.200001,1,124.000000,169.000000,209.611545,-0.937791,-53.731467
320,detected,OK,530.500000,693.500000,0.895275,2,1,530.500000,535.500000,31.400000,1,0.000000,-158.000000,158.000000,1.570796,90.000000
321,detected,OK,531.000000,695.000000,0.894948,2,0,657.500000,866.500000,36.900002,1,126.500000,171.500000,213.106781,-0.935273,-53.587168
321,detected,OK,531.000000,695.000000,0.894948,2,1,536.500000,534.500000,30.799999,1,5.500000,-160.500000,160.594209,1.536542,88.037361
322,detected,OK,532.000000,697.000000,0.890502,2,0,657.500000,865.500000,36.099998,1,125.500000,168.500000,210.101166,-0.930627,-53.320997
322,detected,OK,532.000000,697.000000,0.890502,2,1,528.500000,535.500000,34.299999,1,-3.500000,-161.500000,161.537921,1.592465,91.241510
323,detected,OK,532.500000,699.000000,0.863045,2,0,656.500000,867.500000,38.099998,1,124.000000,168.500000,209.208628,-0.936377,-53.650461
323,detected,OK,532.500000,699.000000,0.863045,2,1,533.500000,538.500000,33.200001,1,1.000000,-160.500000,160.503115,1.564566,89.643022
324,detected,OK,748.000000,821.500000,0.869401,2,0,890.500000,983.500000,39.900002,1,142.500000,162.000000,215.755069,-0.849350,-48.664184
324,detected,OK,748.000000,821.500000,0.869401,2,1,728.500000,661.500000,33.599998,1,-19.500000,-160.000000,161.183901,1.692073,96.948654
325,detected,OK,759.000000,821.000000,0.896987,2,0,738.500000,663.500000,31.500000,1,-20.500000,-157.500000,158.828524,1.700227,97.415855
325,detected,OK,759.000000,821.000000,0.896987,2,1,904.500000,980.500000,37.799999,1,145.500000,159.500000,215.894650,-0.831268,-47.628125
326,detected,OK,762.000000,821.000000,0.897686,2,0,909.500000,979.500000,37.799999,1,147.500000,158.500000,216.514434,-0.821330,-47.058766
326,detected,OK,762.000000,821.000000,0.897686,2,1,742.500000,663.500000,31.600000,1,-19.500000,-157.500000,158.702552,1.693979,97.057847
327,detected,OK,776.000000,767.000000,0.899030,2,0,928.500000,918.500000,35.900002,1,152.500000,151.500000,214.961624,-0.782109,-44.811528
327,detected,OK,776.000000,767.000000,0.899030,2,1,747.500000,611.500000,31.799999,1,-28.500000,-155.500000,158.090164,1.752064,100.385887
328,detected,OK,775.000000,761.000000,0.896025,2,0,928.500000,911.500000,36.099998,1,153.500000,150.500000,214.970928,-0.775530,-44.434599
328,detected,OK,775.000000,761.000000,0.896025,2,1,741.500000,605.500000,33.000000,1,-33.500000,-155.500000,159.067596,1.782987,102.157650
329,detected,OK,774.000000,758.500000,0.857035,2,0,926.500000,907.500000,38.500000,1,152.500000,149.000000,213.207059,-0.773790,-44.334905
329,detected,OK,774.000000,758.500000,0.857035,2,1,744.500000,601.500000,33.799999,1,-29.500000,-157.000000,159.747457,1.756529,100.641688
330,detected,OK,790.000000,744.000000,0.890406,2,0,949.500000,884.500000,38.200001,1,159.500000,140.500000,212.557051,-0.722149,-41.376107
330,detected,OK,790.000000,744.000000,0.890406,2,1,751.500000,588.500000,33.299999,1,-38.500000,-155.500000,160.195193,1.813504,103.906125
331,detected,OK,792.000000,745.000000,0.892500,2,0,953.500000,886.500000,38.599998,1,161.500000,141.500000,214.719585,-0.719487,-41.223578
331,detected,OK,792.000000,745.000000,0.892500,2,1,747.500000,591.500000,33.299999,1,-44.500000,-153.500000,159.820211,1.852964,106.166994
332,detected,OK,793.500000,744.500000,0.885122,2,0,954.500000,884.500000,36.400002,1,161.000000,140.000000,213.356509,-0.715744,-41.009087
332,detected,OK,793.500000,744.500000,0.885122,2,1,746.500000,591.500000,32.200001,1,-47.000000,-153.000000,160.056240,1.868836,107.076410
333,detected,OK,820.000000,749.000000,0.898670,2,0,988.500000,878.500000,38.599998,1,168.500000,129.500000,212.514705,-0.655265,-37.543935
333,detected,OK,820.000000,749.000000,0.898670,2,1,765.500000,596.500000,31.600000,1,-54.500000,-152.500000,161.945979,1.914028,109.665723
334,detected,OK,821.500000,749.000000,0.870923,1,0,766.500000,596.500000,31.500000,1,-55.000000,-152.500000,162.114928,1.916932,109.832130
335,detected,OK,823.500000,747.500000,0.833096,1,0,769.500000,597.500000,33.000000,1,-54.000000,-150.000000,159.423963,1.916352,109.798876
336,detected,OK,839.500000,731.000000,0.870017,1,0,777.500000,584.500000,33.599998,1,-62.000000,-146.500000,159.079383,1.971148,112.938479
337,detected,OK,842.500000,726.000000,0.867347,1,0,778.500000,579.500000,33.000000,1,-64.000000,-146.500000,159.869478,1.982670,113.598596
338,detected,OK,845.500000,725.000000,0.874933,1,0,775.500000,580.500000,33.000000,1,-70.000000,-144.500000,160.562293,2.021910,115.846897
339,detected,OK,852.000000,718.000000,0.898327,1,0,781.500000,573.500000,33.000000,1,-70.500000,-144.500000,160.780907,2.024708,116.007252
340,detected,OK,853.500000,716.000000,0.866442,1,0,778.500000,574.500000,33.599998,1,-75.000000,-141.500000,160.147588,2.058182,117.925170
341,detected,OK,855.500000,715.000000,0.866548,1,0,780.500000,570.500000,32.200001,1,-75.000000,-144.500000,162.804330,2.049553,117.430718
342,detected,OK,857.500000,713.000000,0.870225,1,0,781.500000,569.500000,31.799999,1,-76.000000,-143.500000,162.383035,2.057856,117.906443
343,detected,OK,858.000000,711.500000,0.867593,1,0,784.500000,569.500000,32.700001,1,-73.500000,-142.000000,159.894496,2.048429,117.366339
344,detected,OK,859.500000,710.000000,0.865781,1,0,777.500000,570.500000,31.500000,1,-82.000000,-139.500000,161.815481,2.102207,120.447592
345,detected,OK,870.500000,697.500000,0.833387,1,0,781.500000,560.500000,31.900000,1,-89.000000,-137.000000,163.370744,2.146915,123.009165
346,detected,OK,871.000000,697.500000,0.806349,1,0,781.500000,566.500000,32.200001,1,-89.500000,-131.000000,158.654499,2.170162,124.341128
347,detected,OK,871.500000,697.000000,0.868413,1,0,781.500000,561.500000,34.299999,1,-90.000000,-135.500000,162.666069,2.157094,123.592377
348,detected,OK,878.000000,685.500000,0.868884,1,0,776.500000,557.500000,34.299999,1,-101.500000,-128.000000,163.359267,2.241235,128.413317
349,detected,OK,879.500000,685.000000,0.872950,1,0,775.500000,562.500000,32.200001,1,-104.000000,-122.500000,160.693030,2.274698,130.330577
350,detected,OK,880.000000,685.000000,0.898943,1,0,776.500000,561.500000,33.000000,1,-103.500000,-123.500000,161.135037,2.268316,129.964915
351,detected,OK,888.000000,665.000000,0.896036,1,0,768.500000,550.500000,33.299999,1,-119.500000,-114.500000,165.500755,2.377559,136.224083
352,detected,OK,890.000000,663.500000,0.869022,1,0,769.500000,547.500000,32.500000,1,-120.500000,-116.000000,167.261024,2.375220,136.090063
353,detected,OK,890.000000,663.500000,0.869072,1,0,772.500000,549.500000,32.099998,1,-117.500000,-114.000000,163.713927,2.371312,135.866177
354,detected,OK,892.000000,653.000000,0.892169,1,0,764.500000,548.500000,31.900000,1,-127.500000,-104.500000,164.852965,2.455010,140.661685
355,detected,OK,893.000000,651.500000,0.863878,1,0,765.500000,546.500000,33.799999,1,-127.500000,-105.000000,165.170367,2.452668,140.527540
356,detected,OK,893.500000,650.500000,0.882377,1,0,761.500000,548.500000,34.299999,1,-132.000000,-102.000000,166.817265,2.483704,142.305760
357,detected,OK,893.500000,649.000000,0.863776,1,0,761.500000,544.500000,31.900000,1,-132.000000,-104.500000,168.357507,2.471954,141.632515
358,detected,OK,902.000000,624.000000,0.891603,1,0,755.500000,540.500000,31.400000,1,-146.500000,-83.500000,168.625324,2.623550,150.318336
359,detected,OK,902.000000,625.000000,0.870097,0,-1,,,,0,,,,,
360,detected,OK,902.000000,625.000000,0.872583,0,-1,,,,0,,,,,
361,detected,OK,755.500000,707.500000,0.829625,0,-1,,,,0,,,,,
362,detected,OK,679.000000,732.000000,0.736157,0,-1,,,,0,,,,,
363,detected,OK,645.500000,741.000000,0.769020,0,-1,,,,0,,,,,
364,detected,OK,514.000000,782.500000,0.883538,1,0,708.500000,772.500000,35.500000,1,194.500000,-10.000000,194.756900,0.051369,2.943207
365,detected,OK,516.500000,777.000000,0.879524,1,0,710.500000,764.500000,35.500000,1,194.000000,-12.500000,194.402289,0.064344,3.686642
366,detected,OK,518.000000,771.500000,0.883667,1,0,712.500000,757.500000,35.500000,1,194.500000,-14.000000,195.003205,0.071856,4.117017
367,detected,OK,578.500000,757.000000,0.868710,1,0,765.500000,719.500000,34.900002,1,187.000000,-37.500000,190.722967,0.197910,11.339390
368,detected,OK,582.500000,757.000000,0.870145,1,0,770.500000,720.500000,33.799999,1,188.000000,-36.500000,191.510444,0.191763,10.987225
369,detected,OK,586.000000,757.500000,0.875275,1,0,772.500000,716.500000,35.099998,1,186.500000,-41.000000,190.953528,0.216397,12.398627
370,detected,OK,611.000000,775.500000,0.871321,1,0,791.500000,713.500000,34.900002,1,180.500000,-62.000000,190.851382,0.330864,18.957100
371,detected,OK,612.000000,777.500000,0.869702,1,0,790.500000,712.500000,32.900002,1,178.500000,-65.000000,189.966444,0.349221,20.008875
372,detected,OK,614.000000,779.500000,0.873422,1,0,788.500000,712.500000,35.099998,1,174.500000,-67.000000,186.920438,0.366598,21.004500
373,detected,OK,616.000000,785.500000,0.873412,1,0,786.500000,714.500000,33.799999,1,170.500000,-71.000000,184.692312,0.394583,22.607933
374,detected,OK,616.000000,791.000000,0.896066,1,0,787.500000,717.500000,34.299999,1,171.500000,-73.500000,186.586441,0.404892,23.198591
375,detected,OK,617.000000,797.000000,0.898566,1,0,786.500000,722.500000,35.500000,1,169.500000,-74.500000,185.149939,0.414111,23.726835
376,detected,OK,620.000000,802.500000,0.865437,1,0,786.500000,724.500000,33.599998,1,166.500000,-78.000000,183.864760,0.438106,25.101609
377,detected,OK,622.000000,806.500000,0.867215,1,0,790.500000,730.500000,34.200001,1,168.500000,-76.000000,184.846558,0.423717,24.277211
378,detected,OK,624.000000,809.500000,0.870984,1,0,791.500000,724.500000,35.099998,1,167.500000,-85.000000,187.833038,0.469600,26.906093
379,detected,OK,653.500000,803.500000,0.839837,1,0,813.500000,710.500000,34.400002,1,160.000000,-93.000000,185.064853,0.526519,30.167296
380,detected,OK,656.000000,803.500000,0.866868,1,0,809.500000,708.500000,33.200001,1,153.500000,-95.000000,180.519390,0.554195,31.753055
381,detected,OK,658.500000,803.500000,0.894567,1,0,813.500000,709.500000,33.799999,1,155.000000,-94.000000,181.276033,0.545150,31.234785
382,detected,OK,666.000000,793.500000,0.867068,1,0,811.500000,686.500000,33.799999,1,145.500000,-107.000000,180.608001,0.634088,36.330585
383,detected,OK,668.000000,793.000000,0.896406,1,0,808.500000,684.500000,33.299999,1,140.500000,-108.500000,177.517605,0.657585,37.676827
384,detected,OK,669.500000,793.000000,0.867712,1,0,815.500000,683.500000,32.400002,1,146.000000,-109.500000,182.500000,0.643501,36.869898
385,detected,OK,670.000000,793.000000,0.897022,1,0,810.500000,683.500000,32.500000,1,140.500000,-109.500000,178.130570,0.662028,37.931405
386,detected,OK,680.000000,793.000000,0.893994,1,0,814.500000,679.500000,34.099998,1,134.500000,-113.500000,175.990057,0.700922,40.159888
387,detected,OK,682.000000,793.000000,0.893718,1,0,814.500000,674.500000,33.500000,1,132.500000,-118.500000,177.759669,0.729679,41.807527
388,detected,OK,684.500000,792.500000,0.895896,1,0,818.500000,673.500000,33.000000,1,134.000000,-119.000000,179.212165,0.726179,41.606989
389,detected,OK,686.000000,793.000000,0.895560,1,0,815.500000,669.500000,33.799999,1,129.500000,-123.500000,178.948317,0.761687,43.641461
390,detected,OK,688.000000,793.500000,0.873159,1,0,813.500000,670.500000,34.299999,1,125.500000,-123.000000,175.724927,0.775338,44.423603
391,detected,OK,690.000000,794.500000,0.867922,1,0,815.500000,673.500000,33.299999,1,125.500000,-121.000000,174.330864,0.767145,43.954149
392,detected,OK,698.000000,795.000000,0.902647,1,0,817.500000,664.500000,33.799999,1,119.500000,-130.500000,176.947732,0.829370,47.519389
393,detected,OK,701.000000,793.500000,0.874778,1,0,816.500000,664.500000,34.700001,1,115.500000,-129.000000,173.150946,0.840557,48.160362
394,detected,OK,704.000000,791.500000,0.873497,1,0,821.500000,663.500000,34.900002,1,117.500000,-128.000000,173.753417,0.828142,47.449040
395,detected,OK,707.000000,791.500000,0.876004,1,0,822.500000,660.500000,30.799999,1,115.500000,-131.000000,174.646071,0.848196,48.598040
396,detected,OK,712.000000,791.000000,0.901271,1,0,822.500000,660.500000,32.900002,1,110.500000,-130.500000,170.998538,0.868196,49.743966
397,detected,OK,715.500000,791.000000,0.878362,1,0,824.500000,657.500000,34.900002,1,109.000000,-133.500000,172.346308,0.886087,50.769070
398,detected,OK,731.000000,769.000000,0.898465,1,0,820.500000,625.500000,32.700001,1,89.500000,-143.500000,169.122736,1.013137,58.048483
399,detected,OK,732.000000,766.500000,0.863178,1,0,819.500000,618.500000,33.799999,1,87.500000,-148.000000,171.930945,1.036861,59.407732
400,detected,OK,732.000000,765.000000,0.901642,1,0,818.500000,623.500000,33.799999,1,86.500000,-141.500000,165.844807,1.022104,58.562246
401,detected,OK,744.500000,765.500000,0.844333,1,0,809.500000,615.500000,32.200001,1,65.000000,-150.000000,163.477827,1.161888,66.571307
402,detected,OK,747.000000,769.000000,0.901809,1,0,809.500000,615.500000,34.299999,1,62.500000,-153.500000,165.736236,1.184128,67.845512
403,detected,OK,748.000000,769.500000,0.882047,1,0,805.500000,616.500000,32.200001,1,57.500000,-153.000000,163.448004,1.211310,69.402927
404,detected,OK,750.000000,769.500000,0.879345,1,0,801.500000,612.500000,34.099998,1,51.500000,-157.000000,165.230899,1.253830,71.839192
405,detected,OK,752.500000,769.500000,0.908979,1,0,803.500000,615.500000,32.200001,1,51.000000,-154.000000,162.225152,1.250995,71.676739
406,detected,OK,754.000000,770.500000,0.875787,1,0,803.500000,617.500000,32.900002,1,49.500000,-153.000000,160.808115,1.257895,72.072080
407,detected,OK,756.500000,771.500000,0.883684,0,-1,,,,0,,,,,
408,detected,OK,760.000000,771.500000,0.876808,1,0,800.500000,612.500000,33.799999,1,40.500000,-159.000000,164.076964,1.321383,75.709675
409,detected,OK,762.500000,772.500000,0.904197,1,0,804.500000,613.500000,32.099998,1,42.000000,-159.000000,164.453641,1.312544,75.203238
410,detected,OK,768.000000,773.000000,0.903135,1,0,807.500000,615.500000,34.000000,1,39.500000,-157.500000,162.377646,1.325071,75.920967
411,detected,OK,775.000000,772.500000,0.870355,1,0,810.500000,614.500000,33.799999,1,35.500000,-158.000000,161.939032,1.349783,77.336876
412,detected,OK,780.500000,772.000000,0.864563,1,0,808.500000,611.500000,32.900002,1,28.000000,-160.500000,162.924062,1.398080,80.104065
413,detected,OK,783.000000,772.500000,0.872262,1,0,811.500000,613.500000,33.799999,1,28.500000,-159.000000,161.534052,1.393435,79.837917
414,detected,OK,785.500000,772.500000,0.843331,1,0,808.500000,613.500000,30.799999,1,23.000000,-159.000000,160.654910,1.427139,81.769025
415,detected,OK,787.500000,772.500000,0.843693,1,0,811.500000,611.500000,32.099998,1,24.000000,-161.000000,162.778991,1.422818,81.521448
416,detected,OK,789.500000,771.500000,0.844777,1,0,805.500000,609.500000,34.400002,1,16.000000,-162.000000,162.788206,1.472350,84.359451
417,detected,OK,798.000000,761.500000,0.881941,1,0,800.500000,602.500000,31.900000,1,2.500000,-159.000000,159.019653,1.555074,89.099197
418,detected,OK,798.000000,760.500000,0.875443,1,0,798.500000,604.500000,33.500000,1,0.500000,-156.000000,156.000801,1.567591,89.816360
419,detected,OK,799.500000,758.500000,0.840914,1,0,794.500000,596.500000,31.600000,1,-5.000000,-162.000000,162.077142,1.601651,91.767827
420,detected,OK,799.500000,759.000000,0.876060,1,0,788.500000,601.500000,32.099998,1,-11.000000,-157.500000,157.883660,1.640524,93.995123
421,detected,OK,798.500000,759.500000,0.908944,1,0,781.500000,600.500000,33.599998,1,-17.000000,-159.000000,159.906223,1.677310,96.102780
422,detected,OK,798.000000,759.500000,0.881500,1,0,783.500000,603.500000,34.299999,1,-14.500000,-156.000000,156.672429,1.663479,95.310312
423,detected,OK,797.500000,759.500000,0.847943,1,0,775.500000,600.500000,34.299999,1,-22.000000,-159.000000,160.514797,1.708288,97.877700
424,detected,OK,797.500000,759.500000,0.850663,1,0,775.500000,603.500000,30.700001,1,-22.000000,-156.000000,157.543645,1.710898,98.027238
425,detected,OK,799.500000,757.000000,0.849351,0,-1,,,,0,,,,,
426,detected,OK,799.500000,757.000000,0.849316,0,-1,,,,0,,,,,
427,detected,OK,799.500000,755.500000,0.803936,0,-1,,,,0,,,,,
428,detected,OK,800.000000,755.500000,0.849031,0,-1,,,,0,,,,,
429,detected,OK,801.000000,755.000000,0.882760,0,-1,,,,0,,,,,
430,detected,OK,802.000000,754.500000,0.834815,0,-1,,,,0,,,,,
431,detected,OK,803.500000,753.000000,0.850921,0,-1,,,,0,,,,,
432,detected,OK,804.000000,751.000000,0.881683,0,-1,,,,0,,,,,
433,detected,OK,805.500000,749.500000,0.811357,0,-1,,,,0,,,,,
434,detected,OK,807.000000,748.000000,0.877312,0,-1,,,,0,,,,,
435,detected,OK,808.000000,747.000000,0.879787,0,-1,,,,0,,,,,
436,detected,OK,809.500000,745.500000,0.814363,0,-1,,,,0,,,,,
437,detected,OK,810.000000,745.000000,0.885165,0,-1,,,,0,,,,,
438,detected,OK,810.000000,745.500000,0.854428,0,-1,,,,0,,,,,
439,detected,OK,810.000000,745.500000,0.853669,0,-1,,,,0,,,,,
440,detected,OK,810.000000,745.500000,0.852945,0,-1,,,,0,,,,,
441,detected,OK,810.000000,745.000000,0.881537,0,-1,,,,0,,,,,
442,detected,OK,811.500000,745.000000,0.845051,0,-1,,,,0,,,,,
443,detected,OK,812.000000,745.000000,0.882832,0,-1,,,,0,,,,,
444,detected,OK,812.000000,745.000000,0.886400,0,-1,,,,0,,,,,
445,detected,OK,813.000000,745.000000,0.883632,0,-1,,,,0,,,,,
446,detected,OK,813.500000,745.000000,0.854970,0,-1,,,,0,,,,,
447,detected,OK,813.500000,745.500000,0.814256,0,-1,,,,0,,,,,
448,detected,OK,814.000000,745.500000,0.853323,0,-1,,,,0,,,,,
449,detected,OK,814.000000,745.500000,0.847689,0,-1,,,,0,,,,,
450,detected,OK,816.000000,745.000000,0.889033,0,-1,,,,0,,,,,
451,detected,OK,817.000000,745.000000,0.885766,0,-1,,,,0,,,,,
452,detected,OK,818.000000,746.500000,0.847875,0,-1,,,,0,,,,,
453,detected,OK,818.000000,747.000000,0.908190,2,0,1008.500000,836.500000,35.099998,1,190.500000,89.500000,210.476840,-0.439210,-25.164902
453,detected,OK,818.000000,747.000000,0.908190,2,1,725.500000,616.500000,31.400000,1,-92.500000,-130.500000,159.957807,2.187412,125.329482
454,detected,OK,819.500000,747.500000,0.850339,2,0,1007.500000,834.500000,38.000000,1,188.000000,87.000000,207.154532,-0.433419,-24.833093
454,detected,OK,819.500000,747.500000,0.850339,2,1,726.500000,616.500000,33.500000,1,-93.000000,-131.000000,160.654910,2.188151,125.371844
455,detected,OK,819.500000,747.500000,0.848667,1,0,1009.500000,836.500000,36.400002,1,190.000000,89.000000,209.811820,-0.438067,-25.099381
456,detected,OK,818.500000,749.000000,0.874862,2,0,1009.500000,835.500000,36.400002,1,191.000000,86.500000,209.674152,-0.425246,-24.364801
456,detected,OK,818.500000,749.000000,0.874862,2,1,721.500000,620.500000,31.600000,1,-97.000000,-128.500000,161.000776,2.217403,127.047834
457,detected,OK,613.500000,608.000000,0.898170,1,0,801.500000,681.500000,38.500000,1,188.000000,73.500000,201.857004,-0.372687,-21.353384
458,detected,OK,557.000000,585.000000,0.850887,2,0,741.500000,656.500000,35.200001,1,184.500000,71.500000,197.869907,-0.369714,-21.183037
458,detected,OK,557.000000,585.000000,0.850887,2,1,449.500000,461.500000,33.299999,1,-107.500000,-123.500000,163.733014,2.287041,131.037789
459,detected,OK,539.000000,571.500000,0.887959,2,0,727.500000,642.500000,38.099998,1,188.500000,71.000000,201.428027,-0.360223,-20.639276
459,detected,OK,539.000000,571.500000,0.887959,2,1,431.500000,447.500000,32.099998,1,-107.500000,-124.000000,164.110481,2.285041,130.923178
460,detected,OK,723.500000,675.000000,0.824425,2,0,920.500000,728.500000,32.700001,1,197.000000,53.500000,204.135372,-0.265178,-15.193577
460,detected,OK,723.500000,675.000000,0.824425,2,1,602.500000,562.500000,31.600000,1,-121.000000,-112.500000,165.218794,2.392581,137.084793
461,detected,OK,759.500000,685.500000,0.863079,1,0,956.500000,734.500000,35.200001,1,197.000000,49.000000,203.002463,-0.243784,-13.967790
462,detected,OK,789.500000,695.500000,0.859802,2,0,985.500000,745.500000,36.599998,1,196.000000,50.000000,202.277038,-0.249775,-14.311041
462,detected,OK,789.500000,695.500000,0.859802,2,1,663.500000,586.500000,33.799999,1,-126.000000,-109.000000,166.604322,2.428409,139.137594
463,detected,OK,812.000000,707.500000,0.888384,2,0,1012.500000,749.500000,34.700001,1,200.500000,42.000000,204.851776,-0.206491,-11.831038
463,detected,OK,812.000000,707.500000,0.888384,2,1,681.500000,607.500000,31.900000,1,-130.500000,-100.000000,164.408789,2.487751,142.537649
464,detected,OK,788.500000,697.500000,0.917551,2,0,984.500000,735.500000,36.099998,1,196.000000,38.000000,199.649693,-0.191502,-10.972240
464,detected,OK,788.500000,697.500000,0.917551,2,1,657.500000,593.500000,34.200001,1,-131.000000,-104.000000,167.263266,2.470587,141.554181
465,detected,OK,762.500000,685.000000,0.884530,1,0,962.500000,721.500000,34.900002,1,200.000000,36.500000,203.303345,-0.180513,-10.342657
466,detected,OK,733.500000,671.500000,0.864436,1,0,930.500000,709.500000,37.200001,1,197.000000,38.000000,200.631503,-0.190553,-10.917885
467,detected,OK,701.500000,660.000000,0.822810,1,0,896.500000,697.500000,36.400002,1,195.000000,37.500000,198.573034,-0.189988,-10.885527
468,detected,OK,500.000000,594.000000,0.898373,2,0,693.500000,629.500000,35.099998,1,193.500000,35.500000,196.729510,-0.181445,-10.396019
468,detected,OK,500.000000,594.000000,0.898373,2,1,362.500000,492.500000,32.900002,1,-137.500000,-101.500000,170.904944,2.505698,143.565931
469,detected,OK,488.000000,591.500000,0.870660,2,0,686.500000,627.500000,35.500000,1,198.500000,36.000000,201.738073,-0.179410,-10.279444
469,detected,OK,488.000000,591.500000,0.870660,2,1,350.500000,491.500000,33.599998,1,-137.500000,-100.000000,170.018381,2.512796,143.972627
470,detected,OK,472.000000,589.500000,0.867812,2,0,666.500000,623.500000,35.299999,1,194.500000,34.000000,197.449361,-0.173059,-9.915527
470,detected,OK,472.000000,589.500000,0.867812,2,1,333.500000,489.500000,33.000000,1,-138.500000,-100.000000,170.828130,2.516239,144.169900
471,detected,OK,488.000000,647.000000,0.885852,1,0,682.500000,669.500000,34.900002,1,194.500000,22.500000,195.797089,-0.115169,-6.598716
472,detected,OK,492.000000,652.000000,0.881228,1,0,689.500000,671.500000,34.700001,1,197.500000,19.500000,198.460323,-0.098415,-5.638776
473,detected,OK,494.500000,657.000000,0.848946,1,0,692.500000,674.500000,34.700001,1,198.000000,17.500000,198.771854,-0.088155,-5.050896
474,detected,OK,520.000000,653.000000,0.877665,1,0,717.500000,658.500000,34.400002,1,197.500000,5.500000,197.576567,-0.027841,-1.595166
475,detected,OK,521.000000,651.000000,0.878048,1,0,720.500000,658.500000,34.900002,1,199.500000,7.500000,199.640928,-0.037576,-2.152963
476,detected,OK,522.000000,649.500000,0.855736,1,0,720.500000,656.500000,35.200001,1,198.500000,7.000000,198.623387,-0.035250,-2.019669
477,lost,NO_R_CANDIDATE,,,,2,0,715.500000,616.500000,33.799999,0,,,,,
477,lost,NO_R_CANDIDATE,,,,2,1,360.500000,544.500000,33.799999,0,,,,,
478,lost,NO_R_CANDIDATE,,,,2,0,719.500000,615.500000,34.400002,0,,,,,
478,lost,NO_R_CANDIDATE,,,,2,1,360.500000,543.500000,33.799999,0,,,,,
479,detected,OK,521.500000,614.500000,0.872130,1,0,714.500000,612.500000,35.200001,1,193.000000,-2.000000,193.010362,0.010362,0.593717
480,detected,OK,520.000000,625.000000,0.875697,2,0,356.500000,559.500000,34.400002,1,-163.500000,-65.500000,176.132053,2.760559,158.168387
480,detected,OK,520.000000,625.000000,0.875697,2,1,712.500000,616.500000,34.400002,1,192.500000,-8.500000,192.687571,0.044127,2.528301
481,lost,NO_R_CANDIDATE,,,,1,0,716.500000,619.500000,34.400002,0,,,,,
482,lost,NO_R_CANDIDATE,,,,1,0,711.500000,619.500000,35.200001,0,,,,,
483,detected,OK,521.000000,661.500000,0.850044,1,0,712.500000,647.500000,34.400002,1,191.500000,-14.000000,192.011067,0.072977,4.181287
484,lost,NO_R_CANDIDATE,,,,1,0,710.500000,653.500000,34.200001,0,,,,,
485,detected,OK,520.000000,673.500000,0.850084,1,0,716.500000,658.500000,34.700001,1,196.500000,-15.000000,197.071687,0.076188,4.365258
486,lost,NO_R_CANDIDATE,,,,1,0,712.500000,661.500000,34.400002,0,,,,,
487,detected,OK,523.000000,690.000000,0.878765,1,0,714.500000,668.500000,37.299999,1,191.500000,-21.500000,192.703140,0.111803,6.405860
488,detected,OK,524.000000,689.000000,0.881920,1,0,717.500000,665.500000,34.900002,1,193.500000,-23.500000,194.921779,0.120855,6.924491
489,detected,OK,524.000000,687.500000,0.855499,1,0,716.500000,661.500000,33.299999,1,192.500000,-26.000000,194.247909,0.134253,7.692102
490,detected,OK,524.000000,687.000000,0.882969,1,0,715.500000,658.500000,34.000000,1,191.500000,-28.500000,193.609142,0.147741,8.464917
491,detected,OK,524.000000,685.500000,0.856414,1,0,714.500000,660.500000,37.200001,1,190.500000,-25.000000,192.133417,0.130488,7.476406
492,detected,OK,524.000000,685.000000,0.883213,1,0,715.500000,655.500000,34.099998,1,191.500000,-29.500000,193.758871,0.152846,8.757403
493,detected,OK,524.000000,684.500000,0.845746,1,0,715.500000,659.500000,33.700001,1,191.500000,-25.000000,193.124960,0.129814,7.437803
494,detected,OK,525.000000,684.000000,0.880160,1,0,715.500000,659.500000,34.400002,1,190.500000,-24.500000,192.068998,0.127907,7.328520
495,detected,OK,526.000000,683.500000,0.855712,1,0,714.500000,653.500000,35.500000,1,188.500000,-30.000000,190.872340,0.157828,9.042852
496,detected,OK,526.000000,683.500000,0.854595,1,0,716.500000,652.500000,32.900002,1,190.500000,-31.000000,193.005829,0.161316,9.242706
497,detected,OK,528.500000,686.000000,0.849153,1,0,716.500000,651.500000,34.900002,1,188.000000,-34.500000,191.139347,0.181491,10.398686
498,detected,OK,529.500000,687.000000,0.859734,1,0,716.500000,653.500000,36.500000,1,187.000000,-33.500000,189.976972,0.177264,10.156482
499,detected,OK,528.000000,687.000000,0.884842,1,0,714.500000,652.500000,35.099998,1,186.500000,-34.500000,189.664177,0.182919,10.480476
500,detected,OK,530.000000,689.000000,0.883140,1,0,717.500000,649.500000,33.500000,1,187.500000,-39.500000,191.615500,0.207631,11.896358
501,detected,OK,530.500000,690.000000,0.848127,1,0,718.500000,648.500000,34.200001,1,188.000000,-41.500000,192.525972,0.217260,12.448109
502,detected,OK,532.000000,691.000000,0.884339,1,0,716.500000,651.500000,34.200001,1,184.500000,-39.500000,188.680948,0.210908,12.084153
503,detected,OK,532.000000,691.500000,0.851963,1,0,716.500000,652.500000,35.099998,1,184.500000,-39.000000,188.576907,0.208316,11.935603
504,detected,OK,532.500000,694.500000,0.823405,1,0,719.500000,654.500000,31.600000,1,187.000000,-40.000000,191.230228,0.210728,12.073831
505,detected,OK,534.000000,696.000000,0.892467,1,0,722.500000,655.500000,34.799999,1,188.500000,-40.500000,192.801712,0.211637,12.125890
506,detected,OK,534.500000,697.500000,0.897632,2,0,718.500000,656.500000,34.900002,1,184.000000,-41.000000,188.512599,0.219244,12.561774
506,detected,OK,534.500000,697.500000,0.897632,2,1,356.500000,663.500000,35.799999,1,-178.000000,-34.000000,181.218101,2.952855,169.186122
507,detected,OK,535.000000,700.000000,0.892716,1,0,718.500000,656.500000,35.700001,1,183.500000,-43.500000,188.585524,0.232761,13.336201
508,detected,OK,536.000000,701.500000,0.863970,1,0,722.500000,658.500000,35.700001,1,186.500000,-43.000000,191.392920,0.226603,12.983398
509,detected,OK,536.000000,705.000000,0.889159,1,0,721.500000,657.500000,33.799999,1,185.500000,-47.500000,191.484986,0.250678,14.362815
510,detected,OK,536.000000,705.500000,0.865639,1,0,723.500000,661.500000,34.599998,1,187.500000,-44.000000,192.593484,0.230496,13.206451
511,detected,OK,538.000000,709.500000,0.867187,1,0,723.500000,662.500000,34.900002,1,185.500000,-47.000000,191.361569,0.248147,14.217788
512,detected,OK,538.000000,710.000000,0.889980,1,0,718.500000,661.500000,34.099998,1,180.500000,-48.500000,186.902381,0.262498,15.040025
513,detected,OK,538.000000,711.000000,0.888811,1,0,721.500000,660.500000,33.299999,1,183.500000,-50.500000,190.322095,0.268556,15.387136
514,detected,OK,540.000000,711.500000,0.859459,1,0,724.500000,661.500000,34.400002,1,184.500000,-50.000000,191.155042,0.264646,15.163109
515,detected,OK,540.000000,713.000000,0.893108,1,0,725.500000,662.500000,33.799999,1,185.500000,-50.500000,192.251138,0.265796,15.228980
516,detected,OK,540.000000,713.500000,0.864050,1,0,722.500000,660.500000,33.299999,1,182.500000,-53.000000,190.040127,0.282636,16.193876
517,detected,OK,540.000000,714.500000,0.866507,1,0,722.500000,660.500000,33.799999,1,182.500000,-54.000000,190.321439,0.287682,16.482980
518,detected,OK,540.000000,715.500000,0.869427,1,0,724.500000,663.500000,34.400002,1,184.500000,-52.000000,191.687897,0.274717,15.740109
519,detected,OK,541.000000,717.000000,0.892406,1,0,724.500000,664.500000,30.700001,1,183.500000,-52.500000,190.862516,0.278660,15.966013
520,detected,OK,547.500000,723.500000,0.904008,1,0,727.500000,666.500000,33.799999,1,180.000000,-57.000000,188.809428,0.306676,17.571259
521,detected,OK,548.000000,725.000000,0.900061,2,0,364.500000,707.500000,33.799999,1,-183.500000,-17.500000,184.332580,3.046512,174.552301
521,detected,OK,548.000000,725.000000,0.900061,2,1,727.500000,665.500000,33.799999,1,179.500000,-59.500000,189.104468,0.320078,18.339137
522,detected,OK,548.000000,726.500000,0.870761,2,0,730.500000,669.500000,34.700001,1,182.500000,-57.000000,191.194273,0.302729,17.345086
522,detected,OK,548.000000,726.500000,0.870761,2,1,366.500000,706.500000,34.299999,1,-181.500000,-20.000000,182.598603,3.031843,173.711785
523,detected,OK,549.000000,727.500000,0.875337,2,0,730.500000,670.500000,34.799999,1,181.500000,-57.000000,190.239980,0.304296,17.434875
523,detected,OK,549.000000,727.500000,0.875337,2,1,364.500000,709.500000,34.900002,1,-184.500000,-18.000000,185.375969,3.044339,174.427802
524,detected,OK,558.000000,735.500000,0.872477,1,0,732.500000,672.500000,35.200001,1,174.500000,-63.000000,185.524257,0.346468,19.851180
525,detected,OK,558.000000,735.500000,0.870812,1,0,735.500000,670.500000,33.000000,1,177.500000,-65.000000,189.027114,0.351031,20.112588
526,detected,OK,560.000000,735.500000,0.873217,2,0,733.500000,670.500000,34.400002,1,173.500000,-65.000000,185.276145,0.358455,20.537948
526,detected,OK,560.000000,735.500000,0.873217,2,1,374.500000,726.500000,34.700001,1,-185.500000,-9.000000,185.718201,3.093113,177.222329
527,detected,OK,562.000000,735.000000,0.898115,1,0,733.500000,668.500000,34.900002,1,171.500000,-66.500000,183.941567,0.369906,21.194056
528,detected,OK,562.000000,735.000000,0.901547,2,0,374.500000,727.500000,34.700001,1,-187.500000,-7.500000,187.649940,3.101614,177.709390
528,detected,OK,562.000000,735.000000,0.901547,2,1,736.500000,665.500000,33.799999,1,174.500000,-69.500000,187.831041,0.379023,21.716443
529,detected,OK,562.500000,735.000000,0.866877,2,0,737.500000,665.500000,33.000000,1,175.000000,-69.500000,188.295645,0.378041,21.660148
529,detected,OK,562.500000,735.000000,0.866877,2,1,374.500000,726.500000,33.799999,1,-188.000000,-8.500000,188.192056,3.096411,177.411262
530,detected,OK,563.000000,735.000000,0.897307,1,0,377.500000,730.500000,34.599998,1,-185.500000,-4.500000,185.554574,3.117339,178.610348
531,detected,OK,834.500000,576.500000,0.836307,1,0,650.500000,586.500000,33.599998,1,-184.000000,10.000000,184.271539,-3.087298,-176.889159
532,detected,OK,852.000000,571.000000,0.904943,1,0,668.500000,583.500000,34.400002,1,-183.500000,12.500000,183.925257,-3.073578,-176.103038
533,detected,OK,870.500000,565.000000,0.875995,1,0,686.500000,579.500000,34.900002,1,-184.000000,14.500000,184.570447,-3.062951,-175.494155
534,detected,OK,929.500000,507.000000,0.867260,1,0,743.500000,527.500000,34.299999,1,-186.000000,20.500000,187.126294,-3.031821,-173.710527
535,detected,OK,927.500000,503.000000,0.866217,1,0,741.500000,523.500000,34.299999,1,-186.000000,20.500000,187.126294,-3.031821,-173.710527
536,detected,OK,924.500000,502.500000,0.861127,0,-1,,,,0,,,,,
537,detected,OK,923.500000,502.000000,0.859914,1,0,736.500000,524.500000,33.599998,1,-187.000000,22.500000,188.348746,-3.021847,-173.139105
538,detected,OK,914.500000,495.000000,0.856996,1,0,729.500000,521.500000,33.799999,1,-185.000000,26.500000,186.888336,-2.999317,-171.848219
539,detected,OK,909.500000,493.000000,0.854881,1,0,721.500000,519.500000,34.900002,1,-188.000000,26.500000,189.858500,-3.001558,-171.976594
540,detected,OK,905.500000,493.000000,0.856993,1,0,720.500000,521.500000,34.900002,1,-185.000000,28.500000,187.182398,-2.988740,-171.242202
541,detected,OK,901.500000,495.000000,0.859335,1,0,715.500000,520.500000,34.299999,1,-186.000000,25.500000,187.739847,-3.005345,-172.193599
542,detected,OK,897.500000,499.000000,0.859908,1,0,711.500000,527.500000,33.599998,1,-186.000000,28.500000,188.170800,-2.989549,-171.288562
543,detected,OK,887.000000,504.500000,0.857555,1,0,701.500000,533.500000,34.000000,1,-185.500000,29.000000,187.753162,-2.986514,-171.114630
544,detected,OK,868.500000,511.500000,0.820352,1,0,680.500000,543.500000,35.099998,1,-188.000000,32.000000,190.703959,-2.972996,-170.340107
545,detected,OK,865.500000,512.500000,0.877463,1,0,680.500000,548.500000,34.000000,1,-185.000000,36.000000,188.470157,-2.949400,-168.988170
546,detected,OK,864.000000,514.000000,0.880441,1,0,679.500000,551.500000,34.000000,1,-184.500000,37.500000,188.272409,-2.941072,-168.511019
547,detected,OK,866.000000,518.500000,0.841839,1,0,681.500000,557.500000,34.099998,1,-184.500000,39.000000,188.576907,-2.933277,-168.064397
548,detected,OK,866.500000,519.000000,0.853862,1,0,682.500000,559.500000,34.900002,1,-184.000000,40.500000,188.404485,-2.924939,-167.586641
549,detected,OK,868.000000,518.500000,0.842537,1,0,681.500000,556.500000,33.599998,1,-186.500000,38.000000,190.331947,-2.940591,-168.483438
550,detected,OK,869.500000,517.000000,0.858083,1,0,684.500000,557.500000,35.500000,1,-185.000000,40.500000,189.381229,-2.926074,-167.651677
551,detected,OK,870.000000,516.000000,0.879408,1,0,686.500000,555.500000,34.400002,1,-183.500000,39.500000,187.703223,-2.929569,-167.851945
552,detected,OK,872.000000,511.000000,0.883453,1,0,687.500000,553.500000,34.400002,1,-184.500000,42.500000,189.331719,-2.915190,-167.028066
553,detected,OK,871.500000,499.000000,0.852819,1,0,687.500000,548.500000,34.299999,1,-184.000000,49.500000,190.541990,-2.878793,-164.942680
554,detected,OK,870.500000,495.000000,0.852836,1,0,686.500000,545.500000,34.599998,1,-184.000000,50.500000,190.804219,-2.873732,-164.652702
555,detected,OK,869.500000,492.500000,0.876882,1,0,685.500000,542.500000,34.299999,1,-184.000000,50.000000,190.672494,-2.876261,-164.797591
556,detected,OK,870.000000,489.000000,0.882561,1,0,685.500000,539.500000,34.200001,1,-184.500000,50.500000,191.286434,-2.874424,-164.692340
557,detected,OK,869.500000,485.500000,0.876450,1,0,686.500000,537.500000,34.400002,1,-183.000000,52.000000,190.244579,-2.864737,-164.137342
558,detected,OK,869.500000,483.000000,0.817346,0,-1,,,,0,,,,,
559,detected,OK,869.500000,480.500000,0.873982,1,0,685.500000,532.500000,35.799999,1,-184.000000,52.000000,191.206694,-2.866167,-164.219247
560,detected,OK,868.000000,478.500000,0.840595,1,0,684.500000,532.500000,33.599998,1,-183.500000,54.000000,191.280553,-2.855394,-163.602008
561,detected,OK,868.000000,472.500000,0.841798,1,0,683.500000,526.500000,34.200001,1,-184.500000,54.000000,192.240084,-2.856862,-163.686148
562,detected,OK,868.000000,463.000000,0.884902,1,0,685.500000,522.500000,33.700001,1,-182.500000,59.500000,191.954422,-2.826432,-161.942613
563,detected,OK,869.000000,461.000000,0.886553,1,0,686.500000,519.500000,34.900002,1,-182.500000,58.500000,191.646811,-2.831393,-162.226854
564,detected,OK,869.500000,459.000000,0.856174,1,0,684.500000,520.500000,35.000000,1,-185.000000,61.500000,194.954482,-2.820653,-161.611520
565,detected,OK,869.000000,457.500000,0.791890,1,0,683.500000,520.500000,33.799999,1,-185.500000,63.000000,195.906228,-2.814192,-161.241350
566,detected,OK,867.000000,456.500000,0.844155,1,0,681.500000,520.500000,34.099998,1,-185.500000,64.000000,196.230095,-2.809367,-160.964876
567,detected,OK,866.000000,455.500000,0.854814,1,0,682.500000,518.500000,33.299999,1,-183.500000,63.000000,194.013530,-2.810877,-161.051411
568,detected,OK,859.500000,454.500000,0.882405,1,0,678.500000,520.500000,34.599998,1,-181.000000,66.000000,192.657728,-2.791935,-159.966077
569,detected,OK,854.000000,454.500000,0.852275,1,0,674.500000,525.500000,33.799999,1,-179.500000,71.000000,193.031733,-2.764934,-158.419064
570,detected,OK,851.500000,455.000000,0.862207,1,0,671.500000,527.500000,34.000000,1,-180.000000,72.500000,194.052184,-2.758694,-158.061520
571,detected,OK,849.500000,455.000000,0.858783,1,0,669.500000,525.500000,34.400002,1,-180.000000,70.500000,193.313864,-2.768291,-158.611377
572,detected,OK,847.500000,455.000000,0.857905,1,0,665.500000,527.500000,36.599998,1,-182.000000,72.500000,195.908780,-2.762508,-158.280054
573,detected,OK,845.500000,455.000000,0.855495,1,0,664.500000,528.500000,33.799999,1,-181.000000,73.500000,195.354166,-2.755858,-157.899043
574,detected,OK,838.000000,450.500000,0.841119,1,0,662.500000,535.500000,33.500000,1,-175.500000,85.000000,195.000641,-2.690559,-154.157678
575,lost,NO_R_CANDIDATE,,,,1,0,658.500000,534.500000,33.299999,0,,,,,
576,lost,NO_R_CANDIDATE,,,,1,0,661.500000,538.500000,34.599998,0,,,,,
577,detected,OK,836.000000,448.500000,0.838882,1,0,661.500000,535.500000,34.400002,1,-174.500000,87.000000,194.985256,-2.679092,-153.500655
578,detected,OK,835.500000,446.500000,0.874689,1,0,659.500000,538.500000,34.599998,1,-176.000000,92.000000,198.595065,-2.659929,-152.402704
579,detected,OK,834.500000,445.000000,0.854595,1,0,659.500000,535.500000,34.400002,1,-175.000000,90.500000,197.015862,-2.664325,-152.654578
580,detected,OK,833.500000,444.000000,0.851517,1,0,661.500000,536.500000,35.400002,1,-172.000000,92.500000,195.295289,-2.648171,-151.729050
581,lost,NO_R_CANDIDATE,,,,1,0,660.500000,537.500000,34.000000,0,,,,,
582,detected,OK,831.000000,441.000000,0.821218,1,0,659.500000,534.500000,34.799999,1,-171.500000,93.500000,195.331769,-2.642450,-151.401245
583,detected,OK,827.500000,437.500000,0.822898,1,0,657.500000,537.500000,34.400002,1,-170.000000,100.000000,197.230829,-2.609869,-149.534455
584,detected,OK,806.000000,421.000000,0.884442,1,0,643.500000,533.500000,35.700001,1,-162.500000,112.500000,197.642354,-2.536048,-145.304846
585,detected,OK,805.500000,421.000000,0.850997,1,0,641.500000,535.500000,33.799999,1,-164.000000,114.500000,200.015624,-2.532095,-145.078382
586,detected,OK,804.000000,422.500000,0.846054,1,0,641.500000,539.500000,33.500000,1,-162.500000,117.000000,200.237983,-2.517570,-144.246113
587,detected,OK,789.500000,424.000000,0.794869,0,-1,,,,0,,,,,
588,detected,OK,788.000000,424.500000,0.807257,0,-1,,,,0,,,,,
589,detected,OK,786.000000,424.500000,0.808577,0,-1,,,,0,,,,,
590,detected,OK,785.000000,424.000000,0.840178,0,-1,,,,0,,,,,
591,detected,OK,784.000000,423.000000,0.863045,0,-1,,,,0,,,,,
592,detected,OK,783.000000,422.500000,0.831786,0,-1,,,,0,,,,,
593,detected,OK,782.000000,422.000000,0.861806,0,-1,,,,0,,,,,
594,detected,OK,781.500000,421.000000,0.834797,0,-1,,,,0,,,,,
595,detected,OK,781.500000,420.000000,0.832835,0,-1,,,,0,,,,,
596,detected,OK,780.500000,419.000000,0.837714,0,-1,,,,0,,,,,
597,detected,OK,780.000000,418.500000,0.820000,0,-1,,,,0,,,,,
598,detected,OK,780.000000,417.000000,0.874696,0,-1,,,,0,,,,,
599,detected,OK,780.000000,417.000000,0.877524,0,-1,,,,0,,,,,
600,detected,OK,780.000000,417.000000,0.877995,0,-1,,,,0,,,,,
601,detected,OK,780.000000,416.500000,0.827912,0,-1,,,,0,,,,,
602,detected,OK,780.500000,416.000000,0.838222,0,-1,,,,0,,,,,
603,detected,OK,780.500000,415.500000,0.808745,0,-1,,,,0,,,,,
604,detected,OK,780.500000,415.500000,0.807163,0,-1,,,,0,,,,,
605,detected,OK,780.000000,415.000000,0.880222,0,-1,,,,0,,,,,
606,detected,OK,780.000000,415.000000,0.880101,0,-1,,,,0,,,,,
607,detected,OK,780.000000,416.000000,0.876204,0,-1,,,,0,,,,,
608,detected,OK,780.000000,416.500000,0.826865,0,-1,,,,0,,,,,
609,detected,OK,780.000000,417.000000,0.875305,0,-1,,,,0,,,,,
610,detected,OK,780.500000,417.000000,0.835008,0,-1,,,,0,,,,,
611,detected,OK,781.000000,417.000000,0.876116,0,-1,,,,0,,,,,
612,detected,OK,781.000000,417.000000,0.876339,0,-1,,,,0,,,,,
613,detected,OK,781.500000,417.000000,0.842930,0,-1,,,,0,,,,,
614,detected,OK,781.000000,417.000000,0.873534,0,-1,,,,0,,,,,
615,detected,OK,780.500000,417.500000,0.795052,0,-1,,,,0,,,,,
616,detected,OK,780.000000,417.500000,0.832891,0,-1,,,,0,,,,,
617,detected,OK,780.000000,417.500000,0.832690,0,-1,,,,0,,,,,
618,detected,OK,780.000000,418.000000,0.865674,0,-1,,,,0,,,,,
619,detected,OK,780.000000,418.000000,0.863512,0,-1,,,,0,,,,,
620,detected,OK,780.000000,418.000000,0.865217,0,-1,,,,0,,,,,
621,detected,OK,780.000000,418.000000,0.857476,0,-1,,,,0,,,,,
622,detected,OK,780.000000,419.000000,0.860157,0,-1,,,,0,,,,,
623,detected,OK,780.000000,419.000000,0.859055,0,-1,,,,0,,,,,
624,detected,OK,780.000000,419.000000,0.861423,0,-1,,,,0,,,,,
625,detected,OK,780.000000,419.000000,0.861699,0,-1,,,,0,,,,,
626,detected,OK,780.000000,419.000000,0.867937,0,-1,,,,0,,,,,
627,detected,OK,779.500000,419.000000,0.834165,0,-1,,,,0,,,,,
628,detected,OK,779.500000,419.000000,0.863265,1,0,598.500000,385.500000,45.900002,1,-181.000000,-33.500000,184.074034,2.958581,169.514191
629,detected,OK,779.500000,418.500000,0.855773,0,-1,,,,0,,,,,
630,detected,OK,779.500000,419.000000,0.860484,1,0,777.500000,254.500000,43.599998,1,-2.000000,-164.500000,164.512158,1.582954,90.696571
631,detected,OK,779.000000,418.500000,0.849472,1,0,775.500000,254.500000,43.599998,1,-3.500000,-164.000000,164.037343,1.592135,91.222590
632,detected,OK,779.500000,418.500000,0.881333,1,0,772.500000,261.500000,42.700001,1,-7.000000,-157.000000,157.155973,1.615353,92.552898
633,detected,OK,779.000000,418.500000,0.826951,0,-1,,,,0,,,,,
634,detected,OK,779.000000,418.500000,0.826626,0,-1,,,,0,,,,,
635,detected,OK,778.500000,418.500000,0.851706,0,-1,,,,0,,,,,
636,detected,OK,779.000000,418.500000,0.829594,0,-1,,,,0,,,,,
637,detected,OK,779.500000,418.000000,0.825882,0,-1,,,,0,,,,,
638,detected,OK,780.000000,417.000000,0.866203,0,-1,,,,0,,,,,
639,detected,OK,780.000000,417.000000,0.865440,0,-1,,,,0,,,,,
640,detected,OK,780.500000,417.000000,0.830501,0,-1,,,,0,,,,,
641,detected,OK,780.500000,417.000000,0.835710,0,-1,,,,0,,,,,
642,detected,OK,780.500000,417.000000,0.836570,0,-1,,,,0,,,,,
643,detected,OK,780.500000,417.000000,0.836882,0,-1,,,,0,,,,,
644,detected,OK,780.500000,416.500000,0.867209,0,-1,,,,0,,,,,
645,detected,OK,781.500000,417.000000,0.843957,0,-1,,,,0,,,,,
646,detected,OK,781.500000,417.000000,0.847235,0,-1,,,,0,,,,,
647,detected,OK,782.000000,417.000000,0.877833,0,-1,,,,0,,,,,
648,detected,OK,782.000000,417.000000,0.877918,0,-1,,,,0,,,,,
649,detected,OK,782.000000,418.000000,0.880781,0,-1,,,,0,,,,,
650,detected,OK,782.000000,418.500000,0.829366,0,-1,,,,0,,,,,
651,detected,OK,782.000000,419.000000,0.881772,0,-1,,,,0,,,,,
652,detected,OK,783.000000,419.000000,0.882500,0,-1,,,,0,,,,,
653,detected,OK,783.500000,419.000000,0.847435,0,-1,,,,0,,,,,
654,detected,OK,784.500000,419.500000,0.883192,0,-1,,,,0,,,,,
655,detected,OK,784.000000,420.000000,0.868973,0,-1,,,,0,,,,,
656,detected,OK,784.000000,421.000000,0.899444,2,0,740.500000,272.500000,43.799999,1,-43.500000,-148.500000,154.740105,1.855754,106.326854
656,detected,OK,784.000000,421.000000,0.899444,2,1,596.500000,434.500000,43.799999,1,-187.500000,13.500000,187.985372,-3.069717,-175.881810
657,detected,OK,784.000000,421.000000,0.877318,0,-1,,,,0,,,,,
658,detected,OK,783.500000,421.000000,0.879121,2,0,729.500000,266.500000,42.700001,1,-54.000000,-154.500000,163.665054,1.907039,109.265264
658,detected,OK,783.500000,421.000000,0.879121,2,1,596.500000,438.500000,43.599998,1,-187.000000,17.500000,187.817065,-3.048282,-174.653667
659,detected,OK,783.500000,421.000000,0.850228,0,-1,,,,0,,,,,
660,detected,OK,783.500000,421.000000,0.879302,1,0,729.500000,275.500000,43.799999,1,-54.000000,-145.500000,155.197455,1.926173,110.361603
661,detected,OK,782.500000,421.000000,0.841302,0,-1,,,,0,,,,,
662,detected,OK,782.500000,421.000000,0.873666,1,0,594.500000,445.500000,43.799999,1,-188.000000,24.500000,189.589689,-3.012004,-172.575107
663,detected,OK,782.000000,421.000000,0.906130,1,0,730.500000,623.500000,49.299999,1,-51.500000,202.500000,208.946165,-1.819838,-104.269017
664,detected,OK,782.000000,421.500000,0.875077,1,0,719.500000,269.500000,42.700001,1,-62.500000,-152.000000,164.347954,1.960907,112.351691
665,detected,OK,782.000000,421.000000,0.900603,1,0,594.500000,452.500000,43.599998,1,-187.500000,31.500000,190.127589,-2.975147,-170.463364
666,detected,OK,782.000000,421.500000,0.840673,0,-1,,,,0,,,,,
667,detected,OK,782.000000,421.500000,0.840828,0,-1,,,,0,,,,,
668,detected,OK,782.000000,421.500000,0.872176,1,0,929.500000,323.500000,47.200001,1,147.500000,-98.000000,177.088255,0.586436,33.600333
669,detected,OK,782.000000,422.500000,0.872255,1,0,708.500000,275.500000,42.900002,1,-73.500000,-147.000000,164.350996,2.034444,116.565051
670,detected,OK,782.000000,423.000000,0.874251,0,-1,,,,0,,,,,
671,detected,OK,782.000000,423.000000,0.880914,0,-1,,,,0,,,,,
672,detected,OK,782.000000,422.500000,0.837235,0,-1,,,,0,,,,,
673,detected,OK,782.000000,422.500000,0.837390,0,-1,,,,0,,,,,
674,detected,OK,782.000000,422.500000,0.838162,0,-1,,,,0,,,,,
675,detected,OK,782.000000,422.500000,0.836779,0,-1,,,,0,,,,,
676,detected,OK,781.500000,421.500000,0.809325,0,-1,,,,0,,,,,
677,detected,OK,781.500000,421.500000,0.809886,0,-1,,,,0,,,,,
678,detected,OK,781.500000,421.000000,0.854137,0,-1,,,,0,,,,,
679,detected,OK,782.000000,421.000000,0.888035,0,-1,,,,0,,,,,
680,detected,OK,782.000000,421.000000,0.883313,0,-1,,,,0,,,,,
681,detected,OK,783.500000,419.000000,0.856910,0,-1,,,,0,,,,,
682,detected,OK,783.500000,418.500000,0.880602,0,-1,,,,0,,,,,
683,detected,OK,784.000000,417.000000,0.886393,0,-1,,,,0,,,,,
684,detected,OK,784.000000,417.000000,0.883632,0,-1,,,,0,,,,,
685,detected,OK,784.000000,417.000000,0.883676,0,-1,,,,0,,,,,
686,detected,OK,784.000000,416.500000,0.837569,0,-1,,,,0,,,,,
687,detected,OK,784.500000,416.500000,0.877632,0,-1,,,,0,,,,,
688,detected,OK,785.500000,417.000000,0.856237,0,-1,,,,0,,,,,
689,detected,OK,785.000000,418.000000,0.901840,1,0,605.500000,495.500000,44.900002,1,-179.500000,77.500000,195.515984,-2.734015,-156.647492
690,detected,OK,784.000000,419.000000,0.905189,1,0,673.500000,293.500000,43.599998,1,-110.500000,-125.500000,167.213935,2.292721,131.363211
691,detected,OK,784.000000,419.500000,0.847221,0,-1,,,,0,,,,,
692,detected,OK,784.500000,419.000000,0.872604,1,0,606.500000,501.500000,44.900002,1,-178.000000,82.500000,196.189322,-2.707583,-155.133072
693,detected,OK,785.000000,419.000000,0.907445,1,0,895.500000,280.500000,45.000000,1,110.500000,-138.500000,177.179288,0.897378,51.415946
694,detected,OK,786.500000,419.500000,0.910612,2,0,607.500000,502.500000,44.900002,1,-179.000000,83.000000,197.306868,-2.707415,-155.123451
694,detected,OK,786.500000,419.500000,0.910612,2,1,893.500000,279.500000,44.799999,1,107.000000,-140.000000,176.207264,0.918215,52.609837
695,detected,OK,786.000000,419.500000,0.852044,0,-1,,,,0,,,,,
696,detected,OK,786.000000,419.500000,0.879159,1,0,892.500000,278.500000,44.900002,1,106.500000,-141.000000,176.701019,0.923900,52.935550
697,detected,OK,786.000000,420.000000,0.905994,1,0,665.500000,301.500000,42.700001,1,-120.500000,-118.500000,169.004438,2.364562,135.479451
698,detected,OK,786.500000,420.500000,0.835140,1,0,611.500000,510.500000,45.000000,1,-175.000000,90.000000,196.786687,-2.666582,-152.783888
699,lost,NO_R_CANDIDATE,,,,0,-1,,,,0,,,,,
700,lost,NO_R_CANDIDATE,,,,0,-1,,,,0,,,,,
701,lost,NO_R_CANDIDATE,,,,0,-1,,,,0,,,,,
702,lost,NO_R_CANDIDATE,,,,0,-1,,,,0,,,,,
703,lost,NO_R_CANDIDATE,,,,0,-1,,,,0,,,,,
704,lost,NO_R_CANDIDATE,,,,0,-1,,,,0,,,,,
705,lost,NO_R_CANDIDATE,,,,0,-1,,,,0,,,,,
706,lost,NO_R_CANDIDATE,,,,0,-1,,,,0,,,,,
707,lost,NO_R_CANDIDATE,,,,0,-1,,,,0,,,,,
708,lost,NO_R_CANDIDATE,,,,0,-1,,,,0,,,,,
709,lost,NO_R_CANDIDATE,,,,0,-1,,,,0,,,,,
710,lost,NO_R_CANDIDATE,,,,0,-1,,,,0,,,,,
711,lost,NO_R_CANDIDATE,,,,0,-1,,,,0,,,,,
712,lost,NO_R_CANDIDATE,,,,0,-1,,,,0,,,,,
713,lost,NO_R_CANDIDATE,,,,0,-1,,,,0,,,,,
714,lost,NO_R_CANDIDATE,,,,0,-1,,,,0,,,,,
715,lost,NO_R_CANDIDATE,,,,0,-1,,,,0,,,,,
716,lost,NO_R_CANDIDATE,,,,0,-1,,,,0,,,,,
717,lost,NO_R_CANDIDATE,,,,0,-1,,,,0,,,,,
718,lost,NO_R_CANDIDATE,,,,0,-1,,,,0,,,,,
719,lost,NO_R_CANDIDATE,,,,0,-1,,,,0,,,,,
720,lost,NO_R_CANDIDATE,,,,0,-1,,,,0,,,,,
721,lost,NO_R_CANDIDATE,,,,0,-1,,,,0,,,,,
722,lost,NO_R_CANDIDATE,,,,0,-1,,,,0,,,,,
723,lost,NO_R_CANDIDATE,,,,0,-1,,,,0,,,,,
724,lost,NO_R_CANDIDATE,,,,0,-1,,,,0,,,,,
725,lost,NO_R_CANDIDATE,,,,0,-1,,,,0,,,,,
726,lost,NO_R_CANDIDATE,,,,0,-1,,,,0,,,,,
727,lost,NO_R_CANDIDATE,,,,0,-1,,,,0,,,,,
728,lost,NO_R_CANDIDATE,,,,0,-1,,,,0,,,,,
729,lost,NO_R_CANDIDATE,,,,0,-1,,,,0,,,,,
730,lost,NO_R_CANDIDATE,,,,0,-1,,,,0,,,,,
731,lost,NO_R_CANDIDATE,,,,0,-1,,,,0,,,,,
732,lost,NO_R_CANDIDATE,,,,0,-1,,,,0,,,,,
733,lost,NO_R_CANDIDATE,,,,0,-1,,,,0,,,,,
734,lost,NO_R_CANDIDATE,,,,0,-1,,,,0,,,,,
735,lost,NO_R_CANDIDATE,,,,0,-1,,,,0,,,,,
736,lost,NO_R_CANDIDATE,,,,0,-1,,,,0,,,,,
737,lost,NO_R_CANDIDATE,,,,0,-1,,,,0,,,,,
738,lost,NO_R_CANDIDATE,,,,0,-1,,,,0,,,,,
739,lost,NO_R_CANDIDATE,,,,0,-1,,,,0,,,,,
740,lost,NO_R_CANDIDATE,,,,0,-1,,,,0,,,,,
741,lost,NO_R_CANDIDATE,,,,0,-1,,,,0,,,,,
742,lost,NO_R_CANDIDATE,,,,0,-1,,,,0,,,,,
743,lost,NO_R_CANDIDATE,,,,0,-1,,,,0,,,,,
744,lost,NO_R_CANDIDATE,,,,0,-1,,,,0,,,,,
745,lost,NO_R_CANDIDATE,,,,0,-1,,,,0,,,,,
746,lost,NO_R_CANDIDATE,,,,0,-1,,,,0,,,,,
747,lost,NO_R_CANDIDATE,,,,0,-1,,,,0,,,,,
748,lost,NO_R_CANDIDATE,,,,0,-1,,,,0,,,,,
749,lost,NO_R_CANDIDATE,,,,0,-1,,,,0,,,,,
750,lost,NO_R_CANDIDATE,,,,0,-1,,,,0,,,,,
751,lost,NO_R_CANDIDATE,,,,0,-1,,,,0,,,,,
752,lost,NO_R_CANDIDATE,,,,0,-1,,,,0,,,,,
753,lost,NO_R_CANDIDATE,,,,0,-1,,,,0,,,,,
754,lost,NO_R_CANDIDATE,,,,0,-1,,,,0,,,,,
755,lost,NO_R_CANDIDATE,,,,0,-1,,,,0,,,,,
756,lost,NO_R_CANDIDATE,,,,0,-1,,,,0,,,,,
757,lost,NO_R_CANDIDATE,,,,0,-1,,,,0,,,,,
758,lost,NO_R_CANDIDATE,,,,0,-1,,,,0,,,,,
759,lost,NO_R_CANDIDATE,,,,0,-1,,,,0,,,,,
760,lost,NO_R_CANDIDATE,,,,0,-1,,,,0,,,,,
761,lost,NO_R_CANDIDATE,,,,0,-1,,,,0,,,,,
762,lost,NO_R_CANDIDATE,,,,0,-1,,,,0,,,,,
763,lost,NO_R_CANDIDATE,,,,0,-1,,,,0,,,,,
764,lost,NO_R_CANDIDATE,,,,0,-1,,,,0,,,,,
765,lost,NO_R_CANDIDATE,,,,0,-1,,,,0,,,,,
766,lost,NO_R_CANDIDATE,,,,0,-1,,,,0,,,,,
767,lost,NO_R_CANDIDATE,,,,0,-1,,,,0,,,,,
768,lost,NO_R_CANDIDATE,,,,0,-1,,,,0,,,,,
769,lost,NO_R_CANDIDATE,,,,0,-1,,,,0,,,,,
770,lost,NO_R_CANDIDATE,,,,0,-1,,,,0,,,,,
771,lost,NO_R_CANDIDATE,,,,0,-1,,,,0,,,,,
772,lost,NO_R_CANDIDATE,,,,0,-1,,,,0,,,,,
773,lost,NO_R_CANDIDATE,,,,0,-1,,,,0,,,,,
774,lost,NO_R_CANDIDATE,,,,0,-1,,,,0,,,,,
775,lost,NO_R_CANDIDATE,,,,0,-1,,,,0,,,,,
776,lost,NO_R_CANDIDATE,,,,0,-1,,,,0,,,,,
777,lost,NO_R_CANDIDATE,,,,0,-1,,,,0,,,,,
778,lost,NO_R_CANDIDATE,,,,0,-1,,,,0,,,,,
779,lost,NO_R_CANDIDATE,,,,0,-1,,,,0,,,,,
780,lost,NO_R_CANDIDATE,,,,0,-1,,,,0,,,,,
781,lost,NO_R_CANDIDATE,,,,0,-1,,,,0,,,,,
782,lost,NO_R_CANDIDATE,,,,0,-1,,,,0,,,,,
783,lost,NO_R_CANDIDATE,,,,0,-1,,,,0,,,,,
784,lost,NO_R_CANDIDATE,,,,0,-1,,,,0,,,,,
785,lost,NO_R_CANDIDATE,,,,0,-1,,,,0,,,,,
786,lost,NO_R_CANDIDATE,,,,0,-1,,,,0,,,,,
787,lost,NO_R_CANDIDATE,,,,0,-1,,,,0,,,,,
788,lost,NO_R_CANDIDATE,,,,0,-1,,,,0,,,,,
789,lost,NO_R_CANDIDATE,,,,0,-1,,,,0,,,,,
790,lost,NO_R_CANDIDATE,,,,0,-1,,,,0,,,,,
791,lost,NO_R_CANDIDATE,,,,0,-1,,,,0,,,,,
792,lost,NO_R_CANDIDATE,,,,0,-1,,,,0,,,,,
793,lost,NO_R_CANDIDATE,,,,0,-1,,,,0,,,,,
794,lost,NO_R_CANDIDATE,,,,0,-1,,,,0,,,,,
795,lost,NO_R_CANDIDATE,,,,0,-1,,,,0,,,,,
796,lost,NO_R_CANDIDATE,,,,0,-1,,,,0,,,,,
797,lost,NO_R_CANDIDATE,,,,0,-1,,,,0,,,,,
798,lost,NO_R_CANDIDATE,,,,0,-1,,,,0,,,,,
799,lost,NO_R_CANDIDATE,,,,0,-1,,,,0,,,,,
800,lost,NO_R_CANDIDATE,,,,0,-1,,,,0,,,,,
801,lost,NO_R_CANDIDATE,,,,0,-1,,,,0,,,,,
802,lost,NO_R_CANDIDATE,,,,0,-1,,,,0,,,,,
803,lost,NO_R_CANDIDATE,,,,0,-1,,,,0,,,,,
804,lost,NO_R_CANDIDATE,,,,0,-1,,,,0,,,,,
805,lost,NO_R_CANDIDATE,,,,0,-1,,,,0,,,,,
806,lost,NO_R_CANDIDATE,,,,0,-1,,,,0,,,,,
807,lost,NO_R_CANDIDATE,,,,0,-1,,,,0,,,,,
808,lost,NO_R_CANDIDATE,,,,0,-1,,,,0,,,,,
809,lost,NO_R_CANDIDATE,,,,0,-1,,,,0,,,,,
810,lost,NO_R_CANDIDATE,,,,0,-1,,,,0,,,,,
811,lost,NO_R_CANDIDATE,,,,0,-1,,,,0,,,,,
812,lost,NO_R_CANDIDATE,,,,0,-1,,,,0,,,,,
813,lost,NO_R_CANDIDATE,,,,0,-1,,,,0,,,,,
814,lost,NO_R_CANDIDATE,,,,0,-1,,,,0,,,,,
815,lost,NO_R_CANDIDATE,,,,0,-1,,,,0,,,,,
816,lost,NO_R_CANDIDATE,,,,0,-1,,,,0,,,,,
817,lost,NO_R_CANDIDATE,,,,0,-1,,,,0,,,,,
818,lost,NO_R_CANDIDATE,,,,0,-1,,,,0,,,,,
819,lost,NO_R_CANDIDATE,,,,0,-1,,,,0,,,,,
820,lost,NO_R_CANDIDATE,,,,0,-1,,,,0,,,,,
821,lost,NO_R_CANDIDATE,,,,0,-1,,,,0,,,,,
822,lost,NO_R_CANDIDATE,,,,0,-1,,,,0,,,,,
823,lost,NO_R_CANDIDATE,,,,0,-1,,,,0,,,,,
824,lost,NO_R_CANDIDATE,,,,0,-1,,,,0,,,,,
825,lost,NO_R_CANDIDATE,,,,0,-1,,,,0,,,,,
826,lost,NO_R_CANDIDATE,,,,0,-1,,,,0,,,,,
827,lost,NO_R_CANDIDATE,,,,0,-1,,,,0,,,,,
828,lost,NO_R_CANDIDATE,,,,0,-1,,,,0,,,,,
829,lost,NO_R_CANDIDATE,,,,0,-1,,,,0,,,,,
830,lost,NO_R_CANDIDATE,,,,0,-1,,,,0,,,,,
831,lost,NO_R_CANDIDATE,,,,0,-1,,,,0,,,,,
832,lost,NO_R_CANDIDATE,,,,0,-1,,,,0,,,,,
833,lost,NO_R_CANDIDATE,,,,0,-1,,,,0,,,,,
834,lost,NO_R_CANDIDATE,,,,0,-1,,,,0,,,,,
835,lost,NO_R_CANDIDATE,,,,0,-1,,,,0,,,,,
836,lost,NO_R_CANDIDATE,,,,0,-1,,,,0,,,,,
837,lost,NO_R_CANDIDATE,,,,0,-1,,,,0,,,,,
838,lost,NO_R_CANDIDATE,,,,0,-1,,,,0,,,,,
839,lost,NO_R_CANDIDATE,,,,0,-1,,,,0,,,,,
840,lost,NO_R_CANDIDATE,,,,0,-1,,,,0,,,,,
841,lost,NO_R_CANDIDATE,,,,0,-1,,,,0,,,,,
842,lost,NO_R_CANDIDATE,,,,0,-1,,,,0,,,,,
843,lost,NO_R_CANDIDATE,,,,0,-1,,,,0,,,,,
844,lost,NO_R_CANDIDATE,,,,0,-1,,,,0,,,,,
845,lost,NO_R_CANDIDATE,,,,0,-1,,,,0,,,,,
846,lost,NO_R_CANDIDATE,,,,0,-1,,,,0,,,,,
847,lost,NO_R_CANDIDATE,,,,0,-1,,,,0,,,,,
848,lost,NO_R_CANDIDATE,,,,0,-1,,,,0,,,,,
849,lost,NO_R_CANDIDATE,,,,0,-1,,,,0,,,,,
850,lost,NO_R_CANDIDATE,,,,0,-1,,,,0,,,,,
851,lost,NO_R_CANDIDATE,,,,0,-1,,,,0,,,,,
852,lost,NO_R_CANDIDATE,,,,0,-1,,,,0,,,,,
853,lost,NO_R_CANDIDATE,,,,0,-1,,,,0,,,,,
854,lost,NO_R_CANDIDATE,,,,0,-1,,,,0,,,,,
855,lost,NO_R_CANDIDATE,,,,0,-1,,,,0,,,,,
856,lost,NO_R_CANDIDATE,,,,0,-1,,,,0,,,,,
857,lost,NO_R_CANDIDATE,,,,0,-1,,,,0,,,,,
858,lost,NO_R_CANDIDATE,,,,0,-1,,,,0,,,,,
859,lost,NO_R_CANDIDATE,,,,0,-1,,,,0,,,,,
860,lost,NO_R_CANDIDATE,,,,0,-1,,,,0,,,,,
861,lost,NO_R_CANDIDATE,,,,0,-1,,,,0,,,,,
862,lost,NO_R_CANDIDATE,,,,0,-1,,,,0,,,,,
863,lost,NO_R_CANDIDATE,,,,0,-1,,,,0,,,,,
864,lost,NO_R_CANDIDATE,,,,0,-1,,,,0,,,,,
865,lost,NO_R_CANDIDATE,,,,0,-1,,,,0,,,,,
866,lost,NO_R_CANDIDATE,,,,0,-1,,,,0,,,,,
867,lost,NO_R_CANDIDATE,,,,0,-1,,,,0,,,,,
868,lost,NO_R_CANDIDATE,,,,0,-1,,,,0,,,,,
869,lost,NO_R_CANDIDATE,,,,0,-1,,,,0,,,,,
870,lost,NO_R_CANDIDATE,,,,0,-1,,,,0,,,,,
871,lost,NO_R_CANDIDATE,,,,0,-1,,,,0,,,,,
872,lost,NO_R_CANDIDATE,,,,0,-1,,,,0,,,,,
873,lost,NO_R_CANDIDATE,,,,0,-1,,,,0,,,,,
874,lost,NO_R_CANDIDATE,,,,0,-1,,,,0,,,,,
875,lost,NO_R_CANDIDATE,,,,0,-1,,,,0,,,,,
876,lost,NO_R_CANDIDATE,,,,0,-1,,,,0,,,,,
877,lost,NO_R_CANDIDATE,,,,0,-1,,,,0,,,,,
878,lost,NO_R_CANDIDATE,,,,0,-1,,,,0,,,,,
879,lost,NO_R_CANDIDATE,,,,0,-1,,,,0,,,,,
880,lost,NO_R_CANDIDATE,,,,0,-1,,,,0,,,,,
881,lost,NO_R_CANDIDATE,,,,0,-1,,,,0,,,,,
882,lost,NO_R_CANDIDATE,,,,0,-1,,,,0,,,,,
883,lost,NO_R_CANDIDATE,,,,0,-1,,,,0,,,,,
884,lost,NO_R_CANDIDATE,,,,0,-1,,,,0,,,,,
885,lost,NO_R_CANDIDATE,,,,0,-1,,,,0,,,,,
886,lost,NO_R_CANDIDATE,,,,0,-1,,,,0,,,,,
887,lost,NO_R_CANDIDATE,,,,0,-1,,,,0,,,,,
888,lost,NO_R_CANDIDATE,,,,0,-1,,,,0,,,,,
889,lost,NO_R_CANDIDATE,,,,0,-1,,,,0,,,,,
890,lost,NO_R_CANDIDATE,,,,0,-1,,,,0,,,,,
891,lost,NO_R_CANDIDATE,,,,0,-1,,,,0,,,,,
892,lost,NO_R_CANDIDATE,,,,0,-1,,,,0,,,,,
893,lost,NO_R_CANDIDATE,,,,0,-1,,,,0,,,,,
894,lost,NO_R_CANDIDATE,,,,0,-1,,,,0,,,,,
895,lost,NO_R_CANDIDATE,,,,0,-1,,,,0,,,,,
896,lost,NO_R_CANDIDATE,,,,0,-1,,,,0,,,,,
897,lost,NO_R_CANDIDATE,,,,0,-1,,,,0,,,,,
898,lost,NO_R_CANDIDATE,,,,0,-1,,,,0,,,,,
899,lost,NO_R_CANDIDATE,,,,0,-1,,,,0,,,,,
900,lost,NO_R_CANDIDATE,,,,0,-1,,,,0,,,,,
901,lost,NO_R_CANDIDATE,,,,0,-1,,,,0,,,,,
902,lost,NO_R_CANDIDATE,,,,0,-1,,,,0,,,,,
903,lost,NO_R_CANDIDATE,,,,0,-1,,,,0,,,,,
904,lost,NO_R_CANDIDATE,,,,0,-1,,,,0,,,,,
905,lost,NO_R_CANDIDATE,,,,0,-1,,,,0,,,,,
906,lost,NO_R_CANDIDATE,,,,0,-1,,,,0,,,,,
907,lost,NO_R_CANDIDATE,,,,0,-1,,,,0,,,,,
908,lost,NO_R_CANDIDATE,,,,0,-1,,,,0,,,,,
909,lost,NO_R_CANDIDATE,,,,0,-1,,,,0,,,,,
910,lost,NO_R_CANDIDATE,,,,2,0,674.500000,702.500000,40.000000,0,,,,,
910,lost,NO_R_CANDIDATE,,,,2,1,896.500000,612.500000,39.099998,0,,,,,
911,lost,NO_R_CANDIDATE,,,,2,0,675.500000,704.500000,36.500000,0,,,,,
911,lost,NO_R_CANDIDATE,,,,2,1,896.500000,612.500000,39.400002,0,,,,,
912,lost,NO_R_CANDIDATE,,,,2,0,676.500000,704.500000,40.799999,0,,,,,
912,lost,NO_R_CANDIDATE,,,,2,1,894.500000,610.500000,37.799999,0,,,,,
913,lost,NO_R_CANDIDATE,,,,2,0,679.500000,704.500000,40.200001,0,,,,,
913,lost,NO_R_CANDIDATE,,,,2,1,898.500000,610.500000,39.400002,0,,,,,
914,detected,OK,722.000000,491.500000,0.886285,2,0,682.500000,703.500000,40.599998,1,-39.500000,212.000000,215.648441,-1.755005,-100.554370
914,detected,OK,722.000000,491.500000,0.886285,2,1,900.500000,604.500000,36.599998,1,178.500000,113.000000,211.261094,-0.564369,-32.335987
915,detected,OK,722.500000,489.500000,0.903902,2,0,683.500000,705.500000,38.000000,1,-39.000000,216.000000,219.492597,-1.749427,-100.234803
915,detected,OK,722.500000,489.500000,0.903902,2,1,900.500000,600.500000,36.400002,1,178.000000,111.000000,209.773688,-0.557589,-31.947479
916,detected,OK,724.000000,485.500000,0.873331,2,0,687.500000,701.500000,37.799999,1,-36.500000,216.000000,219.062206,-1.738196,-99.591318
916,detected,OK,724.000000,485.500000,0.873331,2,1,900.500000,595.500000,37.200001,1,176.500000,110.000000,207.971753,-0.557325,-31.932376
917,detected,OK,724.500000,483.500000,0.905624,2,0,690.500000,697.500000,36.599998,1,-34.000000,214.000000,216.684102,-1.728358,-99.027613
917,detected,OK,724.500000,483.500000,0.905624,2,1,905.500000,594.500000,38.500000,1,181.000000,111.000000,212.325222,-0.550112,-31.519110
918,detected,OK,726.500000,480.000000,0.874675,2,0,694.500000,693.500000,40.799999,1,-32.000000,213.500000,215.884807,-1.719572,-98.524204
918,detected,OK,726.500000,480.000000,0.874675,2,1,904.500000,587.500000,37.299999,1,178.000000,107.500000,207.942901,-0.543306,-31.129146
919,detected,OK,728.000000,478.500000,0.869382,2,0,696.500000,694.500000,37.799999,1,-31.500000,216.000000,218.284791,-1.715609,-98.297145
919,detected,OK,728.000000,478.500000,0.869382,2,1,908.500000,584.500000,39.099998,1,180.500000,106.000000,209.323315,-0.530997,-30.423911
920,detected,OK,729.500000,477.500000,0.902268,2,0,702.500000,691.500000,38.400002,1,-27.000000,214.000000,215.696546,-1.696301,-97.190911
920,detected,OK,729.500000,477.500000,0.902268,2,1,915.500000,585.500000,35.799999,1,186.000000,108.000000,215.081380,-0.526066,-30.141386
921,detected,OK,731.500000,475.500000,0.903098,2,0,704.500000,689.500000,40.200001,1,-27.000000,214.000000,215.696546,-1.696301,-97.190911
921,detected,OK,731.500000,475.500000,0.903098,2,1,912.500000,578.500000,37.500000,1,181.000000,103.000000,208.254652,-0.517359,-29.642507
922,detected,OK,732.000000,477.000000,0.896990,1,0,706.500000,694.500000,38.500000,1,-25.500000,217.500000,218.989726,-1.687505,-96.686909
923,detected,OK,731.500000,479.500000,0.903204,2,0,709.500000,695.500000,38.599998,1,-22.000000,216.000000,217.117480,-1.672298,-95.815627
923,detected,OK,731.500000,479.500000,0.903204,2,1,913.500000,579.500000,38.000000,1,182.000000,100.000000,207.663189,-0.502421,-28.786618
924,detected,OK,730.000000,483.500000,0.871229,2,0,708.500000,698.500000,36.599998,1,-21.500000,215.000000,216.072326,-1.670465,-95.710593
924,detected,OK,730.000000,483.500000,0.871229,2,1,912.500000,582.500000,37.400002,1,182.500000,99.000000,207.622855,-0.497040,-28.478315
925,detected,OK,728.000000,489.500000,0.873867,2,0,711.500000,706.500000,38.599998,1,-16.500000,217.000000,217.626400,-1.646687,-94.348225
925,detected,OK,728.000000,489.500000,0.873867,2,1,913.500000,587.500000,33.799999,1,185.500000,98.000000,209.795734,-0.486032,-27.847578
926,detected,OK,728.000000,493.000000,0.898799,2,0,709.500000,707.500000,40.599998,1,-18.500000,214.500000,215.296307,-1.656831,-94.929396
926,detected,OK,728.000000,493.000000,0.898799,2,1,912.500000,591.500000,36.000000,1,184.500000,98.500000,209.147077,-0.490379,-28.096659
927,detected,OK,727.500000,495.000000,0.868848,2,0,711.500000,711.500000,36.599998,1,-16.000000,216.500000,217.090419,-1.644565,-94.226646
927,detected,OK,727.500000,495.000000,0.868848,2,1,914.500000,590.500000,38.500000,1,187.000000,95.500000,209.974403,-0.472167,-27.053182
928,detected,OK,728.000000,497.500000,0.874221,2,0,712.500000,713.500000,38.299999,1,-15.500000,216.000000,216.555420,-1.642433,-94.104467
928,detected,OK,728.000000,497.500000,0.874221,2,1,918.500000,590.500000,36.599998,1,190.500000,93.000000,211.988797,-0.454154,-26.021120
929,detected,OK,729.000000,497.500000,0.872057,2,0,717.500000,715.500000,37.500000,1,-11.500000,218.000000,218.303115,-1.623500,-93.019685
929,detected,OK,729.000000,497.500000,0.872057,2,1,917.500000,592.500000,35.799999,1,188.500000,95.000000,211.085883,-0.466826,-26.747135
930,detected,OK,730.500000,496.000000,0.870150,2,0,722.500000,713.500000,36.599998,1,-8.000000,217.500000,217.647077,-1.607561,-92.106481
930,detected,OK,730.500000,496.000000,0.870150,2,1,917.500000,582.500000,37.200001,1,187.000000,86.500000,206.037011,-0.433255,-24.823696
931,detected,OK,731.500000,496.500000,0.898179,2,0,722.500000,712.500000,39.099998,1,-9.000000,216.000000,216.187419,-1.612439,-92.385944
931,detected,OK,731.500000,496.500000,0.898179,2,1,920.500000,583.500000,38.500000,1,189.000000,87.000000,208.062491,-0.431401,-24.717441
932,detected,OK,732.500000,497.500000,0.903283,2,0,728.500000,715.500000,38.000000,1,-4.000000,218.000000,218.036694,-1.589143,-91.051181
932,detected,OK,732.500000,497.500000,0.903283,2,1,919.500000,579.500000,36.599998,1,187.000000,82.000000,204.188638,-0.413252,-23.677579
933,detected,OK,732.500000,497.500000,0.905326,2,0,732.500000,714.500000,38.599998,1,0.000000,217.000000,217.000000,-1.570796,-90.000000
933,detected,OK,732.500000,497.500000,0.905326,2,1,924.500000,580.500000,38.200001,1,192.000000,83.000000,209.172178,-0.408031,-23.378426
934,detected,OK,732.500000,498.000000,0.870848,2,0,732.500000,714.500000,40.500000,1,0.000000,216.500000,216.500000,-1.570796,-90.000000
934,detected,OK,732.500000,498.000000,0.870848,2,1,923.500000,579.500000,38.599998,1,191.000000,81.500000,207.661383,-0.403311,-23.108019
935,detected,OK,732.500000,498.500000,0.900227,2,0,731.500000,714.500000,38.500000,1,-1.000000,216.000000,216.002315,-1.575426,-90.265256
935,detected,OK,732.500000,498.500000,0.900227,2,1,922.500000,576.500000,37.000000,1,190.000000,78.000000,205.387439,-0.389548,-22.319440
936,detected,OK,732.000000,499.000000,0.896566,2,0,736.500000,714.500000,39.900002,1,4.500000,215.500000,215.546979,-1.549918,-88.803742
936,detected,OK,732.000000,499.000000,0.896566,2,1,924.500000,575.500000,37.799999,1,192.500000,76.500000,207.143670,-0.378265,-21.673001
937,detected,OK,732.000000,499.500000,0.869996,2,0,739.500000,713.500000,37.700001,1,7.500000,214.000000,214.131385,-1.535764,-87.992792
937,detected,OK,732.000000,499.500000,0.869996,2,1,927.500000,575.500000,36.400002,1,195.500000,76.000000,209.752831,-0.370768,-21.243434
938,detected,OK,732.500000,499.500000,0.902467,2,0,739.500000,714.500000,39.900002,1,7.000000,215.000000,215.113923,-1.538250,-88.135215
938,detected,OK,732.500000,499.500000,0.902467,2,1,928.500000,574.500000,36.400002,1,196.000000,75.000000,209.859477,-0.365463,-20.939503
939,detected,OK,732.500000,500.000000,0.872789,2,0,744.500000,716.500000,36.500000,1,12.000000,216.500000,216.832308,-1.515426,-86.827499
939,detected,OK,732.500000,500.000000,0.872789,2,1,923.500000,569.500000,36.599998,1,191.000000,69.500000,203.251691,-0.348981,-19.995149
940,detected,OK,732.500000,500.000000,0.870753,1,0,744.500000,715.500000,39.700001,1,12.000000,215.500000,215.833848,-1.515169,-86.812807
941,detected,OK,734.000000,500.000000,0.841875,2,0,748.500000,717.500000,37.700001,1,14.500000,217.500000,217.982797,-1.504228,-86.185925
941,detected,OK,734.000000,500.000000,0.841875,2,1,927.500000,569.500000,35.500000,1,193.500000,69.500000,205.602772,-0.344823,-19.756924
942,detected,OK,734.000000,500.000000,0.840770,2,0,925.500000,564.500000,36.200001,1,191.500000,64.500000,202.070532,-0.324880,-18.614278
942,detected,OK,734.000000,500.000000,0.840770,2,1,753.500000,715.500000,38.299999,1,19.500000,215.500000,216.380452,-1.480555,-84.829544
943,detected,OK,734.000000,500.500000,0.869863,2,0,755.500000,715.500000,39.900002,1,21.500000,215.000000,216.072326,-1.471128,-84.289407
943,detected,OK,734.000000,500.500000,0.869863,2,1,932.500000,564.500000,37.000000,1,198.500000,64.000000,208.562341,-0.311895,-17.870263
944,detected,OK,734.000000,501.000000,0.895530,2,0,754.500000,714.500000,38.599998,1,20.500000,213.500000,214.481934,-1.475071,-84.515346
944,detected,OK,734.000000,501.000000,0.895530,2,1,931.500000,559.500000,35.799999,1,197.500000,58.500000,205.981795,-0.287969,-16.499423
945,detected,OK,734.000000,501.500000,0.874721,2,0,760.500000,716.500000,36.400002,1,26.500000,215.000000,216.626984,-1.448159,-82.973402
945,detected,OK,734.000000,501.500000,0.874721,2,1,926.500000,557.500000,35.500000,1,192.500000,56.000000,200.480049,-0.283096,-16.220194
946,detected,OK,734.000000,501.500000,0.874340,2,0,761.500000,715.500000,40.200001,1,27.500000,214.000000,215.759704,-1.442992,-82.677356
946,detected,OK,734.000000,501.500000,0.874340,2,1,931.500000,555.500000,36.000000,1,197.500000,54.000000,204.749237,-0.266895,-15.291933
947,detected,OK,734.000000,502.500000,0.869331,2,0,763.500000,715.500000,40.200001,1,29.500000,213.000000,215.033137,-1.433174,-82.114830
947,detected,OK,734.000000,502.500000,0.869331,2,1,929.500000,555.500000,37.400002,1,195.500000,53.000000,202.556782,-0.264737,-15.168288
948,detected,OK,734.000000,503.000000,0.898237,2,0,765.500000,717.500000,37.299999,1,31.500000,214.500000,216.800600,-1.424985,-81.645649
948,detected,OK,734.000000,503.000000,0.898237,2,1,929.500000,552.500000,36.900002,1,195.500000,49.500000,201.669284,-0.247985,-14.208509
949,detected,OK,734.000000,503.000000,0.898527,2,0,767.500000,715.500000,40.099998,1,33.500000,212.500000,215.124383,-1.414436,-81.041220
949,detected,OK,734.000000,503.000000,0.898527,2,1,934.500000,554.500000,35.799999,1,200.500000,51.500000,207.008454,-0.251423,-14.405455
950,detected,OK,734.000000,503.500000,0.875018,2,0,769.500000,715.500000,40.500000,1,35.500000,212.000000,214.951739,-1.404883,-80.493857
950,detected,OK,734.000000,503.500000,0.875018,2,1,935.500000,553.500000,35.500000,1,201.500000,50.000000,207.610814,-0.243226,-13.935842
951,detected,OK,734.000000,503.500000,0.871246,2,0,773.500000,715.500000,40.099998,1,39.500000,212.000000,215.648441,-1.386588,-79.445630
951,detected,OK,734.000000,503.500000,0.871246,2,1,930.500000,548.500000,37.200001,1,196.500000,45.000000,201.586830,-0.225126,-12.898751
952,detected,OK,734.000000,504.000000,0.840113,2,0,774.500000,718.500000,37.500000,1,40.500000,214.500000,218.289945,-1.384182,-79.307788
952,detected,OK,734.000000,504.000000,0.840113,2,1,931.500000,552.500000,36.299999,1,197.500000,48.500000,203.367893,-0.240805,-13.797085
953,detected,OK,734.000000,504.000000,0.840613,2,0,776.500000,715.500000,40.000000,1,42.500000,211.500000,215.727838,-1.372492,-78.637980
953,detected,OK,734.000000,504.000000,0.840613,2,1,935.500000,548.500000,36.599998,1,201.500000,44.500000,206.355276,-0.217355,-12.453518
954,detected,OK,734.000000,505.000000,0.894636,2,0,779.500000,714.500000,40.000000,1,45.500000,209.500000,214.384001,-1.356934,-77.746581
954,detected,OK,734.000000,505.000000,0.894636,2,1,928.500000,542.500000,35.099998,1,194.500000,37.500000,198.082054,-0.190465,-10.912839
955,detected,OK,734.000000,505.000000,0.895094,2,0,783.500000,713.500000,40.799999,1,49.500000,208.500000,214.295357,-1.337702,-76.644659
955,detected,OK,734.000000,505.000000,0.895094,2,1,934.500000,539.500000,35.200001,1,200.500000,34.500000,203.446553,-0.170401,-9.763267
956,detected,OK,734.000000,505.000000,0.894262,2,0,785.500000,714.500000,39.400002,1,51.500000,209.500000,215.737109,-1.329752,-76.189203
956,detected,OK,734.000000,505.000000,0.894262,2,1,928.500000,538.500000,35.000000,1,194.500000,33.500000,197.363877,-0.170563,-9.772542
957,detected,OK,734.000000,505.000000,0.892361,2,0,785.500000,714.500000,36.599998,1,51.500000,209.500000,215.737109,-1.329752,-76.189203
957,detected,OK,734.000000,505.000000,0.892361,2,1,931.500000,540.500000,39.400002,1,197.500000,35.500000,200.665144,-0.177848,-10.189923
958,detected,OK,734.000000,505.500000,0.868518,2,0,789.500000,711.500000,38.000000,1,55.500000,206.000000,213.345377,-1.307628,-74.921538
958,detected,OK,734.000000,505.500000,0.868518,2,1,929.500000,534.500000,36.099998,1,195.500000,29.000000,197.639191,-0.147264,-8.437590
959,detected,OK,734.000000,505.500000,0.872333,2,0,792.500000,714.500000,38.299999,1,58.500000,209.000000,217.032832,-1.297876,-74.362838
959,detected,OK,734.000000,505.500000,0.872333,2,1,934.500000,532.500000,35.500000,1,200.500000,27.000000,202.309787,-0.133858,-7.669503
960,detected,OK,734.000000,505.500000,0.868358,2,0,792.500000,712.500000,40.500000,1,58.500000,207.000000,215.107531,-1.295370,-74.219247
960,detected,OK,734.000000,505.500000,0.868358,2,1,933.500000,532.500000,34.900002,1,199.500000,27.000000,201.318777,-0.134521,-7.707486
961,detected,OK,734.000000,506.500000,0.867418,2,0,794.500000,714.500000,37.500000,1,60.500000,208.000000,216.620059,-1.287741,-73.782115
961,detected,OK,734.000000,506.500000,0.867418,2,1,935.500000,531.500000,36.599998,1,201.500000,25.000000,203.044946,-0.123439,-7.072516
962,detected,OK,734.000000,506.500000,0.867018,2,0,797.500000,711.500000,40.799999,1,63.500000,205.000000,214.609529,-1.270413,-72.789314
962,detected,OK,734.000000,506.500000,0.867018,2,1,934.500000,526.500000,40.000000,1,200.500000,20.000000,201.495037,-0.099422,-5.696446
963,detected,OK,734.000000,506.500000,0.868396,2,0,797.500000,714.500000,38.000000,1,63.500000,208.000000,217.477010,-1.274495,-73.023174
963,detected,OK,734.000000,506.500000,0.868396,2,1,936.500000,529.500000,35.500000,1,202.500000,23.000000,203.801987,-0.113096,-6.479899
964,detected,OK,734.000000,507.000000,0.891035,2,0,800.500000,712.500000,40.700001,1,66.500000,205.500000,215.991898,-1.257830,-72.068369
964,detected,OK,734.000000,507.000000,0.891035,2,1,934.500000,526.500000,36.500000,1,200.500000,19.500000,201.446023,-0.096952,-5.554937
965,detected,OK,733.000000,507.000000,0.891272,2,0,804.500000,711.500000,38.700001,1,71.500000,204.500000,216.639101,-1.234448,-70.728676
965,detected,OK,733.000000,507.000000,0.891272,2,1,929.500000,522.500000,36.200001,1,196.500000,15.500000,197.110375,-0.078717,-4.510176
966,detected,OK,733.000000,507.500000,0.870220,2,0,804.500000,710.500000,36.099998,1,71.500000,203.000000,215.223721,-1.232148,-70.596883
966,detected,OK,733.000000,507.500000,0.870220,2,1,928.500000,520.500000,36.099998,1,195.500000,13.000000,195.931748,-0.066398,-3.804349
967,detected,OK,732.500000,507.500000,0.899744,2,0,808.500000,710.500000,38.700001,1,76.000000,203.000000,216.760236,-1.212566,-69.474892
967,detected,OK,732.500000,507.500000,0.899744,2,1,928.500000,519.500000,36.400002,1,196.000000,12.000000,196.367003,-0.061148,-3.503532
968,detected,OK,732.500000,507.500000,0.896406,2,0,806.500000,708.500000,39.299999,1,74.000000,201.000000,214.189169,-1.218037,-69.788351
968,detected,OK,732.500000,507.500000,0.896406,2,1,932.500000,517.500000,34.400002,1,200.000000,10.000000,200.249844,-0.049958,-2.862405
969,detected,OK,732.500000,507.500000,0.893872,2,0,811.500000,706.500000,37.799999,1,79.000000,199.000000,214.107450,-1.192892,-68.347669
969,detected,OK,732.500000,507.500000,0.893872,2,1,929.500000,518.500000,35.000000,1,197.000000,11.000000,197.306868,-0.055780,-3.195938
970,detected,OK,733.000000,507.500000,0.863865,2,0,812.500000,707.500000,36.099998,1,79.500000,200.000000,215.221398,-1.192447,-68.322179
970,detected,OK,733.000000,507.500000,0.863865,2,1,929.500000,513.500000,36.099998,1,196.500000,6.000000,196.591582,-0.030525,-1.748946
971,detected,OK,733.000000,508.500000,0.860841,2,0,814.500000,708.500000,37.200001,1,81.500000,200.000000,215.968169,-1.183841,-67.829104
971,detected,OK,733.000000,508.500000,0.860841,2,1,931.500000,509.500000,36.000000,1,198.500000,1.000000,198.502519,-0.005038,-0.288641
972,detected,OK,732.500000,509.000000,0.859716,2,0,818.500000,706.500000,39.700001,1,86.000000,197.500000,215.411815,-1.160114,-66.469618
972,detected,OK,732.500000,509.000000,0.859716,2,1,927.500000,509.500000,36.000000,1,195.000000,0.500000,195.000641,-0.002564,-0.146912
973,detected,OK,732.000000,509.000000,0.889055,2,0,818.500000,706.500000,39.900002,1,86.500000,197.500000,215.611920,-1.157988,-66.347798
973,detected,OK,732.000000,509.000000,0.889055,2,1,927.500000,507.500000,36.500000,1,195.500000,-1.500000,195.505754,0.007672,0.439601
974,detected,OK,732.000000,509.000000,0.889392,2,0,822.500000,705.500000,38.799999,1,90.500000,196.500000,216.338855,-1.139196,-65.271103
974,detected,OK,732.000000,509.000000,0.889392,2,1,926.500000,508.500000,33.799999,1,194.500000,-0.500000,194.500643,0.002571,0.147290
975,detected,OK,732.000000,509.000000,0.886978,2,0,821.500000,702.500000,38.299999,1,89.500000,193.500000,213.195919,-1.137570,-65.177934
975,detected,OK,732.000000,509.000000,0.886978,2,1,922.500000,501.500000,33.799999,1,190.500000,-7.500000,190.647581,0.039350,2.254575
976,detected,OK,732.000000,509.000000,0.885912,2,0,825.500000,700.500000,37.400002,1,93.500000,191.500000,213.106781,-1.116592,-63.976026
976,detected,OK,732.000000,509.000000,0.885912,2,1,923.500000,500.500000,35.000000,1,191.500000,-8.500000,191.688549,0.044357,2.541487
977,detected,OK,732.000000,509.000000,0.889363,2,0,826.500000,702.500000,36.299999,1,94.500000,193.500000,215.342750,-1.116494,-63.970408
977,detected,OK,732.000000,509.000000,0.889363,2,1,927.500000,500.500000,36.000000,1,195.500000,-8.500000,195.684695,0.043451,2.489553
978,detected,OK,732.000000,509.000000,0.888522,2,0,832.500000,700.500000,37.700001,1,100.500000,191.500000,216.269508,-1.087503,-62.309323
978,detected,OK,732.000000,509.000000,0.888522,2,1,926.500000,494.500000,34.700001,1,194.500000,-14.500000,195.039740,0.074412,4.263521
979,detected,OK,732.000000,508.500000,0.860174,2,0,831.500000,698.500000,36.000000,1,99.500000,190.000000,214.476689,-1.088381,-62.359659
979,detected,OK,732.000000,508.500000,0.860174,2,1,926.500000,491.500000,35.700001,1,194.500000,-17.000000,195.241517,0.087182,4.995163
980,detected,OK,732.000000,507.500000,0.864110,2,0,835.500000,697.500000,37.099998,1,103.500000,190.000000,216.361387,-1.072003,-61.421242
980,detected,OK,732.000000,507.500000,0.864110,2,1,925.500000,488.500000,34.900002,1,193.500000,-19.000000,194.430579,0.097877,5.607965
981,detected,OK,732.000000,508.000000,0.830247,2,0,834.500000,694.500000,37.200001,1,102.500000,186.500000,212.810949,-1.068262,-61.206899
981,detected,OK,732.000000,508.000000,0.830247,2,1,923.500000,488.500000,35.799999,1,191.500000,-19.500000,192.490259,0.101478,5.814256
982,detected,OK,732.000000,509.000000,0.888199,2,0,838.500000,695.500000,36.599998,1,106.500000,186.500000,214.766152,-1.051939,-60.271664
982,detected,OK,732.000000,509.000000,0.888199,2,1,922.500000,489.500000,33.500000,1,190.500000,-19.500000,191.495431,0.102007,5.844566
983,detected,OK,732.000000,509.000000,0.888124,2,0,840.500000,692.500000,35.500000,1,108.500000,183.500000,213.177156,-1.036813,-59.404996
983,detected,OK,732.000000,509.000000,0.888124,2,1,923.500000,482.500000,33.799999,1,191.500000,-26.500000,193.324856,0.137508,7.878623
984,detected,OK,732.000000,508.500000,0.861181,2,0,843.500000,692.500000,36.299999,1,111.500000,184.000000,215.147043,-1.025993,-58.785048
984,detected,OK,732.000000,508.500000,0.861181,2,1,919.500000,481.500000,36.599998,1,187.500000,-27.000000,189.434025,0.143017,8.194263
985,detected,OK,732.000000,509.000000,0.886721,2,0,848.500000,689.500000,38.299999,1,116.500000,180.500000,214.831329,-0.997641,-57.160614
985,detected,OK,732.000000,509.000000,0.886721,2,1,919.500000,480.500000,33.799999,1,187.500000,-28.500000,189.653632,0.150845,8.642803
986,detected,OK,732.000000,509.500000,0.864687,2,0,848.500000,689.500000,36.599998,1,116.500000,180.000000,214.411404,-0.996376,-57.088158
986,detected,OK,732.000000,509.500000,0.864687,2,1,917.500000,477.500000,36.799999,1,185.500000,-32.000000,188.239874,0.170825,9.787579
987,detected,OK,732.000000,509.500000,0.864232,2,0,852.500000,689.500000,38.299999,1,120.500000,180.000000,216.610826,-0.980873,-56.199889
987,detected,OK,732.000000,509.500000,0.864232,2,1,918.500000,478.500000,33.799999,1,186.500000,-31.000000,189.058853,0.164714,9.437411
988,detected,OK,732.000000,510.500000,0.862207,2,0,854.500000,688.500000,38.099998,1,122.500000,178.000000,216.079268,-0.968032,-55.464164
988,detected,OK,732.000000,510.500000,0.862207,2,1,917.500000,477.500000,34.299999,1,185.500000,-33.000000,188.412447,0.176056,10.087251
989,detected,OK,732.000000,511.000000,0.889672,2,0,853.500000,684.500000,38.000000,1,121.500000,173.500000,211.812417,-0.959877,-54.996900
989,detected,OK,732.000000,511.000000,0.889672,2,1,920.500000,472.500000,34.400002,1,188.500000,-38.500000,192.391528,0.201473,11.543553
990,detected,OK,732.000000,509.500000,0.864138,2,0,859.500000,683.500000,36.400002,1,127.500000,174.000000,215.713351,-0.938421,-53.767581
990,detected,OK,732.000000,509.500000,0.864138,2,1,918.500000,468.500000,35.099998,1,186.500000,-41.000000,190.953528,0.216397,12.398627
991,detected,OK,732.500000,509.000000,0.860191,2,0,862.500000,680.500000,38.599998,1,130.000000,171.500000,215.202811,-0.922184,-52.837236
991,detected,OK,732.500000,509.000000,0.860191,2,1,916.500000,463.500000,34.000000,1,184.000000,-45.500000,189.542212,0.242419,13.889614
992,detected,OK,733.000000,509.500000,0.864525,2,0,862.500000,680.500000,36.900002,1,129.500000,171.000000,214.502331,-0.922633,-52.862991
992,detected,OK,733.000000,509.500000,0.864525,2,1,914.500000,464.500000,33.500000,1,181.500000,-45.000000,186.995321,0.243033,13.924773
993,detected,OK,732.500000,511.000000,0.856528,2,0,867.500000,676.500000,37.200001,1,135.000000,165.500000,213.577269,-0.886549,-50.795532
993,detected,OK,732.500000,511.000000,0.856528,2,1,914.500000,458.500000,34.700001,1,182.000000,-52.500000,189.420828,0.280838,16.090816
994,detected,OK,732.500000,511.500000,0.888794,2,0,870.500000,678.500000,37.500000,1,138.000000,167.000000,216.640255,-0.880195,-50.431467
994,detected,OK,732.500000,511.500000,0.888794,2,1,912.500000,458.500000,33.799999,1,180.000000,-53.000000,187.640614,0.286352,16.406772
995,detected,OK,732.000000,512.500000,0.857127,2,0,867.500000,675.500000,37.400002,1,135.500000,163.000000,211.965209,-0.877266,-50.263648
995,detected,OK,732.000000,512.500000,0.857127,2,1,909.500000,457.500000,36.299999,1,177.500000,-55.000000,185.825859,0.300477,17.216074
996,detected,OK,732.500000,513.000000,0.848642,2,0,871.500000,675.500000,40.500000,1,139.000000,162.500000,213.839309,-0.863185,-49.456829
996,detected,OK,732.500000,513.000000,0.848642,2,1,913.500000,456.500000,33.799999,1,181.000000,-56.500000,189.613423,0.302570,17.335999
997,detected,OK,733.000000,512.500000,0.858292,2,0,873.500000,672.500000,35.500000,1,140.500000,160.000000,212.932501,-0.850199,-48.712823
997,detected,OK,733.000000,512.500000,0.858292,2,1,904.500000,452.500000,34.400002,1,171.500000,-60.000000,181.692735,0.336545,19.282605
998,detected,OK,734.000000,511.500000,0.859803,2,0,876.500000,669.500000,36.099998,1,142.500000,158.000000,212.768066,-0.836933,-47.952740
998,detected,OK,734.000000,511.500000,0.859803,2,1,904.500000,450.500000,34.400002,1,170.500000,-61.000000,181.083544,0.343581,19.685750
999,detected,OK,734.000000,512.500000,0.860683,2,0,902.500000,447.500000,33.799999,1,168.500000,-65.000000,180.602464,0.368168,21.094454
999,detected,OK,734.000000,512.500000,0.860683,2,1,879.500000,666.500000,39.400002,1,145.500000,154.000000,211.863753,-0.813771,-46.625654
1000,detected,OK,734.000000,513.000000,0.888890,2,0,880.500000,668.500000,36.400002,1,146.500000,155.500000,213.641054,-0.815191,-46.706985
1000,detected,OK,734.000000,513.000000,0.888890,2,1,904.500000,446.500000,35.200001,1,170.500000,-66.500000,183.009563,0.371882,21.307242
1001,detected,OK,734.000000,513.000000,0.889166,2,0,883.500000,663.500000,36.799999,1,149.500000,150.500000,212.133213,-0.788731,-45.190985
1001,detected,OK,734.000000,513.000000,0.889166,2,1,900.500000,444.500000,34.099998,1,166.500000,-68.500000,180.040273,0.390305,22.362825
1002,detected,OK,734.000000,513.500000,0.868999,2,0,885.500000,661.500000,36.400002,1,151.500000,148.000000,211.792941,-0.773713,-44.330464
1002,detected,OK,734.000000,513.500000,0.868999,2,1,904.500000,444.500000,36.000000,1,170.500000,-69.000000,183.932732,0.384545,22.032789
1003,detected,OK,734.000000,513.500000,0.869020,2,0,888.500000,660.500000,35.200001,1,154.500000,147.000000,213.258646,-0.760528,-43.575026
1003,detected,OK,734.000000,513.500000,0.869020,2,1,902.500000,438.500000,33.000000,1,168.500000,-75.000000,184.437659,0.418775,23.994031
1004,detected,OK,734.000000,514.000000,0.836459,2,0,892.500000,660.500000,36.599998,1,158.500000,146.500000,215.834427,-0.746074,-42.746902
1004,detected,OK,734.000000,514.000000,0.836459,2,1,902.500000,439.500000,35.000000,1,168.500000,-74.500000,184.234904,0.416295,23.851971
1005,detected,OK,734.000000,514.500000,0.865467,2,0,890.500000,659.500000,36.400002,1,156.500000,145.000000,213.347721,-0.747274,-42.815648
1005,detected,OK,734.000000,514.500000,0.865467,2,1,899.500000,435.500000,33.799999,1,165.500000,-79.000000,183.388249,0.445357,25.517075
1006,detected,OK,734.500000,514.500000,0.896798,2,0,894.500000,656.500000,37.700001,1,160.000000,142.000000,213.925221,-0.725866,-41.589055
1006,detected,OK,734.500000,514.500000,0.896798,2,1,898.500000,434.500000,33.599998,1,164.000000,-80.000000,182.471916,0.453844,26.003346
1007,detected,OK,734.500000,513.500000,0.897025,2,0,894.500000,654.500000,36.500000,1,160.000000,141.000000,213.262749,-0.722359,-41.388115
1007,detected,OK,734.500000,513.500000,0.897025,2,1,892.500000,433.500000,36.299999,1,158.000000,-80.000000,177.098842,0.468698,26.854421
1008,detected,OK,735.000000,513.500000,0.864299,2,0,896.500000,652.500000,36.599998,1,161.500000,139.000000,213.080384,-0.710662,-40.717957
1008,detected,OK,735.000000,513.500000,0.864299,2,1,893.500000,428.500000,35.799999,1,158.500000,-85.000000,179.853413,0.492247,28.203663
1009,detected,OK,735.000000,513.500000,0.863329,2,0,899.500000,649.500000,37.700001,1,164.500000,136.000000,213.439101,-0.690839,-39.582163
1009,detected,OK,735.000000,513.500000,0.863329,2,1,889.500000,428.500000,33.599998,1,154.500000,-85.000000,176.338453,0.502967,28.817911
1010,detected,OK,735.000000,515.000000,0.894057,2,0,899.500000,645.500000,38.599998,1,164.500000,130.500000,209.977380,-0.670650,-38.425427
1010,detected,OK,735.000000,515.000000,0.894057,2,1,894.500000,427.500000,34.299999,1,159.500000,-87.500000,181.924435,0.501760,28.748703
1011,detected,OK,735.000000,515.500000,0.865576,2,0,900.500000,643.500000,37.799999,1,165.500000,128.000000,209.222967,-0.658318,-37.718865
1011,detected,OK,735.000000,515.500000,0.865576,2,1,887.500000,424.500000,35.799999,1,152.500000,-91.000000,177.587302,0.538005,30.825428
1012,detected,OK,734.500000,515.500000,0.894691,2,0,904.500000,645.500000,37.700001,1,170.000000,130.000000,214.009346,-0.652847,-37.405357
1012,detected,OK,734.500000,515.500000,0.894691,2,1,882.500000,423.500000,33.000000,1,148.000000,-92.000000,174.264167,0.556166,31.865978
1013,detected,OK,734.000000,516.500000,0.863454,2,0,881.500000,420.500000,34.299999,1,147.500000,-96.000000,175.989346,0.576971,33.057988
1013,detected,OK,734.000000,516.500000,0.863454,2,1,903.500000,638.500000,38.599998,1,169.500000,122.000000,208.840250,-0.623868,-35.744981
1014,detected,OK,734.500000,515.500000,0.894739,2,0,909.500000,638.500000,36.599998,1,175.000000,123.000000,213.901847,-0.612641,-35.101740
1014,detected,OK,734.500000,515.500000,0.894739,2,1,883.500000,420.500000,32.500000,1,149.000000,-95.000000,176.708800,0.567597,32.520928
1015,detected,OK,734.500000,515.500000,0.893780,2,0,906.500000,634.500000,37.200001,1,172.000000,119.000000,209.153054,-0.605242,-34.677828
1015,detected,OK,734.500000,515.500000,0.893780,2,1,878.500000,418.500000,36.000000,1,144.000000,-97.000000,173.623155,0.592795,33.964646
1016,detected,OK,734.500000,515.500000,0.893886,2,0,907.500000,635.500000,35.700001,1,173.000000,120.000000,210.544532,-0.606446,-34.746787
1016,detected,OK,734.500000,515.500000,0.893886,2,1,884.500000,417.500000,33.000000,1,150.000000,-98.000000,179.175891,0.578715,33.157924
1017,detected,OK,734.500000,517.000000,0.860219,2,0,910.500000,632.500000,36.299999,1,176.000000,115.500000,210.514251,-0.580756,-33.274888
1017,detected,OK,734.500000,517.000000,0.860219,2,1,877.500000,411.500000,33.799999,1,143.000000,-105.500000,177.705515,0.635623,36.418505
1018,detected,OK,734.500000,517.500000,0.897417,2,0,911.500000,632.500000,36.299999,1,177.000000,115.000000,211.078185,-0.576177,-33.012488
1018,detected,OK,734.500000,517.500000,0.897417,2,1,873.500000,413.500000,34.900002,1,139.000000,-104.000000,173.600115,0.642349,36.803889
1019,detected,OK,734.500000,519.000000,0.856789,2,0,912.500000,630.500000,36.200001,1,178.000000,111.500000,210.038687,-0.559609,-32.063214
1019,detected,OK,734.500000,519.000000,0.856789,2,1,873.500000,410.500000,36.599998,1,139.000000,-108.500000,176.332782,0.662784,37.974728
1020,detected,OK,734.500000,521.500000,0.893786,2,0,916.500000,628.500000,37.500000,1,182.000000,107.000000,211.123187,-0.531484,-30.451785
1020,detected,OK,734.500000,521.500000,0.893786,2,1,867.500000,411.500000,34.200001,1,133.000000,-110.000000,172.594901,0.691029,39.593051
1021,detected,OK,734.500000,523.500000,0.894087,2,0,917.500000,629.500000,37.500000,1,183.000000,106.000000,211.482860,-0.525011,-30.080923
1021,detected,OK,734.500000,523.500000,0.894087,2,1,866.500000,412.500000,33.799999,1,132.000000,-111.000000,172.467388,0.699193,40.060784
1022,detected,OK,734.500000,525.500000,0.899715,2,0,917.500000,627.500000,36.299999,1,183.000000,102.000000,209.506563,-0.508489,-29.134292
1022,detected,OK,734.500000,525.500000,0.899715,2,1,866.500000,415.500000,32.500000,1,132.000000,-110.000000,171.825493,0.694738,39.805571
1023,detected,OK,734.000000,533.000000,0.889026,2,0,919.500000,629.500000,36.400002,1,185.500000,96.500000,209.099259,-0.479689,-27.484156
1023,detected,OK,734.000000,533.000000,0.889026,2,1,866.500000,420.500000,35.500000,1,132.500000,-112.500000,173.817433,0.703946,40.333142
1024,detected,OK,734.000000,537.500000,0.866715,2,0,918.500000,636.500000,36.099998,1,184.500000,99.000000,209.383022,-0.492486,-28.217356
1024,detected,OK,734.000000,537.500000,0.866715,2,1,862.500000,424.500000,33.200001,1,128.500000,-113.000000,171.117650,0.721304,41.327668
1025,detected,OK,734.000000,543.000000,0.890834,2,0,923.500000,639.500000,35.799999,1,189.500000,96.500000,212.655825,-0.471008,-26.986779
1025,detected,OK,734.000000,543.000000,0.890834,2,1,859.500000,427.500000,32.200001,1,125.500000,-115.500000,170.559374,0.743928,42.623945
1026,detected,OK,734.000000,553.500000,0.868990,2,0,920.500000,646.500000,35.500000,1,186.500000,93.000000,208.401655,-0.462575,-26.503575
1026,detected,OK,734.000000,553.500000,0.868990,2,1,858.500000,435.500000,35.500000,1,124.500000,-118.000000,171.534982,0.758600,43.464604
1027,detected,OK,734.000000,559.500000,0.866769,2,0,921.500000,650.500000,35.900002,1,187.500000,91.000000,208.416050,-0.451846,-25.888845
1027,detected,OK,734.000000,559.500000,0.866769,2,1,854.500000,440.500000,33.000000,1,120.500000,-119.000000,169.355396,0.779135,44.641158
1028,detected,OK,732.000000,569.500000,0.868030,2,0,920.500000,653.500000,36.799999,1,188.500000,84.000000,206.369208,-0.419208,-24.018869
1028,detected,OK,732.000000,569.500000,0.868030,2,1,853.500000,446.500000,33.799999,1,121.500000,-123.000000,172.890862,0.791533,45.351503
1029,detected,OK,732.000000,573.500000,0.866349,2,0,921.500000,655.500000,36.799999,1,189.500000,82.000000,206.480629,-0.408389,-23.398988
1029,detected,OK,732.000000,573.500000,0.866349,2,1,848.500000,450.500000,32.400002,1,116.500000,-123.000000,169.414433,0.812531,46.554619
1030,detected,OK,732.000000,577.500000,0.863945,2,0,925.500000,659.500000,36.400002,1,193.500000,82.000000,210.157679,-0.400831,-22.965900
1030,detected,OK,732.000000,577.500000,0.863945,2,1,840.500000,450.500000,32.099998,1,108.500000,-127.000000,167.036673,0.863793,49.491718
1031,detected,OK,732.000000,580.500000,0.857014,2,0,922.500000,656.500000,37.099998,1,190.500000,76.000000,205.100585,-0.379601,-21.749535
1031,detected,OK,732.000000,580.500000,0.857014,2,1,840.500000,448.500000,36.500000,1,108.500000,-132.000000,170.869102,0.882802,50.580831
1032,detected,OK,730.500000,580.500000,0.887854,2,0,924.500000,652.500000,36.000000,1,194.000000,72.000000,206.929940,-0.355377,-20.361603
1032,detected,OK,730.500000,580.500000,0.887854,2,1,842.500000,450.500000,33.799999,1,112.000000,-130.000000,171.592541,0.859642,49.253836
1033,detected,OK,730.000000,579.500000,0.862667,2,0,922.500000,650.500000,36.599998,1,192.500000,71.000000,205.176144,-0.353351,-20.245546
1033,detected,OK,730.000000,579.500000,0.862667,2,1,838.500000,449.500000,35.099998,1,108.500000,-130.000000,169.328822,0.875302,50.151105
1034,detected,OK,730.000000,577.000000,0.888639,2,0,922.500000,643.500000,37.200001,1,192.500000,66.500000,203.662711,-0.332620,-19.057705
1034,detected,OK,730.000000,577.000000,0.888639,2,1,827.500000,442.500000,32.200001,1,97.500000,-134.500000,166.121943,0.943549,54.061379
1035,detected,OK,730.000000,575.500000,0.861858,2,0,925.500000,641.500000,36.299999,1,195.500000,66.000000,206.340132,-0.325582,-18.654472
1035,detected,OK,730.000000,575.500000,0.861858,2,1,832.500000,439.500000,33.000000,1,102.500000,-136.000000,170.300470,0.924946,52.995526
1036,detected,OK,730.000000,575.500000,0.862336,2,0,924.500000,637.500000,36.900002,1,194.500000,62.000000,204.142720,-0.308583,-17.680517
1036,detected,OK,730.000000,575.500000,0.862336,2,1,827.500000,437.500000,35.500000,1,97.500000,-138.000000,168.968192,0.955707,54.757963
1037,detected,OK,733.500000,579.500000,0.840243,2,0,928.500000,640.500000,35.500000,1,195.000000,61.000000,204.318379,-0.303177,-17.370753
1037,detected,OK,733.500000,579.500000,0.840243,2,1,826.500000,438.500000,36.099998,1,93.000000,-141.000000,168.908259,0.987720,56.592175
1038,detected,OK,730.000000,620.500000,0.824713,1,0,819.500000,477.500000,36.200001,1,89.500000,-143.000000,168.698696,1.011569,57.958616
1039,detected,OK,730.000000,646.500000,0.825768,1,0,817.500000,503.500000,35.099998,1,87.500000,-143.000000,167.646205,1.021681,58.538032
1040,detected,OK,733.000000,668.500000,0.820268,1,0,817.500000,526.500000,33.799999,1,84.500000,-142.000000,165.239977,1.034009,59.244375
1041,detected,OK,732.000000,708.500000,0.875808,1,0,811.500000,561.500000,34.900002,1,79.500000,-147.000000,167.120466,1.075031,61.594754
1042,detected,OK,726.500000,717.500000,0.910575,2,0,924.500000,760.500000,37.200001,1,198.000000,43.000000,202.615399,-0.213851,-12.252760
1042,detected,OK,726.500000,717.500000,0.910575,2,1,810.500000,571.500000,33.599998,1,84.000000,-146.000000,168.439900,1.048705,60.086354
1043,detected,OK,718.500000,721.500000,0.909412,2,0,915.500000,761.500000,36.400002,1,197.000000,40.000000,201.019900,-0.200322,-11.477627
1043,detected,OK,718.500000,721.500000,0.909412,2,1,794.500000,573.500000,35.099998,1,76.000000,-148.000000,166.373075,1.096396,62.818889
1044,detected,OK,687.000000,722.000000,0.906811,2,0,763.500000,577.500000,33.000000,1,76.500000,-144.500000,163.500765,1.083897,62.102729
1044,detected,OK,687.000000,722.000000,0.906811,2,1,885.500000,761.500000,36.500000,1,198.500000,39.500000,202.391946,-0.196427,-11.254413
1045,detected,OK,667.500000,723.500000,0.851702,1,0,740.500000,573.500000,35.799999,1,73.000000,-150.000000,166.820263,1.117872,64.049357
1046,detected,OK,627.000000,728.000000,0.907538,2,0,823.500000,761.500000,36.900002,1,196.500000,33.500000,199.335145,-0.168860,-9.674965
1046,detected,OK,627.000000,728.000000,0.907538,2,1,696.500000,575.500000,36.000000,1,69.500000,-152.500000,167.590274,1.143181,65.499457
1047,detected,OK,607.000000,730.500000,0.877882,2,0,807.500000,763.500000,36.400002,1,200.500000,33.000000,203.197564,-0.163126,-9.346433
1047,detected,OK,607.000000,730.500000,0.877882,2,1,676.500000,582.500000,32.500000,1,69.500000,-148.000000,163.506116,1.131768,64.845504
1048,detected,OK,589.000000,730.000000,0.907208,2,0,788.500000,759.500000,35.000000,1,199.500000,29.500000,201.669284,-0.146806,-8.411356
1048,detected,OK,589.000000,730.000000,0.907208,2,1,655.500000,576.500000,35.799999,1,66.500000,-153.500000,167.285684,1.161980,66.576545
1049,detected,OK,559.500000,725.000000,0.869439,2,0,755.500000,750.500000,36.500000,1,196.000000,25.500000,197.651840,-0.129375,-7.412661
1049,detected,OK,559.500000,725.000000,0.869439,2,1,622.500000,570.500000,35.099998,1,63.000000,-154.500000,166.850981,1.183612,67.815987
1050,detected,OK,551.000000,722.000000,0.901342,2,0,747.500000,747.500000,36.500000,1,196.500000,25.500000,198.147672,-0.129050,-7.394009
1050,detected,OK,551.000000,722.000000,0.901342,2,1,619.500000,570.500000,33.599998,1,68.500000,-151.500000,166.266353,1.146160,65.670123
1051,detected,OK,536.500000,723.500000,0.905556,2,0,734.500000,744.500000,35.099998,1,198.000000,21.000000,199.110522,-0.105666,-6.054192
1051,detected,OK,536.500000,723.500000,0.905556,2,1,600.500000,570.500000,34.099998,1,64.000000,-153.000000,165.846314,1.174614,67.300410
1052,detected,OK,531.500000,724.000000,0.872228,2,0,730.500000,743.500000,34.400002,1,199.000000,19.500000,199.953120,-0.097678,-5.596543
1052,detected,OK,531.500000,724.000000,0.872228,2,1,590.500000,568.500000,32.900002,1,59.000000,-155.500000,166.316716,1.208155,69.222192
1053,detected,OK,526.500000,728.500000,0.903288,2,0,722.500000,742.500000,36.400002,1,196.000000,14.000000,196.499364,-0.071307,-4.085617
1053,detected,OK,526.500000,728.500000,0.903288,2,1,584.500000,573.500000,29.400000,1,58.000000,-155.000000,165.496224,1.212733,69.484475
1054,detected,OK,526.500000,732.000000,0.879158,2,0,720.500000,744.500000,35.799999,1,194.000000,12.500000,194.402289,-0.064344,-3.686642
1054,detected,OK,526.500000,732.000000,0.879158,2,1,576.500000,575.500000,33.799999,1,50.000000,-156.500000,164.293183,1.261557,72.281900
1055,detected,OK,528.500000,734.000000,0.876043,2,0,724.500000,744.500000,36.000000,1,196.000000,10.500000,196.281048,-0.053520,-3.066486
1055,detected,OK,528.500000,734.000000,0.876043,2,1,576.500000,579.500000,31.600000,1,48.000000,-154.500000,161.784579,1.269571,72.741046
1056,detected,OK,537.000000,737.500000,0.875587,2,0,731.500000,742.500000,36.599998,1,194.500000,5.000000,194.564257,-0.025701,-1.472575
1056,detected,OK,537.000000,737.500000,0.875587,2,1,584.500000,580.500000,34.299999,1,47.500000,-157.000000,164.028199,1.277004,73.166926
1057,detected,OK,541.000000,739.500000,0.875620,2,0,735.500000,741.500000,36.200001,1,194.500000,2.000000,194.510283,-0.010282,-0.589139
1057,detected,OK,541.000000,739.500000,0.875620,2,1,579.500000,579.500000,32.500000,1,38.500000,-160.000000,164.566856,1.334660,76.470412
1058,detected,OK,545.500000,741.500000,0.901760,2,0,740.500000,744.500000,34.200001,1,195.000000,3.000000,195.023076,-0.015383,-0.881404
1058,detected,OK,545.500000,741.500000,0.901760,2,1,589.500000,582.500000,29.400000,1,44.000000,-159.000000,164.975756,1.300823,74.531660
1059,detected,OK,555.000000,747.500000,0.874382,2,0,748.500000,746.500000,34.700001,1,193.500000,-1.000000,193.502584,0.005168,0.296100
1059,detected,OK,555.000000,747.500000,0.874382,2,1,594.500000,587.500000,33.500000,1,39.500000,-160.000000,164.803671,1.328761,76.132397
1060,detected,OK,559.000000,750.000000,0.904537,2,0,756.500000,745.500000,35.799999,1,197.500000,-4.500000,197.551259,0.022781,1.305248
1060,detected,OK,559.000000,750.000000,0.904537,2,1,590.500000,586.500000,35.500000,1,31.500000,-163.500000,166.506757,1.380468,79.094978
1061,detected,OK,569.500000,753.000000,0.868308,2,0,762.500000,742.500000,35.500000,1,193.000000,-10.500000,193.285411,0.054351,3.114058
1061,detected,OK,569.500000,753.000000,0.868308,2,1,597.500000,592.500000,32.400002,1,28.000000,-160.500000,162.924062,1.398080,80.104065
1062,detected,OK,573.500000,755.000000,0.868783,2,0,764.500000,744.500000,34.400002,1,191.000000,-10.500000,191.288395,0.054919,3.146601
1062,detected,OK,573.500000,755.000000,0.868783,2,1,599.500000,593.500000,31.600000,1,26.000000,-161.500000,163.579491,1.411175,80.854385
1063,detected,OK,580.500000,759.500000,0.903574,2,0,771.500000,740.500000,36.599998,1,191.000000,-19.000000,191.942700,0.099150,5.680891
1063,detected,OK,580.500000,759.500000,0.903574,2,1,604.500000,596.500000,34.400002,1,24.000000,-163.000000,164.757397,1.424607,81.623995
1064,detected,OK,583.500000,761.500000,0.903767,2,0,771.500000,740.500000,34.400002,1,188.000000,-21.000000,189.169236,0.111241,6.373639
1064,detected,OK,583.500000,761.500000,0.903767,2,1,599.500000,596.500000,34.599998,1,16.000000,-165.000000,165.773942,1.474129,84.461362
1065,detected,OK,588.500000,766.000000,0.873131,2,0,777.500000,740.500000,36.000000,1,189.000000,-25.500000,190.712480,0.134111,7.683982
1065,detected,OK,588.500000,766.000000,0.873131,2,1,599.500000,600.500000,34.400002,1,11.000000,-165.500000,165.865156,1.504429,86.197414
1066,detected,OK,590.500000,767.500000,0.903355,2,0,781.500000,739.500000,34.400002,1,191.000000,-28.000000,193.041446,0.145560,8.339976
1066,detected,OK,590.500000,767.500000,0.903355,2,1,602.500000,605.500000,32.700001,1,12.000000,-162.000000,162.443836,1.496857,85.763605
1067,detected,OK,592.500000,769.500000,0.899757,2,0,779.500000,739.500000,35.700001,1,187.000000,-30.000000,189.391130,0.159072,9.114175
1067,detected,OK,592.500000,769.500000,0.899757,2,1,601.500000,602.500000,32.400002,1,9.000000,-167.000000,167.242339,1.516956,86.915188
1068,detected,OK,594.500000,773.000000,0.866158,2,0,780.500000,741.500000,33.799999,1,186.000000,-31.500000,188.648483,0.167763,9.612115
1068,detected,OK,594.500000,773.000000,0.866158,2,1,602.500000,609.500000,34.400002,1,8.000000,-163.500000,163.695602,1.521906,87.198771
1069,detected,OK,596.000000,773.500000,0.875061,2,0,785.500000,740.500000,34.599998,1,189.500000,-33.000000,192.351891,0.172414,9.878566
1069,detected,OK,596.000000,773.500000,0.875061,2,1,596.500000,608.500000,34.400002,1,0.500000,-165.000000,165.000758,1.567766,89.826377
1070,detected,OK,596.500000,774.000000,0.872340,2,0,782.500000,736.500000,34.900002,1,186.000000,-37.500000,189.742589,0.198946,11.398763
1070,detected,OK,596.500000,774.000000,0.872340,2,1,596.500000,611.500000,32.400002,1,0.000000,-162.500000,162.500000,1.570796,90.000000
1071,detected,OK,598.500000,774.000000,0.870175,2,0,780.500000,734.500000,33.299999,1,182.000000,-39.500000,186.237080,0.213718,12.245168
1071,detected,OK,598.500000,774.000000,0.870175,2,1,594.500000,611.500000,32.700001,1,-4.000000,-162.500000,162.549223,1.595407,91.410073
1072,detected,OK,599.000000,774.000000,0.896878,2,0,780.500000,732.500000,33.299999,1,181.500000,-41.500000,186.184049,0.224786,12.879287
1072,detected,OK,599.000000,774.000000,0.896878,2,1,587.500000,609.500000,32.200001,1,-11.500000,-164.500000,164.901486,1.640592,93.998974
1073,detected,OK,602.000000,775.500000,0.871116,2,0,778.500000,726.500000,33.599998,1,176.500000,-49.000000,183.175462,0.270801,15.515739
1073,detected,OK,602.000000,775.500000,0.871116,2,1,588.500000,610.500000,34.900002,1,-13.500000,-165.000000,165.551352,1.652433,94.677418
1074,detected,OK,604.500000,777.500000,0.902329,2,0,781.500000,723.500000,34.900002,1,177.000000,-54.000000,185.054046,0.296115,16.966148
1074,detected,OK,604.500000,777.500000,0.902329,2,1,591.500000,613.500000,34.400002,1,-13.000000,-164.000000,164.514437,1.649899,94.532262
1075,detected,OK,606.500000,778.000000,0.872785,2,0,783.500000,722.500000,36.200001,1,177.000000,-55.500000,185.497305,0.303850,17.409303
1075,detected,OK,606.500000,778.000000,0.872785,2,1,588.500000,615.500000,32.700001,1,-18.000000,-162.500000,163.493884,1.681116,96.320842
1076,detected,OK,608.500000,778.000000,0.871046,2,0,591.500000,614.500000,34.099998,1,-17.000000,-163.500000,164.381416,1.674400,95.936029
1076,detected,OK,608.500000,778.000000,0.871046,2,1,783.500000,720.500000,34.900002,1,175.000000,-57.500000,184.204370,0.317459,18.189046
1077,detected,OK,610.500000,779.000000,0.867502,2,0,787.500000,719.500000,33.500000,1,177.000000,-59.500000,186.733098,0.324291,18.580492
1077,detected,OK,610.500000,779.000000,0.867502,2,1,587.500000,617.500000,33.000000,1,-23.000000,-161.500000,163.129550,1.712260,98.105267
1078,detected,OK,615.500000,780.000000,0.872454,2,0,789.500000,719.500000,33.599998,1,174.000000,-60.500000,184.217942,0.334625,19.172622
1078,detected,OK,615.500000,780.000000,0.872454,2,1,585.500000,616.500000,34.400002,1,-30.000000,-163.500000,166.229510,1.752264,100.397334
1079,detected,OK,618.000000,780.000000,0.843018,2,0,792.500000,712.500000,36.000000,1,174.500000,-67.500000,187.100241,0.369092,21.147441
1079,detected,OK,618.000000,780.000000,0.843018,2,1,591.500000,616.500000,34.200001,1,-26.500000,-163.500000,165.633632,1.731479,99.206412
1080,detected,OK,623.500000,780.000000,0.872189,2,0,793.500000,711.500000,34.400002,1,170.000000,-68.500000,183.281887,0.383039,21.946535
1080,detected,OK,623.500000,780.000000,0.872189,2,1,591.500000,616.500000,34.400002,1,-32.000000,-163.500000,166.602071,1.764072,101.073871
1081,detected,OK,626.000000,779.500000,0.870647,2,0,795.500000,710.500000,33.799999,1,169.500000,-69.000000,183.006147,0.386595,22.150238
1081,detected,OK,626.000000,779.500000,0.870647,2,1,587.500000,616.500000,34.400002,1,-38.500000,-163.000000,167.485074,1.802742,103.289491
1082,detected,OK,628.500000,780.000000,0.872127,2,0,796.500000,708.500000,34.099998,1,168.000000,-71.500000,182.582173,0.402375,23.054373
1082,detected,OK,628.500000,780.000000,0.872127,2,1,587.500000,618.500000,35.500000,1,-41.000000,-161.500000,166.623078,1.819414,104.244742
1083,detected,OK,633.500000,782.000000,0.872700,2,0,592.500000,620.500000,34.400002,1,-41.000000,-161.500000,166.623078,1.819414,104.244742
1083,detected,OK,633.500000,782.000000,0.872700,2,1,795.500000,705.500000,34.200001,1,162.000000,-76.500000,179.154263,0.441179,25.277722
1084,detected,OK,635.000000,783.500000,0.870792,2,0,592.500000,622.500000,34.299999,1,-42.500000,-161.000000,166.515014,1.828884,104.787347
1084,detected,OK,635.000000,783.500000,0.870792,2,1,797.500000,706.500000,35.799999,1,162.500000,-77.000000,179.820049,0.442506,25.353754
1085,detected,OK,637.000000,784.000000,0.898341,2,0,800.500000,704.500000,34.900002,1,163.500000,-79.500000,181.803465,0.452578,25.930806
1085,detected,OK,637.000000,784.000000,0.898341,2,1,593.500000,623.500000,33.299999,1,-43.500000,-160.500000,166.290409,1.835466,105.164461
1086,detected,OK,642.000000,784.000000,0.843920,2,0,806.500000,702.500000,33.799999,1,164.500000,-81.500000,183.582407,0.459994,26.355689
1086,detected,OK,642.000000,784.000000,0.843920,2,1,592.500000,622.500000,35.099998,1,-49.500000,-161.500000,168.915659,1.868207,107.040383
1087,detected,OK,646.000000,784.000000,0.843772,2,0,805.500000,693.500000,36.000000,1,159.500000,-90.500000,183.386204,0.516102,29.570495
1087,detected,OK,646.000000,784.000000,0.843772,2,1,589.500000,628.500000,33.799999,1,-56.500000,-155.500000,165.446366,1.919309,109.968313
1088,detected,OK,648.000000,784.000000,0.841267,2,0,804.500000,696.500000,34.700001,1,156.500000,-87.500000,179.300028,0.509807,29.209793
1088,detected,OK,648.000000,784.000000,0.841267,2,1,592.500000,623.500000,35.200001,1,-55.500000,-160.500000,169.824910,1.903720,109.075098
1089,detected,OK,651.000000,785.500000,0.867109,2,0,806.500000,689.500000,35.799999,1,155.500000,-96.000000,182.746409,0.553089,31.689661
1089,detected,OK,651.000000,785.500000,0.867109,2,1,592.500000,627.500000,33.799999,1,-58.500000,-158.000000,168.482195,1.925399,110.317231
1090,detected,OK,652.500000,784.000000,0.867383,2,0,809.500000,692.500000,33.799999,1,157.000000,-91.500000,181.717501,0.527678,30.233741
1090,detected,OK,652.500000,784.000000,0.867383,2,1,591.500000,628.500000,34.099998,1,-61.000000,-155.500000,167.036673,1.944632,111.419231
1091,detected,OK,654.500000,784.000000,0.868104,2,0,805.500000,687.500000,36.500000,1,151.000000,-96.500000,179.201702,0.568655,32.581541
1091,detected,OK,654.500000,784.000000,0.868104,2,1,582.500000,628.500000,32.400002,1,-72.000000,-155.500000,171.360001,2.004427,114.845199
1092,detected,OK,658.000000,784.000000,0.843904,2,0,803.500000,685.500000,34.200001,1,145.500000,-98.500000,175.705720,0.595106,34.097055
1092,detected,OK,658.000000,784.000000,0.843904,2,1,583.500000,628.500000,33.599998,1,-74.500000,-155.500000,172.425346,2.017584,115.599066
1093,detected,OK,660.000000,785.000000,0.839578,2,0,587.500000,633.500000,32.900002,1,-72.500000,-151.500000,167.953863,2.017135,115.573346
1093,detected,OK,660.000000,785.000000,0.839578,2,1,806.500000,683.500000,36.299999,1,146.500000,-101.500000,178.225980,0.605900,34.715486
1094,detected,OK,661.500000,785.500000,0.903177,2,0,806.500000,682.500000,36.299999,1,145.000000,-103.000000,177.859495,0.617635,35.387885
1094,detected,OK,661.500000,785.500000,0.903177,2,1,590.500000,631.500000,34.000000,1,-71.000000,-154.000000,169.578890,2.002792,114.751543
1095,detected,OK,665.500000,787.000000,0.866292,2,0,809.500000,680.500000,34.700001,1,144.000000,-106.500000,179.104020,0.636801,36.486012
1095,detected,OK,665.500000,787.000000,0.866292,2,1,586.500000,638.500000,33.799999,1,-79.000000,-148.500000,168.205975,2.059705,118.012376
1096,detected,OK,667.000000,787.000000,0.895133,2,0,587.500000,631.500000,33.799999,1,-79.500000,-155.500000,174.643923,2.043407,117.078572
1096,detected,OK,667.000000,787.000000,0.895133,2,1,809.500000,678.500000,34.700001,1,142.500000,-108.500000,179.104718,0.650759,37.285773
1097,detected,OK,669.500000,786.000000,0.870181,2,0,807.500000,679.500000,34.700001,1,138.000000,-106.500000,174.316522,0.657270,37.658774
1097,detected,OK,669.500000,786.000000,0.870181,2,1,590.500000,634.500000,34.299999,1,-79.000000,-151.500000,170.860323,2.051458,117.539885
1098,detected,OK,674.000000,785.500000,0.873839,2,0,810.500000,679.500000,34.099998,1,136.500000,-106.000000,172.824333,0.660282,37.831369
1098,detected,OK,674.000000,785.500000,0.873839,2,1,588.500000,638.500000,32.700001,1,-85.500000,-147.000000,170.056608,2.097601,120.183681
1099,detected,OK,676.000000,785.500000,0.871918,2,0,813.500000,674.500000,35.500000,1,137.500000,-111.000000,176.712337,0.679160,38.912992
1099,detected,OK,676.000000,785.500000,0.871918,2,1,590.500000,637.500000,30.200001,1,-85.500000,-148.000000,170.921766,2.094659,120.015142
1100,detected,OK,679.500000,786.000000,0.866014,2,0,811.500000,676.500000,33.799999,1,132.000000,-109.500000,171.505831,0.692499,39.677249
1100,detected,OK,679.500000,786.000000,0.866014,2,1,590.500000,640.500000,35.099998,1,-89.000000,-145.500000,170.561572,2.119763,121.453452
1101,detected,OK,681.500000,786.500000,0.896275,2,0,590.500000,640.500000,35.099998,1,-91.000000,-146.000000,172.037787,2.128163,121.934778
1101,detected,OK,681.500000,786.500000,0.896275,2,1,812.500000,674.500000,33.799999,1,131.000000,-112.000000,172.351385,0.707368,40.529179
1102,detected,OK,682.500000,786.000000,0.868190,2,0,585.500000,641.500000,34.900002,1,-97.000000,-144.500000,174.038071,2.161986,123.872683
1102,detected,OK,682.500000,786.000000,0.868190,2,1,809.500000,671.500000,34.599998,1,127.000000,-114.500000,170.994883,0.733684,42.037024
1103,detected,OK,686.500000,784.000000,0.869545,2,0,812.500000,663.500000,36.400002,1,126.000000,-120.500000,174.345204,0.763089,43.721807
1103,detected,OK,686.500000,784.000000,0.869545,2,1,585.500000,641.500000,35.099998,1,-101.000000,-142.500000,174.663247,2.187385,125.327944
1104,detected,OK,688.500000,783.500000,0.900806,2,0,817.500000,664.500000,33.599998,1,129.000000,-119.000000,175.504986,0.745097,42.690937
1104,detected,OK,688.500000,783.500000,0.900806,2,1,588.500000,639.500000,37.299999,1,-100.000000,-144.000000,175.316856,2.177784,124.777831
1105,detected,OK,692.500000,781.500000,0.907203,2,0,813.500000,657.500000,36.099998,1,121.000000,-124.000000,173.254149,0.797642,45.701546
1105,detected,OK,692.500000,781.500000,0.907203,2,1,590.500000,643.500000,32.099998,1,-102.000000,-138.000000,171.604196,2.207305,126.469234
1106,detected,OK,694.000000,781.500000,0.872372,2,0,815.500000,657.500000,34.400002,1,121.500000,-124.000000,173.603715,0.795581,45.583440
1106,detected,OK,694.000000,781.500000,0.872372,2,1,589.500000,637.500000,34.400002,1,-104.500000,-144.000000,177.922033,2.198560,125.968184
1107,detected,OK,696.000000,780.500000,0.871128,2,0,815.500000,656.500000,33.500000,1,119.500000,-124.000000,172.209901,0.803877,46.058734
1107,detected,OK,696.000000,780.500000,0.871128,2,1,590.500000,639.500000,32.700001,1,-105.500000,-141.000000,176.100114,2.213162,126.804826
1108,detected,OK,699.500000,779.500000,0.902905,2,0,815.500000,652.500000,33.799999,1,116.000000,-127.000000,172.002907,0.830635,47.591867
1108,detected,OK,699.500000,779.500000,0.902905,2,1,588.500000,639.500000,33.000000,1,-111.000000,-140.000000,178.664490,2.241167,128.409391
1109,detected,OK,701.500000,778.000000,0.875531,2,0,820.500000,651.500000,32.700001,1,119.000000,-126.500000,173.675704,0.815939,46.749836
1109,detected,OK,701.500000,778.000000,0.875531,2,1,592.500000,641.500000,35.099998,1,-109.000000,-136.500000,174.680422,2.244643,128.608583
1110,detected,OK,706.000000,776.000000,0.845124,2,0,815.500000,643.500000,36.000000,1,109.500000,-132.500000,171.890954,0.880155,50.429159
1110,detected,OK,706.000000,776.000000,0.845124,2,1,590.500000,643.500000,37.700001,1,-115.500000,-132.500000,175.774003,2.287753,131.078601
1111,detected,OK,708.000000,776.000000,0.845647,2,0,815.500000,647.500000,32.200001,1,107.500000,-128.500000,167.536563,0.874147,50.084961
1111,detected,OK,708.000000,776.000000,0.845647,2,1,587.500000,643.500000,34.400002,1,-120.500000,-132.500000,179.099135,2.308799,132.284449
1112,detected,OK,708.500000,776.000000,0.870785,2,0,591.500000,642.500000,33.000000,1,-117.000000,-133.500000,177.514084,2.290421,131.231470
1112,detected,OK,708.500000,776.000000,0.870785,2,1,817.500000,644.500000,33.599998,1,109.000000,-131.500000,170.801786,0.878682,50.344755
1113,detected,OK,712.500000,777.000000,0.871608,2,0,815.500000,640.500000,35.500000,1,103.000000,-136.500000,171.000731,0.924371,52.962571
1113,detected,OK,712.500000,777.000000,0.871608,2,1,588.500000,647.500000,35.000000,1,-124.000000,-129.500000,179.293753,2.334502,133.757091
1114,detected,OK,714.500000,776.500000,0.902917,2,0,819.500000,643.500000,35.500000,1,105.000000,-133.000000,169.452058,0.902507,51.709837
1114,detected,OK,714.500000,776.500000,0.902917,2,1,590.500000,650.500000,33.000000,1,-124.000000,-126.000000,176.782352,2.348195,134.541644
1115,detected,OK,716.500000,776.000000,0.875344,2,0,819.500000,635.500000,36.000000,1,103.000000,-140.500000,174.210361,0.938202,53.755003
1115,detected,OK,716.500000,776.000000,0.875344,2,1,594.500000,647.500000,35.799999,1,-122.000000,-128.500000,177.189870,2.330252,133.513617
1116,detected,OK,720.500000,775.500000,0.903918,2,0,592.500000,653.500000,33.799999,1,-128.000000,-122.000000,176.827600,2.380190,136.374835
1116,detected,OK,720.500000,775.500000,0.903918,2,1,821.500000,635.500000,36.299999,1,101.000000,-140.000000,172.629661,0.945833,54.192243
1117,detected,OK,722.000000,776.000000,0.848544,2,0,593.500000,649.500000,33.000000,1,-128.500000,-126.500000,180.317775,2.364037,135.449369
1117,detected,OK,722.000000,776.000000,0.848544,2,1,818.500000,638.500000,33.000000,1,96.500000,-137.500000,167.983630,0.958851,54.938124
1118,detected,OK,724.000000,776.000000,0.846721,2,0,595.500000,652.500000,34.900002,1,-128.500000,-123.500000,178.225980,2.376033,136.136672
1118,detected,OK,724.000000,776.000000,0.846721,2,1,814.500000,636.500000,33.799999,1,90.500000,-139.500000,166.284395,0.995303,57.026690
1119,detected,OK,726.500000,776.000000,0.875455,2,0,589.500000,655.500000,34.599998,1,-137.000000,-120.500000,182.453419,2.420185,138.666368
1119,detected,OK,726.500000,776.000000,0.875455,2,1,816.500000,634.500000,33.799999,1,90.000000,-141.500000,167.696899,1.004296,57.541910
1120,detected,OK,728.000000,776.000000,0.848213,2,0,819.500000,634.500000,33.799999,1,91.500000,-141.500000,168.506676,0.996785,57.111550
1120,detected,OK,728.000000,776.000000,0.848213,2,1,594.500000,656.500000,30.799999,1,-133.500000,-119.500000,179.171705,2.411474,138.167287
1121,detected,OK,730.000000,775.500000,0.875016,2,0,595.500000,657.500000,34.599998,1,-134.500000,-118.000000,178.925264,2.421448,138.738765
1121,detected,OK,730.000000,775.500000,0.875016,2,1,817.500000,634.500000,33.700001,1,87.500000,-141.000000,165.943514,1.015391,58.177611
1122,detected,OK,732.000000,775.500000,0.876422,2,0,592.500000,661.500000,33.000000,1,-139.500000,-114.000000,180.156182,2.456449,140.744158
1122,detected,OK,732.000000,775.500000,0.876422,2,1,815.500000,633.500000,32.700001,1,83.500000,-142.000000,164.730841,1.039226,59.543273
1123,detected,OK,732.500000,776.000000,0.874705,2,0,591.500000,658.500000,33.299999,1,-141.000000,-117.500000,183.540867,2.446854,140.194429
1123,detected,OK,732.500000,776.000000,0.874705,2,1,820.500000,631.500000,33.000000,1,88.000000,-144.500000,169.187027,1.023788,58.658730
1124,detected,OK,734.500000,777.500000,0.903583,2,0,817.500000,630.500000,33.599998,1,83.000000,-147.000000,168.813507,1.056793,60.549804
1124,detected,OK,734.500000,777.500000,0.903583,2,1,593.500000,663.500000,35.500000,1,-141.000000,-114.000000,181.320159,2.461684,141.044092
1125,detected,OK,736.000000,778.000000,0.846747,2,0,817.500000,630.500000,33.799999,1,81.500000,-147.500000,168.518545,1.066003,61.077490
1125,detected,OK,736.000000,778.000000,0.846747,2,1,591.500000,664.500000,33.299999,1,-144.500000,-113.500000,183.745748,2.475776,141.851530
1126,detected,OK,737.500000,779.500000,0.903721,2,0,591.500000,666.500000,33.299999,1,-146.000000,-113.000000,184.621234,2.482925,142.261111
1126,detected,OK,737.500000,779.500000,0.903721,2,1,816.500000,629.500000,32.200001,1,79.000000,-150.000000,169.531708,1.086044,62.225719
1127,detected,OK,738.500000,783.000000,0.866545,2,0,591.500000,672.500000,33.799999,1,-147.000000,-110.500000,183.900109,2.497004,143.067790
1127,detected,OK,738.500000,783.000000,0.866545,2,1,812.500000,633.500000,33.099998,1,74.000000,-149.500000,166.812020,1.111170,63.665360
1128,detected,OK,740.000000,783.500000,0.875669,2,0,591.500000,678.500000,33.299999,1,-148.500000,-105.000000,181.871521,2.526137,144.736988
1128,detected,OK,740.000000,783.500000,0.875669,2,1,814.500000,631.500000,32.900002,1,74.500000,-152.000000,169.275663,1.115075,63.889067
1129,detected,OK,742.000000,784.000000,0.847704,2,0,809.500000,632.500000,33.799999,1,67.500000,-151.500000,165.856866,1.151654,65.984898
1129,detected,OK,742.000000,784.000000,0.847704,2,1,591.500000,680.500000,33.000000,1,-150.500000,-103.500000,182.654045,2.539164,145.483399
1130,detected,OK,742.500000,783.500000,0.903831,2,0,588.500000,680.500000,35.900002,1,-154.000000,-103.000000,185.270073,2.552093,146.224160
1130,detected,OK,742.500000,783.500000,0.903831,2,1,811.500000,630.500000,33.799999,1,69.000000,-153.000000,167.839209,1.147127,65.725559
1131,detected,OK,744.500000,781.500000,0.908195,2,0,811.500000,631.500000,33.099998,1,67.000000,-150.000000,164.283292,1.150718,65.931277
1131,detected,OK,744.500000,781.500000,0.908195,2,1,588.500000,680.500000,35.500000,1,-156.000000,-101.000000,185.841330,2.567022,147.079531
1132,detected,OK,746.000000,780.000000,0.844773,2,0,593.500000,678.500000,35.500000,1,-152.500000,-101.500000,183.189792,2.554347,146.353306
1132,detected,OK,746.000000,780.000000,0.844773,2,1,810.500000,623.500000,33.799999,1,64.500000,-156.500000,169.270494,1.179868,67.601454
1133,detected,OK,748.000000,780.000000,0.845510,2,0,809.500000,627.500000,32.900002,1,61.500000,-152.500000,164.433877,1.187467,68.036830
1133,detected,OK,748.000000,780.000000,0.845510,2,1,593.500000,678.500000,36.000000,1,-154.500000,-101.500000,184.858054,2.560342,146.696770
1134,detected,OK,750.500000,780.000000,0.871246,2,0,811.500000,627.500000,35.099998,1,61.000000,-152.500000,164.247527,1.190290,68.198591
1134,detected,OK,750.500000,780.000000,0.871246,2,1,595.500000,682.500000,34.900002,1,-155.000000,-97.500000,183.115401,2.580099,147.828783
1135,detected,OK,750.500000,780.000000,0.870996,2,0,591.500000,685.500000,37.700001,1,-159.000000,-94.500000,184.962834,2.605346,149.275307
1135,detected,OK,750.500000,780.000000,0.870996,2,1,810.500000,626.500000,33.799999,1,60.000000,-153.500000,164.809739,1.198177,68.650492
1136,detected,OK,752.500000,778.000000,0.872478,2,0,594.500000,682.500000,36.000000,1,-158.000000,-95.500000,184.619203,2.597922,148.849960
1136,detected,OK,752.500000,778.000000,0.872478,2,1,809.500000,619.500000,34.200001,1,57.000000,-158.500000,168.437674,1.225576,70.220327
1137,detected,OK,754.000000,778.000000,0.846353,2,0,810.500000,623.500000,35.500000,1,56.500000,-154.500000,164.506839,1.220208,69.912746
1137,detected,OK,754.000000,778.000000,0.846353,2,1,589.500000,684.500000,35.500000,1,-164.500000,-93.500000,189.215486,2.624741,150.386574
1138,detected,OK,755.000000,778.000000,0.903915,2,0,810.500000,622.500000,34.599998,1,55.500000,-155.500000,165.107541,1.227976,70.357848
1138,detected,OK,755.000000,778.000000,0.903915,2,1,595.500000,684.500000,35.500000,1,-159.500000,-93.500000,184.885099,2.611377,149.620874
1139,detected,OK,757.000000,777.500000,0.876341,2,0,809.500000,620.500000,33.700001,1,52.500000,-157.000000,165.545311,1.248091,71.510327
1139,detected,OK,757.000000,777.500000,0.876341,2,1,595.500000,685.500000,36.099998,1,-161.500000,-92.000000,185.866215,2.623781,150.331590
1140,detected,OK,758.000000,777.500000,0.873235,2,0,807.500000,618.500000,33.799999,1,49.500000,-159.000000,166.527025,1.268986,72.707551
1140,detected,OK,758.000000,777.500000,0.873235,2,1,593.500000,685.500000,33.299999,1,-164.500000,-92.000000,188.478779,2.631660,150.783002
1141,detected,OK,758.500000,777.500000,0.905111,2,0,595.500000,688.500000,35.500000,1,-163.000000,-89.000000,185.714835,2.641816,151.364918
1141,detected,OK,758.500000,777.500000,0.905111,2,1,810.500000,618.500000,33.799999,1,52.000000,-159.000000,167.287178,1.254717,71.889977
1142,detected,OK,760.000000,777.000000,0.896713,2,0,805.500000,618.500000,33.700001,1,45.500000,-158.500000,164.901486,1.291247,73.983014
1142,detected,OK,760.000000,777.000000,0.896713,2,1,593.500000,693.500000,33.799999,1,-166.500000,-83.500000,186.264597,2.676745,153.366166
1143,detected,OK,760.500000,777.000000,0.865802,2,0,594.500000,690.500000,36.000000,1,-166.000000,-86.500000,187.185069,2.661220,152.476686
1143,detected,OK,760.500000,777.000000,0.865802,2,1,804.500000,617.500000,33.000000,1,44.000000,-159.500000,165.457699,1.301629,74.577839
1144,detected,OK,760.500000,777.000000,0.865821,2,0,803.500000,614.500000,34.400002,1,43.000000,-162.500000,168.092980,1.312110,75.178366
1144,detected,OK,760.500000,777.000000,0.865821,2,1,593.500000,691.500000,35.500000,1,-167.000000,-85.500000,187.614632,2.668410,152.888641
1145,detected,OK,762.000000,777.500000,0.872778,2,0,593.500000,694.500000,36.000000,1,-168.500000,-83.000000,187.833038,2.683897,153.775991
1145,detected,OK,762.000000,777.500000,0.872778,2,1,803.500000,617.500000,34.200001,1,41.500000,-160.000000,165.294434,1.317014,75.459331
1146,detected,OK,762.500000,777.500000,0.905818,2,0,798.500000,617.500000,34.900002,1,36.000000,-160.000000,164.000000,1.349482,77.319617
1146,detected,OK,762.500000,777.500000,0.905818,2,1,590.500000,699.500000,37.299999,1,-172.000000,-78.000000,188.859736,2.715842,155.606261
1147,detected,OK,764.000000,777.500000,0.874395,2,0,592.500000,698.500000,35.799999,1,-171.500000,-79.000000,188.820682,2.709925,155.267246
1147,detected,OK,764.000000,777.500000,0.874395,2,1,799.500000,617.500000,32.099998,1,35.500000,-160.000000,163.890970,1.352458,77.490152
1148,detected,OK,764.500000,777.500000,0.904180,2,0,591.500000,701.500000,33.799999,1,-173.000000,-76.000000,188.957667,2.727667,156.283811
1148,detected,OK,764.500000,777.500000,0.904180,2,1,799.500000,615.500000,33.299999,1,35.000000,-162.000000,165.737745,1.358017,77.808664
1149,detected,OK,766.000000,777.500000,0.872916,2,0,797.500000,615.500000,33.299999,1,31.500000,-162.000000,165.034087,1.378748,78.996459
1149,detected,OK,766.000000,777.500000,0.872916,2,1,590.500000,699.500000,34.299999,1,-175.500000,-78.000000,192.052727,2.723368,156.037511
1150,detected,OK,766.500000,777.500000,0.903629,2,0,797.500000,616.500000,32.099998,1,31.000000,-161.000000,163.957312,1.380578,79.101274
1150,detected,OK,766.500000,777.500000,0.903629,2,1,588.500000,703.500000,35.500000,1,-178.000000,-74.000000,192.769292,2.747600,157.425862
1151,detected,OK,766.500000,777.500000,0.904012,2,0,798.500000,617.500000,35.099998,1,32.000000,-160.000000,163.168624,1.373401,78.690068
1151,detected,OK,766.500000,777.500000,0.904012,2,1,585.500000,704.500000,34.299999,1,-181.000000,-73.000000,195.166596,2.758232,158.035044
1152,detected,OK,767.000000,777.500000,0.873913,2,0,795.500000,617.500000,33.299999,1,28.500000,-160.000000,162.518460,1.394520,79.900118
1152,detected,OK,767.000000,777.500000,0.873913,2,1,593.500000,704.500000,35.200001,1,-173.500000,-73.000000,188.231905,2.743328,157.181111
1153,detected,OK,768.000000,777.500000,0.874563,2,0,589.500000,705.500000,33.799999,1,-178.500000,-72.000000,192.474024,2.758192,158.032757
1153,detected,OK,768.000000,777.500000,0.874563,2,1,793.500000,617.500000,33.000000,1,25.500000,-160.000000,162.019289,1.412751,80.944642
1154,detected,OK,768.500000,777.500000,0.904881,2,0,589.500000,706.500000,33.799999,1,-179.000000,-71.000000,192.566872,2.763979,158.364344
1154,detected,OK,768.500000,777.500000,0.904881,2,1,795.500000,615.500000,34.700001,1,27.000000,-162.000000,164.234588,1.405648,80.537678
1155,detected,OK,769.500000,777.500000,0.901917,2,0,587.500000,710.500000,35.799999,1,-182.000000,-67.000000,193.940713,2.788857,159.789731
1155,detected,OK,769.500000,777.500000,0.901917,2,1,793.500000,614.500000,33.000000,1,24.000000,-163.000000,164.757397,1.424607,81.623995
1156,detected,OK,770.500000,777.500000,0.902378,2,0,587.500000,712.500000,35.799999,1,-183.000000,-65.000000,194.200927,2.800301,160.445406
1156,detected,OK,770.500000,777.500000,0.902378,2,1,791.500000,617.500000,33.700001,1,21.000000,-160.000000,161.372240,1.440292,82.522670
1157,detected,OK,771.500000,777.500000,0.905187,2,0,589.500000,710.500000,34.099998,1,-182.000000,-67.000000,193.940713,2.788857,159.789731
1157,detected,OK,771.500000,777.500000,0.905187,2,1,792.500000,614.500000,33.599998,1,21.000000,-163.000000,164.347193,1.442668,82.658774
1158,detected,OK,772.000000,778.000000,0.846930,2,0,591.500000,714.500000,36.299999,1,-180.500000,-63.500000,191.343931,2.803315,160.618100
1158,detected,OK,772.000000,778.000000,0.846930,2,1,789.500000,617.500000,33.500000,1,17.500000,-160.500000,161.451231,1.462191,83.777378
1159,detected,OK,772.500000,778.000000,0.872318,2,0,589.500000,714.500000,33.799999,1,-183.000000,-63.500000,193.704027,2.807598,160.863505
1159,detected,OK,772.500000,778.000000,0.872318,2,1,789.500000,614.500000,33.700001,1,17.000000,-163.500000,164.381416,1.467193,84.063971
1160,detected,OK,773.500000,777.500000,0.907049,2,0,592.500000,717.500000,35.500000,1,-181.000000,-60.000000,190.685605,2.821500,161.660069
1160,detected,OK,773.500000,777.500000,0.907049,2,1,787.500000,612.500000,33.799999,1,14.000000,-165.000000,165.592874,1.486151,85.150156
1161,detected,OK,774.000000,777.500000,0.872607,2,0,591.500000,717.500000,36.299999,1,-182.500000,-60.000000,192.109995,2.823957,161.800835
1161,detected,OK,774.000000,777.500000,0.872607,2,1,788.500000,613.500000,34.299999,1,14.500000,-164.000000,164.639758,1.482611,84.947353
1162,detected,OK,774.000000,776.500000,0.872494,2,0,592.500000,717.500000,35.500000,1,-181.500000,-59.000000,190.848762,2.827298,161.992269
1162,detected,OK,774.000000,776.500000,0.872494,2,1,784.500000,611.500000,34.599998,1,10.500000,-165.000000,165.333753,1.507246,86.358815
1163,detected,OK,776.000000,775.500000,0.878004,2,0,788.500000,610.500000,33.799999,1,12.500000,-165.000000,165.472807,1.495183,85.667686
1163,detected,OK,776.000000,775.500000,0.878004,2,1,588.500000,715.500000,39.700001,1,-187.500000,-60.000000,196.866071,2.831890,162.255328
1164,detected,OK,776.000000,775.500000,0.874739,2,0,592.500000,719.500000,35.500000,1,-183.500000,-56.000000,191.854763,2.845393,163.029010
1164,detected,OK,776.000000,775.500000,0.874739,2,1,784.500000,614.500000,33.799999,1,8.500000,-161.000000,161.224223,1.518050,86.977873
1165,detected,OK,776.500000,775.500000,0.905442,2,0,783.500000,610.500000,33.599998,1,7.000000,-165.000000,165.148418,1.528398,87.570727
1165,detected,OK,776.500000,775.500000,0.905442,2,1,591.500000,719.500000,36.599998,1,-185.000000,-56.000000,193.289938,2.847658,163.158794
1166,detected,OK,777.000000,775.000000,0.896645,2,0,785.500000,610.500000,33.799999,1,8.500000,-164.500000,164.719458,1.519171,87.042058
1166,detected,OK,777.000000,775.000000,0.896645,2,1,589.500000,724.500000,33.799999,1,-187.500000,-50.500000,194.181616,2.878502,164.926033
1167,detected,OK,778.000000,774.000000,0.895694,2,0,782.500000,609.500000,33.299999,1,4.500000,-164.500000,164.561539,1.543448,88.433029
1167,detected,OK,778.000000,774.000000,0.895694,2,1,587.500000,723.500000,36.299999,1,-190.500000,-50.500000,197.079933,2.882461,165.152855
1168,detected,OK,778.000000,773.500000,0.876000,2,0,587.500000,723.500000,36.299999,1,-190.500000,-50.000000,196.952405,2.884915,165.293455
1168,detected,OK,778.000000,773.500000,0.876000,2,1,781.500000,608.500000,33.599998,1,3.500000,-165.000000,165.037117,1.549587,88.784817
1169,detected,OK,780.000000,773.500000,0.874784,2,0,587.500000,724.500000,35.799999,1,-192.500000,-49.000000,198.638491,2.892341,165.718904
1169,detected,OK,780.000000,773.500000,0.874784,2,1,781.500000,609.500000,32.500000,1,1.500000,-164.000000,164.006860,1.561650,89.475968
1170,detected,OK,780.000000,773.500000,0.873883,2,0,591.500000,727.500000,33.799999,1,-188.500000,-46.000000,194.031570,2.902239,166.286042
1170,detected,OK,780.000000,773.500000,0.873883,2,1,779.500000,607.500000,34.400002,1,-0.500000,-166.000000,166.000753,1.573808,90.172577
1171,detected,OK,780.500000,772.500000,0.900499,2,0,592.500000,725.500000,36.299999,1,-188.000000,-47.000000,193.785964,2.896614,165.963757
1171,detected,OK,780.500000,772.500000,0.900499,2,1,781.500000,608.500000,34.400002,1,1.000000,-164.000000,164.003049,1.564699,89.650640
1172,detected,OK,781.000000,771.500000,0.876936,2,0,593.500000,725.500000,36.299999,1,-187.500000,-46.000000,193.060224,2.901011,166.215684
1172,detected,OK,781.000000,771.500000,0.876936,2,1,779.500000,609.500000,33.799999,1,-1.500000,-162.000000,162.006944,1.580055,90.530501
1173,detected,OK,782.000000,770.500000,0.870222,2,0,587.500000,726.500000,35.500000,1,-194.500000,-44.000000,199.414769,2.919116,167.253042
1173,detected,OK,782.000000,770.500000,0.870222,2,1,778.500000,605.500000,33.299999,1,-3.500000,-165.000000,165.037117,1.592005,91.215183
1174,detected,OK,783.000000,769.500000,0.874320,2,0,779.500000,605.500000,33.000000,1,-3.500000,-164.000000,164.037343,1.592135,91.222590
1174,detected,OK,783.000000,769.500000,0.874320,2,1,590.500000,724.500000,33.799999,1,-192.500000,-45.000000,197.689782,2.911950,166.842457
1175,detected,OK,784.500000,768.500000,0.905884,2,0,592.500000,724.500000,38.500000,1,-192.000000,-44.000000,196.977156,2.916316,167.092591
1175,detected,OK,784.500000,768.500000,0.905884,2,1,777.500000,603.500000,34.299999,1,-7.000000,-165.000000,165.148418,1.613195,92.429273
1176,detected,OK,784.500000,769.500000,0.905537,2,0,593.500000,729.500000,33.799999,1,-191.000000,-40.000000,195.143537,2.935152,168.171828
1176,detected,OK,784.500000,769.500000,0.905537,2,1,777.500000,606.500000,32.099998,1,-7.000000,-163.000000,163.150238,1.613715,92.459044
1177,detected,OK,784.500000,768.500000,0.901061,2,0,777.500000,605.500000,32.500000,1,-7.000000,-163.000000,163.150238,1.613715,92.459044
1177,detected,OK,784.500000,768.500000,0.901061,2,1,592.500000,730.500000,33.799999,1,-192.000000,-38.000000,195.724296,2.946201,168.804889
1178,detected,OK,786.000000,767.500000,0.879170,2,0,776.500000,606.500000,33.799999,1,-9.500000,-161.000000,161.280036,1.629734,93.376891
1178,detected,OK,786.000000,767.500000,0.879170,2,1,590.500000,728.500000,36.599998,1,-195.500000,-39.000000,199.352075,2.944689,168.718250
1179,detected,OK,786.500000,767.500000,0.909352,2,0,777.500000,601.500000,33.000000,1,-9.000000,-166.000000,166.243797,1.624960,93.103359
1179,detected,OK,786.500000,767.500000,0.909352,2,1,590.500000,729.500000,36.099998,1,-196.000000,-38.000000,199.649693,2.950091,169.027760
1180,detected,OK,788.000000,767.500000,0.879671,2,0,591.500000,731.500000,36.200001,1,-196.500000,-36.000000,199.770493,2.960396,169.618195
1180,detected,OK,788.000000,767.500000,0.879671,2,1,775.500000,602.500000,33.799999,1,-12.500000,-165.000000,165.472807,1.646409,94.332314
1181,detected,OK,788.500000,768.000000,0.881233,2,0,590.500000,732.500000,35.400002,1,-198.000000,-35.500000,201.157277,2.964185,169.835272
1181,detected,OK,788.500000,768.000000,0.881233,2,1,779.500000,603.500000,33.799999,1,-9.000000,-164.500000,164.746017,1.625453,93.131601
1182,detected,OK,788.500000,768.000000,0.881495,1,0,597.500000,733.500000,35.500000,1,-191.000000,-34.500000,194.090829,2.962891,169.761162
1183,detected,OK,788.500000,767.500000,0.908633,2,0,596.500000,732.500000,35.799999,1,-192.000000,-35.000000,195.164034,2.961281,169.668895
1183,detected,OK,788.500000,767.500000,0.908633,2,1,772.500000,603.500000,34.299999,1,-16.000000,-164.000000,164.778639,1.668050,95.572198
1184,detected,OK,790.000000,766.000000,0.847383,2,0,597.500000,733.500000,36.000000,1,-192.500000,-32.500000,195.224230,2.974339,170.417055
1184,detected,OK,790.000000,766.000000,0.847383,2,1,773.500000,600.500000,33.299999,1,-16.500000,-165.500000,166.320474,1.670166,95.693454
1185,detected,OK,790.500000,765.500000,0.906745,2,0,592.500000,734.500000,35.799999,1,-198.000000,-31.000000,200.412075,2.986288,171.101687
1185,detected,OK,790.500000,765.500000,0.906745,2,1,773.500000,605.500000,34.299999,1,-17.000000,-160.000000,160.900590,1.676649,96.064922
1186,detected,OK,792.000000,765.500000,0.876255,2,0,772.500000,601.500000,34.299999,1,-19.500000,-164.000000,165.155230,1.689143,96.780772
1186,detected,OK,792.000000,765.500000,0.876255,2,1,592.500000,734.500000,35.400002,1,-199.500000,-31.000000,201.894155,2.987437,171.167533
1187,detected,OK,792.500000,765.500000,0.907194,2,0,594.500000,737.500000,36.400002,1,-198.000000,-28.000000,199.969998,3.001110,171.950938
1187,detected,OK,792.500000,765.500000,0.907194,2,1,775.500000,602.500000,34.599998,1,-17.000000,-163.000000,163.884105,1.674715,95.954107
1188,detected,OK,793.000000,766.000000,0.845674,2,0,773.500000,603.500000,32.900002,1,-19.500000,-162.500000,163.665818,1.690225,96.842773
1188,detected,OK,793.000000,766.000000,0.845674,2,1,595.500000,733.500000,35.500000,1,-197.500000,-32.500000,200.156189,2.978497,170.655328
1189,detected,OK,792.500000,766.000000,0.874397,2,0,593.500000,738.500000,36.200001,1,-199.000000,-27.500000,200.891140,3.004271,172.132073
1189,detected,OK,792.500000,766.000000,0.874397,2,1,769.500000,602.500000,34.400002,1,-23.000000,-163.500000,165.109812,1.710552,98.007414
1190,detected,OK,794.000000,765.500000,0.874361,2,0,771.500000,602.500000,33.000000,1,-22.500000,-163.000000,164.545586,1.707966,97.859261
1190,detected,OK,794.000000,765.500000,0.874361,2,1,597.500000,739.500000,38.400002,1,-196.500000,-26.000000,198.212638,3.010041,172.462662
1191,detected,OK,794.000000,765.500000,0.876060,2,0,772.500000,601.500000,34.299999,1,-21.500000,-164.000000,165.403295,1.701150,97.468744
1191,detected,OK,794.000000,765.500000,0.876060,2,1,595.500000,738.500000,34.900002,1,-198.500000,-27.000000,200.327856,3.006402,172.254156
1192,detected,OK,794.000000,766.000000,0.845862,2,0,593.500000,741.500000,36.200001,1,-200.500000,-24.500000,201.991336,3.020001,173.033307
1192,detected,OK,794.000000,766.000000,0.845862,2,1,772.500000,602.500000,34.299999,1,-21.500000,-163.500000,164.907550,1.701545,97.491325
1193,detected,OK,794.000000,767.500000,0.876613,2,0,768.500000,605.500000,32.500000,1,-25.500000,-162.000000,163.994665,1.726923,98.945382
1193,detected,OK,794.000000,767.500000,0.876613,2,1,597.500000,746.500000,34.700001,1,-196.500000,-21.000000,197.618952,3.035127,173.899940
1194,detected,OK,794.000000,768.000000,0.845235,1,0,598.500000,744.500000,36.500000,1,-195.500000,-23.500000,196.907339,3.021962,173.145670
1195,detected,OK,794.500000,768.500000,0.905218,2,0,767.500000,606.500000,32.200001,1,-27.000000,-162.000000,164.234588,1.735945,99.462322
1195,detected,OK,794.500000,768.500000,0.905218,2,1,597.500000,746.500000,32.200001,1,-197.000000,-22.000000,198.224620,3.030378,173.627889
1196,detected,OK,794.500000,768.000000,0.874081,1,0,599.500000,746.500000,36.500000,1,-195.000000,-21.500000,196.181676,3.031780,173.708186
1197,detected,OK,796.000000,768.000000,0.847491,2,0,597.500000,750.500000,34.900002,1,-198.500000,-17.500000,199.269917,3.053659,174.961761
1197,detected,OK,796.000000,768.000000,0.847491,2,1,767.500000,606.500000,32.200001,1,-28.500000,-161.500000,163.995427,1.745469,100.007980
1198,detected,OK,797.500000,768.500000,0.900753,2,0,595.500000,749.500000,36.500000,1,-202.000000,-19.000000,202.891597,3.047809,174.626602
1198,detected,OK,797.500000,768.500000,0.900753,2,1,767.500000,607.500000,32.400002,1,-30.000000,-161.000000,163.771182,1.755019,100.555181
1199,detected,OK,798.000000,769.500000,0.876507,2,0,595.500000,751.500000,36.000000,1,-202.500000,-18.000000,203.298426,3.052937,174.920392
1199,detected,OK,798.000000,769.500000,0.876507,2,1,767.500000,608.500000,32.200001,1,-30.500000,-161.000000,163.863510,1.758019,100.727051
1200,detected,OK,796.500000,771.500000,0.906311,2,0,763.500000,608.500000,34.299999,1,-33.000000,-163.000000,166.306945,1.770550,101.445064
1200,detected,OK,796.500000,771.500000,0.906311,2,1,596.500000,750.500000,34.400002,1,-200.000000,-21.000000,201.099478,3.036976,174.005907
1201,detected,OK,796.500000,771.500000,0.907245,2,0,597.500000,757.500000,34.599998,1,-199.000000,-14.000000,199.491854,3.071357,175.975772
1201,detected,OK,796.500000,771.500000,0.907245,2,1,763.500000,608.500000,33.599998,1,-33.000000,-163.000000,166.306945,1.770550,101.445064
1202,detected,OK,796.500000,771.500000,0.907301,2,0,593.500000,756.500000,36.000000,1,-203.000000,-15.000000,203.553433,3.067835,175.774002
1202,detected,OK,796.500000,771.500000,0.907301,2,1,762.500000,608.500000,33.799999,1,-34.000000,-163.000000,166.508258,1.776437,101.782325
1203,detected,OK,796.500000,771.500000,0.906983,2,0,597.500000,758.500000,34.400002,1,-199.000000,-13.000000,199.424171,3.076359,176.262370
1203,detected,OK,796.500000,771.500000,0.906983,2,1,764.500000,607.500000,34.599998,1,-32.000000,-164.000000,167.092789,1.763497,101.040940
1204,detected,OK,798.000000,771.500000,0.873537,2,0,594.500000,757.500000,36.400002,1,-203.500000,-14.000000,203.981004,3.072905,176.064477
1204,detected,OK,798.000000,771.500000,0.873537,2,1,765.500000,607.500000,34.400002,1,-32.500000,-164.000000,167.189264,1.766432,101.209119
1205,detected,OK,798.500000,771.500000,0.904320,2,0,600.500000,756.500000,36.400002,1,-198.000000,-15.000000,198.567369,3.065980,175.667686
1205,detected,OK,798.500000,771.500000,0.904320,2,1,760.500000,608.500000,33.500000,1,-38.000000,-163.000000,167.370846,1.799834,103.122910
1206,detected,OK,798.500000,771.000000,0.867710,2,0,599.500000,756.500000,37.700001,1,-199.000000,-14.500000,199.527567,3.068857,175.832547
1206,detected,OK,798.500000,771.000000,0.867710,2,1,761.500000,606.500000,32.400002,1,-37.000000,-164.500000,168.609757,1.792038,102.676239
1207,detected,OK,800.000000,771.000000,0.898155,2,0,600.500000,760.500000,34.599998,1,-199.500000,-10.500000,199.776125,3.089010,176.987212
1207,detected,OK,800.000000,771.000000,0.898155,2,1,761.500000,609.500000,34.700001,1,-38.500000,-161.500000,166.025600,1.804819,103.408484
1208,detected,OK,800.500000,773.500000,0.906823,2,0,599.500000,760.500000,34.900002,1,-201.000000,-13.000000,201.419959,3.077006,176.299457
1208,detected,OK,800.500000,773.500000,0.906823,2,1,766.500000,612.500000,33.299999,1,-34.000000,-161.000000,164.550904,1.778919,101.924524
1209,detected,OK,802.000000,774.000000,0.895139,2,0,600.500000,761.500000,34.599998,1,-201.500000,-12.500000,201.887345,3.079637,176.450220
1209,detected,OK,802.000000,774.000000,0.895139,2,1,765.500000,611.500000,34.700001,1,-36.500000,-162.500000,166.548792,1.791745,102.659407
1210,detected,OK,802.000000,773.500000,0.876185,2,0,602.500000,766.500000,34.900002,1,-199.500000,-7.000000,199.622769,3.106519,177.990446
1210,detected,OK,802.000000,773.500000,0.876185,2,1,766.500000,612.500000,33.299999,1,-35.500000,-161.000000,164.867371,1.787821,102.434571
1211,detected,OK,800.500000,773.500000,0.907330,2,0,602.500000,763.500000,36.400002,1,-198.000000,-10.000000,198.252364,3.091130,177.108730
1211,detected,OK,800.500000,773.500000,0.907330,2,1,759.500000,611.500000,34.299999,1,-41.000000,-162.000000,167.107750,1.818678,104.202559
1212,detected,OK,801.500000,771.500000,0.909299,2,0,599.500000,760.500000,35.099998,1,-202.000000,-11.000000,202.299283,3.087191,176.883011
1212,detected,OK,801.500000,771.500000,0.909299,2,1,758.500000,609.500000,34.700001,1,-43.000000,-162.000000,167.609666,1.830246,104.865358
1213,detected,OK,802.000000,770.000000,0.805268,0,-1,,,,0,,,,,
1214,detected,OK,800.500000,769.500000,0.883300,0,-1,,,,0,,,,,
1215,detected,OK,801.500000,768.500000,0.875768,0,-1,,,,0,,,,,
1216,detected,OK,801.500000,768.500000,0.875264,0,-1,,,,0,,,,,
1217,detected,OK,801.500000,767.500000,0.879444,0,-1,,,,0,,,,,
1218,detected,OK,802.500000,763.500000,0.883300,0,-1,,,,0,,,,,
1219,detected,OK,803.500000,763.500000,0.903051,2,0,757.500000,599.500000,33.799999,1,-46.000000,-164.000000,170.329093,1.844257,105.668160
1219,detected,OK,803.500000,763.500000,0.903051,2,1,959.500000,914.500000,41.299999,1,156.000000,151.000000,217.110571,-0.769113,-44.066926
1220,detected,OK,804.000000,763.500000,0.871678,2,0,958.500000,914.500000,39.099998,1,154.500000,151.000000,216.035298,-0.773942,-44.343612
1220,detected,OK,804.000000,763.500000,0.871678,2,1,759.500000,600.500000,35.099998,1,-44.500000,-163.000000,168.965233,1.837308,105.269989
1221,detected,OK,804.000000,762.500000,0.871397,1,0,963.500000,917.500000,33.799999,1,159.500000,155.000000,222.407846,-0.771091,-44.180244
1222,detected,OK,804.000000,762.000000,0.846404,2,0,757.500000,601.500000,35.000000,1,-46.500000,-160.500000,167.100269,1.852795,106.157340
1222,detected,OK,804.000000,762.000000,0.846404,2,1,963.500000,911.500000,38.000000,1,159.500000,149.500000,218.610384,-0.753047,-43.146415
1223,detected,OK,802.500000,762.000000,0.874375,2,0,960.500000,916.500000,37.799999,1,158.000000,154.500000,220.984728,-0.774199,-44.358314
1223,detected,OK,802.500000,762.000000,0.874375,2,1,757.500000,602.500000,33.500000,1,-45.000000,-159.500000,165.726431,1.845781,105.755440
1224,detected,OK,802.500000,762.000000,0.874632,2,0,959.500000,911.500000,39.599998,1,157.000000,149.500000,216.793104,-0.760933,-43.598262
1224,detected,OK,802.500000,762.000000,0.874632,2,1,752.500000,601.500000,34.299999,1,-50.000000,-160.500000,168.107852,1.872794,107.303194
1225,detected,OK,802.500000,762.000000,0.874368,1,0,755.500000,602.500000,33.799999,1,-47.000000,-159.500000,166.280636,1.857357,106.418708
1226,detected,OK,802.000000,763.500000,0.879086,2,0,962.500000,911.500000,37.500000,1,160.500000,148.000000,218.321437,-0.744902,-42.679722
1226,detected,OK,802.000000,763.500000,0.879086,2,1,749.500000,604.500000,34.599998,1,-52.500000,-159.000000,167.443274,1.889714,108.272638
1227,detected,OK,802.000000,765.500000,0.874149,2,0,749.500000,605.500000,33.799999,1,-52.500000,-160.000000,168.393141,1.887852,108.165957
1227,detected,OK,802.000000,765.500000,0.874149,2,1,964.500000,916.500000,38.500000,1,162.500000,151.000000,221.827072,-0.748732,-42.899183
1228,detected,OK,802.500000,765.500000,0.906028,2,0,753.500000,606.500000,33.799999,1,-49.000000,-159.000000,166.379085,1.869737,107.128047
1228,detected,OK,802.500000,765.500000,0.906028,2,1,961.500000,916.500000,38.000000,1,159.000000,151.000000,219.276082,-0.759597,-43.521727
1229,detected,OK,801.500000,765.500000,0.905638,2,0,961.500000,913.500000,40.200001,1,160.000000,148.000000,217.954124,-0.746457,-42.768825
1229,detected,OK,801.500000,765.500000,0.905638,2,1,749.500000,605.500000,33.700001,1,-52.000000,-160.000000,168.237927,1.885028,108.004162
1230,detected,OK,802.000000,763.500000,0.881882,2,0,962.500000,910.500000,40.200001,1,160.500000,147.000000,217.644779,-0.741524,-42.486190
1230,detected,OK,802.000000,763.500000,0.881882,2,1,751.500000,604.500000,33.700001,1,-50.500000,-159.000000,166.827006,1.878330,107.620372
1231,detected,OK,802.000000,762.000000,0.846772,2,0,750.500000,601.500000,35.500000,1,-51.500000,-160.500000,168.560078,1.881290,107.789995
1231,detected,OK,802.000000,762.000000,0.846772,2,1,962.500000,910.500000,41.599998,1,160.500000,148.500000,218.660696,-0.746583,-42.776039
1232,detected,OK,802.000000,763.000000,0.842460,2,0,963.500000,908.500000,40.200001,1,161.500000,145.500000,217.376402,-0.733328,-42.016600
1232,detected,OK,802.000000,763.000000,0.842460,2,1,746.500000,606.500000,32.700001,1,-55.500000,-156.500000,166.049691,1.911592,109.526165
1233,detected,OK,802.500000,763.500000,0.904196,2,0,747.500000,603.500000,33.299999,1,-55.000000,-160.000000,169.189243,1.901892,108.970408
1233,detected,OK,802.500000,763.500000,0.904196,2,1,965.500000,908.500000,40.000000,1,163.000000,145.000000,218.160491,-0.727023,-41.655350
1234,detected,OK,802.000000,764.000000,0.847876,2,0,964.500000,906.500000,39.900002,1,162.500000,142.500000,216.130747,-0.719918,-41.248271
1234,detected,OK,802.000000,764.000000,0.847876,2,1,747.500000,608.500000,32.900002,1,-54.500000,-155.500000,164.774088,1.907901,109.314661
1235,detected,OK,802.000000,764.000000,0.844220,2,0,743.500000,607.500000,34.900002,1,-58.500000,-156.500000,167.076330,1.928516,110.495840
1235,detected,OK,802.000000,764.000000,0.844220,2,1,964.500000,911.500000,37.700001,1,162.500000,147.500000,219.459563,-0.737049,-42.229784
1236,detected,OK,803.000000,763.500000,0.874396,2,0,748.500000,604.500000,33.799999,1,-54.500000,-159.000000,168.081082,1.901013,108.920038
1236,detected,OK,803.000000,763.500000,0.874396,2,1,969.500000,904.500000,38.000000,1,166.500000,141.000000,218.181690,-0.702661,-40.259489
1237,detected,OK,804.000000,761.500000,0.877777,2,0,966.500000,904.500000,39.400002,1,162.500000,143.000000,216.460735,-0.721655,-41.347777
1237,detected,OK,804.000000,761.500000,0.877777,2,1,743.500000,605.500000,34.900002,1,-60.500000,-156.000000,167.320800,1.940759,111.197314
1238,detected,OK,804.000000,761.500000,0.877922,2,0,746.500000,606.500000,32.200001,1,-57.500000,-155.000000,165.321656,1.926027,110.353229
1238,detected,OK,804.000000,761.500000,0.877922,2,1,970.500000,902.500000,37.400002,1,166.500000,141.000000,218.181690,-0.702661,-40.259489
1239,detected,OK,804.000000,761.500000,0.876026,1,0,971.500000,901.500000,37.500000,1,167.500000,140.000000,218.303115,-0.696205,-39.889582
1240,detected,OK,804.000000,761.500000,0.877070,1,0,741.500000,604.500000,33.799999,1,-62.500000,-157.000000,168.982987,1.949654,111.706966
1241,detected,OK,802.500000,763.000000,0.868635,2,0,742.500000,603.500000,33.599998,1,-60.000000,-159.500000,170.412001,1.930597,110.615072
1241,detected,OK,802.500000,763.000000,0.868635,2,1,969.500000,902.500000,40.700001,1,167.000000,139.500000,217.598828,-0.695915,-39.872998
1242,detected,OK,803.500000,762.000000,0.874645,2,0,968.500000,900.500000,39.799999,1,165.000000,138.500000,215.423420,-0.698304,-40.009894
1242,detected,OK,803.500000,762.000000,0.874645,2,1,738.500000,604.500000,33.799999,1,-65.000000,-157.500000,170.385592,1.962201,112.425862
1243,detected,OK,804.000000,760.500000,0.870830,2,0,969.500000,897.500000,40.000000,1,165.500000,137.000000,214.847039,-0.691461,-39.617773
1243,detected,OK,804.000000,760.500000,0.870830,2,1,741.500000,604.500000,33.700001,1,-62.500000,-156.000000,168.054307,1.951855,111.833065
1244,detected,OK,804.000000,760.500000,0.869426,2,0,741.500000,601.500000,33.799999,1,-62.500000,-159.000000,170.842764,1.945325,111.458884
1244,detected,OK,804.000000,760.500000,0.869426,2,1,970.500000,896.500000,40.000000,1,166.500000,136.000000,214.984302,-0.684911,-39.242528
1245,detected,OK,804.500000,761.500000,0.905911,2,0,971.500000,902.500000,38.599998,1,167.000000,141.000000,218.563492,-0.701182,-40.174783
1245,detected,OK,804.500000,761.500000,0.905911,2,1,743.500000,604.500000,33.799999,1,-61.000000,-157.000000,168.433963,1.941380,111.232892
1246,detected,OK,804.500000,762.000000,0.874467,2,0,738.500000,606.500000,35.099998,1,-66.000000,-155.500000,168.926759,1.972190,112.998179
1246,detected,OK,804.500000,762.000000,0.874467,2,1,976.500000,898.500000,36.900002,1,172.000000,136.500000,219.581989,-0.670829,-38.435679
1247,detected,OK,805.000000,762.000000,0.843420,2,0,973.500000,901.500000,37.200001,1,168.500000,139.500000,218.752143,-0.691519,-39.621125
1247,detected,OK,805.000000,762.000000,0.843420,2,1,740.500000,606.500000,33.299999,1,-64.500000,-155.500000,168.346369,1.963988,112.528234
1248,detected,OK,806.000000,762.000000,0.844185,2,0,973.500000,896.500000,39.200001,1,167.500000,134.500000,214.817364,-0.676558,-38.763944
1248,detected,OK,806.000000,762.000000,0.844185,2,1,740.500000,608.500000,32.599998,1,-65.500000,-153.500000,166.890683,1.974115,113.108432
1249,detected,OK,806.000000,762.000000,0.845120,2,0,977.500000,896.500000,37.200001,1,171.500000,134.500000,217.950682,-0.665067,-38.105549
1249,detected,OK,806.000000,762.000000,0.845120,2,1,739.500000,604.500000,33.799999,1,-66.500000,-157.500000,170.963446,1.970312,112.890552
1250,detected,OK,806.000000,762.000000,0.849120,2,0,975.500000,898.500000,41.299999,1,169.500000,136.500000,217.629272,-0.677970,-38.844832
1250,detected,OK,806.000000,762.000000,0.849120,2,1,739.500000,605.500000,33.700001,1,-66.500000,-156.500000,170.042642,1.972599,113.021616
1251,detected,OK,807.500000,762.000000,0.874997,2,0,976.500000,894.500000,39.299999,1,169.000000,132.500000,214.749272,-0.664923,-38.097286
1251,detected,OK,807.500000,762.000000,0.874997,2,1,737.500000,606.500000,34.299999,1,-70.000000,-155.500000,170.529323,1.993784,114.235405
1252,detected,OK,807.500000,762.500000,0.902279,2,0,737.500000,606.500000,35.099998,1,-70.000000,-156.000000,170.985379,1.992584,114.166630
1252,detected,OK,807.500000,762.500000,0.902279,2,1,980.500000,895.500000,36.900002,1,173.000000,133.000000,218.215490,-0.655416,-37.552583
1253,detected,OK,808.000000,763.500000,0.873306,2,0,980.500000,895.500000,36.900002,1,172.500000,132.000000,217.210152,-0.653169,-37.423845
1253,detected,OK,808.000000,763.500000,0.873306,2,1,739.500000,610.500000,32.200001,1,-68.500000,-153.000000,167.634275,1.991746,114.118655
1254,detected,OK,808.000000,762.500000,0.873115,2,0,978.500000,894.500000,39.200001,1,170.500000,132.000000,215.625254,-0.658806,-37.746805
1254,detected,OK,808.000000,762.500000,0.873115,2,1,739.500000,608.500000,34.400002,1,-68.500000,-154.000000,168.547471,1.989322,113.979747
1255,detected,OK,808.000000,761.500000,0.875349,2,0,982.500000,894.500000,39.099998,1,174.500000,133.000000,219.406586,-0.651249,-37.313840
1255,detected,OK,808.000000,761.500000,0.875349,2,1,737.500000,608.500000,33.299999,1,-70.500000,-153.000000,168.461420,2.002582,114.739509
1256,detected,OK,809.000000,760.500000,0.872191,2,0,735.500000,606.500000,33.799999,1,-73.500000,-154.000000,170.640704,2.016097,115.513870
1256,detected,OK,809.000000,760.500000,0.872191,2,1,984.500000,892.500000,38.599998,1,175.500000,132.000000,219.600205,-0.644867,-36.948171
1257,detected,OK,810.000000,759.500000,0.875402,2,0,981.500000,892.500000,37.700001,1,171.500000,133.000000,217.028224,-0.659629,-37.793943
1257,detected,OK,810.000000,759.500000,0.875402,2,1,739.500000,606.500000,33.799999,1,-70.500000,-153.000000,168.461420,2.002582,114.739509
1258,detected,OK,810.500000,758.500000,0.902013,2,0,982.500000,887.500000,39.099998,1,172.000000,129.000000,215.000000,-0.643501,-36.869898
1258,detected,OK,810.500000,758.500000,0.902013,2,1,740.500000,603.500000,34.900002,1,-70.000000,-155.000000,170.073514,1.994991,114.304549
1259,detected,OK,811.500000,757.500000,0.906534,2,0,987.500000,884.500000,38.599998,1,176.000000,127.000000,217.036863,-0.625070,-35.813874
1259,detected,OK,811.500000,757.500000,0.906534,2,1,738.500000,602.500000,33.500000,1,-73.000000,-155.000000,171.330091,2.010950,115.218923
1260,detected,OK,812.000000,757.500000,0.877331,2,0,984.500000,888.500000,37.700001,1,172.500000,131.000000,216.603901,-0.649503,-37.213774
1260,detected,OK,812.000000,757.500000,0.877331,2,1,738.500000,605.500000,32.200001,1,-73.500000,-152.000000,168.837940,2.021200,115.806211
1261,detected,OK,812.500000,755.500000,0.905419,2,0,986.500000,882.500000,39.599998,1,174.000000,127.000000,215.418198,-0.630503,-36.125148
1261,detected,OK,812.500000,755.500000,0.905419,2,1,739.500000,604.500000,31.799999,1,-73.000000,-151.000000,167.720005,2.021111,115.801153
1262,detected,OK,814.000000,754.000000,0.843665,2,0,988.500000,880.500000,40.500000,1,174.500000,126.500000,215.528420,-0.627261,-35.939422
1262,detected,OK,814.000000,754.000000,0.843665,2,1,738.500000,603.500000,33.299999,1,-75.500000,-150.500000,168.376067,2.035772,116.641141
1263,detected,OK,814.500000,755.000000,0.867054,2,0,989.500000,881.500000,39.400002,1,175.000000,126.500000,215.933439,-0.625902,-35.861554
1263,detected,OK,814.500000,755.000000,0.867054,2,1,739.500000,600.500000,34.000000,1,-75.000000,-154.500000,171.741812,2.022726,115.893647
1264,detected,OK,814.500000,757.000000,0.870225,2,0,992.500000,884.500000,39.099998,1,178.000000,127.500000,218.952620,-0.621577,-35.613727
1264,detected,OK,814.500000,757.000000,0.870225,2,1,737.500000,604.500000,32.900002,1,-77.000000,-152.500000,170.836911,2.038371,116.790033
1265,detected,OK,815.500000,756.500000,0.900250,2,0,993.500000,884.500000,39.299999,1,178.000000,128.000000,219.244156,-0.623431,-35.719954
1265,detected,OK,815.500000,756.500000,0.900250,2,1,734.500000,604.500000,33.599998,1,-81.000000,-152.000000,172.235304,2.060412,118.052919
1266,detected,OK,814.000000,755.500000,0.878474,2,0,738.500000,604.500000,33.599998,1,-75.500000,-151.000000,168.823132,2.034444,116.565051
1266,detected,OK,814.000000,755.500000,0.878474,2,1,988.500000,878.500000,34.299999,1,174.500000,123.000000,213.492974,-0.613988,-35.178901
1267,detected,OK,814.000000,754.000000,0.841561,2,0,992.500000,880.500000,38.900002,1,178.500000,126.500000,218.779569,-0.616530,-35.324570
1267,detected,OK,814.000000,754.000000,0.841561,2,1,733.500000,604.500000,35.000000,1,-80.500000,-149.500000,169.795465,2.064738,118.300756
1268,detected,OK,814.500000,753.500000,0.904430,2,0,989.500000,875.500000,38.900002,1,175.000000,122.000000,213.328385,-0.608806,-34.882005
1268,detected,OK,814.500000,753.500000,0.904430,2,1,734.500000,598.500000,35.099998,1,-80.000000,-155.000000,174.427635,2.047264,117.299572
1269,detected,OK,814.000000,752.500000,0.869548,2,0,993.500000,877.500000,38.700001,1,179.500000,125.000000,218.735571,-0.608292,-34.852536
1269,detected,OK,814.000000,752.500000,0.869548,2,1,730.500000,602.500000,33.599998,1,-83.500000,-150.000000,171.674838,2.078743,119.103229
1270,detected,OK,814.000000,753.500000,0.874156,2,0,994.500000,876.500000,38.599998,1,180.500000,123.000000,218.424472,-0.598161,-34.272100
1270,detected,OK,814.000000,753.500000,0.874156,2,1,730.500000,602.500000,33.799999,1,-83.500000,-151.000000,172.549268,2.075925,118.941722
1271,detected,OK,814.500000,754.000000,0.872832,2,0,995.500000,876.500000,38.500000,1,181.000000,122.500000,218.557201,-0.594982,-34.089968
1271,detected,OK,814.500000,754.000000,0.872832,2,1,734.500000,606.500000,32.599998,1,-80.000000,-147.500000,167.798242,2.067765,118.474204
1272,detected,OK,814.500000,754.000000,0.873167,2,0,995.500000,876.500000,38.599998,1,181.000000,122.500000,218.557201,-0.594982,-34.089968
1272,detected,OK,814.500000,754.000000,0.873167,2,1,734.500000,601.500000,35.900002,1,-80.000000,-152.500000,172.209901,2.053922,117.681062
1273,detected,OK,815.000000,752.500000,0.870077,2,0,995.500000,871.500000,37.000000,1,180.500000,119.000000,216.197248,-0.582871,-33.396057
1273,detected,OK,815.000000,752.500000,0.870077,2,1,732.500000,606.500000,33.799999,1,-82.500000,-146.000000,167.696899,2.085135,119.469423
1274,detected,OK,816.500000,751.500000,0.907136,2,0,998.500000,872.500000,34.200001,1,182.000000,121.000000,218.552053,-0.586734,-33.617357
1274,detected,OK,816.500000,751.500000,0.907136,2,1,733.500000,599.500000,34.200001,1,-83.000000,-152.000000,173.184872,2.070604,118.636863
1275,detected,OK,817.500000,749.500000,0.905893,2,0,996.500000,867.500000,39.400002,1,179.000000,118.000000,214.394496,-0.582828,-33.393585
1275,detected,OK,817.500000,749.500000,0.905893,2,1,730.500000,601.500000,33.799999,1,-87.000000,-148.000000,171.677022,2.102225,120.448624
1276,detected,OK,818.000000,749.500000,0.877743,2,0,997.500000,865.500000,40.000000,1,179.500000,116.000000,213.720027,-0.573727,-32.872143
1276,detected,OK,818.000000,749.500000,0.877743,2,1,731.500000,602.500000,35.500000,1,-86.500000,-147.000000,170.561572,2.102669,120.474061
1277,detected,OK,818.500000,749.500000,0.906667,2,0,733.500000,600.500000,33.299999,1,-85.000000,-149.000000,171.540083,2.089219,119.703453
1277,detected,OK,818.500000,749.500000,0.906667,2,1,1002.500000,868.500000,38.000000,1,184.000000,119.000000,219.127817,-0.574079,-32.892330
1278,detected,OK,820.000000,749.500000,0.880743,2,0,999.500000,865.500000,38.799999,1,179.500000,116.000000,213.720027,-0.573727,-32.872143
1278,detected,OK,820.000000,749.500000,0.880743,2,1,735.500000,601.500000,33.799999,1,-84.500000,-148.000000,170.423737,2.089579,119.724031
1279,detected,OK,820.000000,749.500000,0.877438,2,0,1004.500000,866.500000,38.000000,1,184.500000,117.000000,218.470250,-0.565149,-32.380678
1279,detected,OK,820.000000,749.500000,0.877438,2,1,733.500000,605.500000,34.200001,1,-86.500000,-144.000000,167.982886,2.111726,120.993004
1280,detected,OK,821.500000,748.000000,0.813303,2,0,1001.500000,864.500000,37.200001,1,180.000000,116.500000,214.411404,-0.574420,-32.911842
1280,detected,OK,821.500000,748.000000,0.813303,2,1,733.500000,603.500000,32.900002,1,-88.000000,-144.500000,169.187027,2.117805,121.341270
1281,detected,OK,822.500000,748.000000,0.873074,2,0,1006.500000,864.500000,38.500000,1,184.000000,116.500000,217.780279,-0.564440,-32.340035
1281,detected,OK,822.500000,748.000000,0.873074,2,1,731.500000,601.500000,33.799999,1,-91.000000,-146.500000,172.462315,2.126630,121.846913
1282,detected,OK,822.500000,749.000000,0.867318,2,0,1006.500000,859.500000,37.700001,1,184.000000,110.500000,214.630496,-0.540819,-30.986647
1282,detected,OK,822.500000,749.000000,0.867318,2,1,730.500000,602.500000,33.599998,1,-92.000000,-146.500000,172.992052,2.131540,122.128260
1283,detected,OK,823.500000,749.500000,0.846422,2,0,1009.500000,862.500000,38.799999,1,186.000000,113.000000,217.635016,-0.545936,-31.279806
1283,detected,OK,823.500000,749.500000,0.846422,2,1,734.500000,604.500000,34.900002,1,-89.000000,-145.000000,170.135240,2.121296,121.541315
1284,detected,OK,823.000000,749.500000,0.876694,2,0,1005.500000,860.500000,38.799999,1,182.500000,111.000000,213.605360,-0.546441,-31.308769
1284,detected,OK,823.000000,749.500000,0.876694,2,1,732.500000,605.500000,33.700001,1,-90.500000,-144.000000,170.077188,2.131889,122.148221
1285,detected,OK,824.000000,750.000000,0.845566,2,0,1006.500000,860.500000,38.700001,1,182.500000,110.500000,213.345963,-0.544439,-31.194044
1285,detected,OK,824.000000,750.000000,0.845566,2,1,733.500000,605.500000,34.400002,1,-90.500000,-144.500000,170.500733,2.130328,122.058814
1286,detected,OK,824.000000,750.000000,0.843912,1,0,729.500000,604.500000,32.200001,1,-94.500000,-145.500000,173.494957,2.146809,123.003101
1287,detected,OK,824.500000,749.500000,0.902917,1,0,1012.500000,860.500000,34.200001,1,188.000000,111.000000,218.323155,-0.533350,-30.558687
1288,detected,OK,824.000000,748.000000,0.840573,2,0,1012.500000,854.500000,37.700001,1,188.500000,106.500000,216.505196,-0.514276,-29.465872
1288,detected,OK,824.000000,748.000000,0.840573,2,1,730.500000,603.500000,32.500000,1,-93.500000,-144.500000,172.111882,2.145101,122.905243
1289,detected,OK,825.500000,747.500000,0.837790,2,0,1013.500000,855.500000,38.299999,1,188.000000,108.000000,216.813284,-0.521434,-29.875993
1289,detected,OK,825.500000,747.500000,0.837790,2,1,729.500000,602.500000,33.299999,1,-96.000000,-145.000000,173.899396,2.155609,123.507306
1290,detected,OK,826.500000,745.500000,0.902179,2,0,1012.500000,850.500000,39.099998,1,186.000000,105.000000,213.590730,-0.513920,-29.445429
1290,detected,OK,826.500000,745.500000,0.902179,2,1,728.500000,603.500000,34.700001,1,-98.000000,-142.000000,172.534055,2.174875,124.611142
1291,detected,OK,828.000000,744.500000,0.866364,2,0,1016.500000,847.500000,37.200001,1,188.500000,103.000000,214.805144,-0.500090,-28.653035
1291,detected,OK,828.000000,744.500000,0.866364,2,1,730.500000,599.500000,34.400002,1,-97.500000,-145.000000,174.731938,2.162767,123.917431
1292,detected,OK,830.000000,743.500000,0.871696,2,0,1015.500000,846.500000,38.500000,1,185.500000,103.000000,212.177402,-0.506870,-29.041490
1292,detected,OK,830.000000,743.500000,0.871696,2,1,733.500000,601.500000,33.500000,1,-96.500000,-142.000000,171.686488,2.167684,124.199144
1293,detected,OK,832.000000,742.500000,0.869008,2,0,1021.500000,843.500000,37.200001,1,189.500000,101.000000,214.735302,-0.489683,-28.056792
1293,detected,OK,832.000000,742.500000,0.869008,2,1,733.500000,602.500000,31.900000,1,-98.500000,-140.000000,171.179000,2.183915,125.129124
1294,detected,OK,832.500000,741.500000,0.903147,2,0,1020.500000,842.500000,38.700001,1,188.000000,101.000000,213.412746,-0.492989,-28.246206
1294,detected,OK,832.500000,741.500000,0.903147,2,1,731.500000,599.500000,33.500000,1,-101.000000,-142.000000,174.255559,2.189044,125.423010
1295,detected,OK,834.000000,741.000000,0.896366,2,0,730.500000,601.500000,35.200001,1,-103.500000,-139.500000,173.702332,2.209116,126.573031
1295,detected,OK,834.000000,741.000000,0.896366,2,1,1023.500000,842.500000,38.599998,1,189.500000,101.500000,214.970928,-0.491736,-28.174395
1296,detected,OK,836.000000,737.500000,0.877025,2,0,1023.500000,835.500000,38.299999,1,187.500000,98.000000,211.566183,-0.481616,-27.594569
1296,detected,OK,836.000000,737.500000,0.877025,2,1,734.500000,595.500000,35.700001,1,-101.500000,-142.000000,174.545839,2.191379,125.556757
1297,detected,OK,836.500000,735.500000,0.906881,1,0,1028.500000,832.500000,36.599998,1,192.000000,97.000000,215.111599,-0.467806,-26.803286
1298,detected,OK,836.500000,734.500000,0.903293,2,0,1028.500000,830.500000,37.200001,1,192.000000,96.000000,214.662526,-0.463648,-26.565051
1298,detected,OK,836.500000,734.500000,0.903293,2,1,732.500000,598.500000,33.799999,1,-104.000000,-136.000000,171.207476,2.223643,127.405357
1299,detected,OK,838.500000,730.500000,0.902071,2,0,1027.500000,825.500000,38.900002,1,189.000000,95.000000,211.532503,-0.465762,-26.686184
1299,detected,OK,838.500000,730.500000,0.902071,2,1,734.500000,594.500000,31.799999,1,-104.000000,-136.000000,171.207476,2.223643,127.405357
1300,detected,OK,840.000000,729.500000,0.879000,1,0,1032.500000,821.500000,37.200001,1,192.500000,92.000000,213.354752,-0.445830,-25.544165
1301,detected,OK,840.500000,728.000000,0.875983,2,0,1031.500000,823.500000,36.599998,1,191.000000,95.500000,213.544492,-0.463648,-26.565051
1301,detected,OK,840.500000,728.000000,0.875983,2,1,731.500000,592.500000,35.799999,1,-109.000000,-135.500000,173.900115,2.248231,128.814175
1302,detected,OK,842.500000,727.000000,0.868623,1,0,1035.500000,816.500000,36.799999,1,193.000000,89.500000,212.742215,-0.434213,-24.878596
1303,detected,OK,844.000000,727.500000,0.875673,2,0,1034.500000,815.500000,37.799999,1,190.500000,88.000000,209.843394,-0.432741,-24.794211
1303,detected,OK,844.000000,727.500000,0.875673,2,1,729.500000,593.500000,33.799999,1,-114.500000,-134.000000,176.256206,2.277884,130.513147
1304,detected,OK,844.500000,727.500000,0.906722,2,0,1037.500000,817.500000,36.500000,1,193.000000,90.000000,212.953046,-0.436343,-25.000639
1304,detected,OK,844.500000,727.500000,0.906722,2,1,731.500000,591.500000,32.900002,1,-113.000000,-136.000000,176.819117,2.264086,129.722594
1305,detected,OK,846.000000,726.000000,0.895303,2,0,1038.500000,812.500000,38.099998,1,192.500000,86.500000,211.041465,-0.422314,-24.196798
1305,detected,OK,846.000000,726.000000,0.895303,2,1,734.500000,593.500000,34.400002,1,-111.500000,-132.500000,173.171880,2.270340,130.080928
1306,detected,OK,847.000000,725.500000,0.874485,2,0,1042.500000,809.500000,37.000000,1,195.500000,84.000000,212.782166,-0.405817,-23.251626
1306,detected,OK,847.000000,725.500000,0.874485,2,1,735.500000,592.500000,34.099998,1,-111.500000,-133.000000,173.554746,2.268486,129.974647
1307,detected,OK,848.500000,724.500000,0.903692,2,0,1042.500000,806.500000,39.099998,1,194.000000,82.000000,210.618138,-0.399904,-22.912828
1307,detected,OK,848.500000,724.500000,0.903692,2,1,733.500000,594.500000,33.799999,1,-115.000000,-130.000000,173.565550,2.295046,131.496468
1308,detected,OK,850.000000,723.000000,0.895371,2,0,1043.500000,805.500000,38.599998,1,193.500000,82.500000,210.353274,-0.403019,-23.091295
1308,detected,OK,850.000000,723.000000,0.895371,2,1,733.500000,590.500000,33.599998,1,-116.500000,-132.500000,176.432707,2.292026,131.323398
1309,detected,OK,852.000000,721.000000,0.900143,2,0,1045.500000,801.500000,38.500000,1,193.500000,80.500000,209.576955,-0.394241,-22.588320
1309,detected,OK,852.000000,721.000000,0.900143,2,1,733.500000,591.500000,33.299999,1,-118.500000,-129.500000,175.534897,2.311869,132.460320
1310,detected,OK,852.500000,719.500000,0.905690,2,0,1047.500000,799.500000,38.599998,1,195.000000,80.000000,210.772389,-0.389317,-22.306205
1310,detected,OK,852.500000,719.500000,0.905690,2,1,732.500000,588.500000,33.000000,1,-120.000000,-131.000000,177.654158,2.312398,132.490635
1311,detected,OK,854.500000,717.500000,0.906477,2,0,1049.500000,795.500000,38.500000,1,195.000000,78.000000,210.021427,-0.380506,-21.801409
1311,detected,OK,854.500000,717.500000,0.906477,2,1,735.500000,591.500000,32.500000,1,-119.000000,-126.000000,173.311858,2.327631,133.363423
1312,detected,OK,856.000000,717.000000,0.898012,2,0,1050.500000,796.500000,41.400002,1,194.500000,79.500000,210.120204,-0.388018,-22.231816
1312,detected,OK,856.000000,717.000000,0.898012,2,1,733.500000,589.500000,33.299999,1,-122.500000,-127.500000,176.812047,2.336197,133.854237
1313,detected,OK,856.000000,714.500000,0.874653,2,0,1052.500000,792.500000,36.900002,1,196.500000,78.000000,211.414876,-0.377871,-21.650433
1313,detected,OK,856.000000,714.500000,0.874653,2,1,733.500000,584.500000,33.799999,1,-122.500000,-130.000000,178.623207,2.326500,133.298645
1314,detected,OK,858.500000,709.500000,0.908447,2,0,1055.500000,783.500000,38.299999,1,197.000000,74.000000,210.440015,-0.359327,-20.587912
1314,detected,OK,858.500000,709.500000,0.908447,2,1,739.500000,583.500000,32.200001,1,-119.000000,-126.000000,173.311858,2.327631,133.363423
1315,detected,OK,860.500000,707.500000,0.910240,2,0,1056.500000,779.500000,38.799999,1,196.000000,72.000000,208.806130,-0.352044,-20.170653
1315,detected,OK,860.500000,707.500000,0.910240,2,1,735.500000,586.500000,34.700001,1,-125.000000,-121.000000,173.971262,2.372453,135.931557
1316,detected,OK,861.000000,707.000000,0.899060,2,0,1061.500000,779.500000,38.599998,1,200.500000,72.500000,213.205300,-0.346968,-19.879788
1316,detected,OK,861.000000,707.000000,0.899060,2,1,731.500000,582.500000,33.299999,1,-129.500000,-124.500000,179.639918,2.375877,136.127724
1317,detected,OK,862.000000,705.500000,0.876175,2,0,1063.500000,776.500000,38.000000,1,201.500000,71.000000,213.642809,-0.338773,-19.410282
1317,detected,OK,862.000000,705.500000,0.876175,2,1,736.500000,581.500000,35.299999,1,-125.500000,-124.000000,176.426330,2.362206,135.344459
1318,detected,OK,863.500000,703.500000,0.846497,2,0,1064.500000,772.500000,38.099998,1,201.000000,69.000000,212.513529,-0.330679,-18.946505
1318,detected,OK,863.500000,703.500000,0.846497,2,1,734.500000,579.500000,33.500000,1,-129.000000,-124.000000,178.932948,2.375955,136.132180
1319,detected,OK,864.000000,701.000000,0.901845,2,0,1059.500000,765.500000,36.900002,1,195.500000,64.500000,205.865247,-0.318678,-18.258925
1319,detected,OK,864.000000,701.000000,0.901845,2,1,732.500000,579.500000,34.900002,1,-131.500000,-121.500000,179.037706,2.395700,137.263477
1320,detected,OK,864.500000,697.500000,0.905152,2,0,1063.500000,765.500000,36.599998,1,199.000000,68.000000,210.297408,-0.329269,-18.865736
1320,detected,OK,864.500000,697.500000,0.905152,2,1,734.500000,576.500000,33.299999,1,-130.000000,-121.000000,177.597860,2.392036,137.053551
1321,detected,OK,866.500000,691.500000,0.906800,2,0,1064.500000,753.500000,37.700001,1,198.000000,62.000000,207.480120,-0.303460,-17.386972
1321,detected,OK,866.500000,691.500000,0.906800,2,1,739.500000,571.500000,32.200001,1,-127.000000,-120.000000,174.725499,2.384527,136.623333
1322,detected,OK,868.000000,687.500000,0.880110,2,0,1069.500000,750.500000,38.099998,1,201.500000,63.000000,211.119042,-0.303026,-17.362120
1322,detected,OK,868.000000,687.500000,0.880110,2,1,732.500000,570.500000,35.200001,1,-135.500000,-117.000000,179.023043,2.429331,139.190421
1323,detected,OK,868.500000,683.500000,0.908821,2,0,1066.500000,743.500000,37.700001,1,198.000000,60.000000,206.891276,-0.294235,-16.858399
1323,detected,OK,868.500000,683.500000,0.908821,2,1,733.500000,564.500000,32.500000,1,-135.000000,-119.000000,179.961107,2.419103,138.604421
1324,detected,OK,871.000000,677.500000,0.875290,2,0,1073.500000,732.500000,38.000000,1,202.500000,55.000000,209.836246,-0.265207,-15.195249
1324,detected,OK,871.000000,677.500000,0.875290,2,1,736.500000,564.500000,33.799999,1,-134.500000,-113.000000,175.668011,2.442846,139.964746
1325,detected,OK,872.500000,675.000000,0.873664,2,0,1074.500000,733.500000,37.799999,1,202.000000,58.500000,210.300380,-0.281892,-16.151226
1325,detected,OK,872.500000,675.000000,0.873664,2,1,735.500000,558.500000,33.299999,1,-137.000000,-116.500000,179.836732,2.436887,139.623326
1326,detected,OK,875.500000,668.500000,0.903719,2,0,1078.500000,724.500000,37.799999,1,203.000000,56.000000,210.582525,-0.269167,-15.422161
1326,detected,OK,875.500000,668.500000,0.903719,2,1,740.500000,554.500000,33.299999,1,-135.000000,-114.000000,176.694652,2.440333,139.820766
1327,detected,OK,876.000000,666.000000,0.846254,2,0,1075.500000,718.500000,37.500000,1,199.500000,52.500000,206.292268,-0.257324,-14.743563
1327,detected,OK,876.000000,666.000000,0.846254,2,1,738.500000,554.500000,32.400002,1,-137.500000,-111.500000,177.026834,2.460235,140.961090
1328,detected,OK,876.500000,665.000000,0.871030,2,0,1076.500000,719.500000,36.599998,1,200.000000,54.500000,207.292668,-0.266040,-15.242998
1328,detected,OK,876.500000,665.000000,0.871030,2,1,734.500000,554.500000,35.299999,1,-142.000000,-110.500000,179.928458,2.480306,142.111052
1329,detected,OK,878.500000,661.500000,0.907389,2,0,1082.500000,712.500000,38.099998,1,204.000000,51.000000,210.278387,-0.244979,-14.036243
1329,detected,OK,878.500000,661.500000,0.907389,2,1,740.500000,550.500000,33.000000,1,-138.000000,-111.000000,177.101666,2.464206,141.188616
1330,detected,OK,879.500000,660.500000,0.844449,2,0,738.500000,550.500000,34.599998,1,-141.000000,-110.000000,178.832324,2.479078,142.040717
1330,detected,OK,879.500000,660.500000,0.844449,2,1,1083.500000,710.500000,37.400002,1,204.000000,50.000000,210.038092,-0.240360,-13.771600
1331,detected,OK,880.000000,659.500000,0.877557,2,0,1079.500000,705.500000,37.400002,1,199.500000,46.000000,204.734584,-0.226616,-12.984129
1331,detected,OK,880.000000,659.500000,0.877557,2,1,736.500000,553.500000,33.000000,1,-143.500000,-106.000000,178.404736,2.505378,143.547609
1332,detected,OK,880.500000,660.500000,0.906004,2,0,1083.500000,702.500000,36.500000,1,203.000000,42.000000,207.299301,-0.204018,-11.689369
1332,detected,OK,880.500000,660.500000,0.906004,2,1,736.500000,554.500000,35.700001,1,-144.000000,-106.000000,178.807159,2.507040,143.642803
1333,detected,OK,882.000000,661.000000,0.903566,2,0,1081.500000,701.500000,37.400002,1,199.500000,40.500000,203.569398,-0.200286,-11.475527
1333,detected,OK,882.000000,661.000000,0.903566,2,1,738.500000,554.500000,33.000000,1,-143.500000,-106.500000,178.702266,2.503128,143.418663
1334,detected,OK,882.500000,660.000000,0.877752,2,0,733.500000,553.500000,33.799999,1,-149.000000,-106.500000,183.148164,2.521026,144.444139
1334,detected,OK,882.500000,660.000000,0.877752,2,1,1082.500000,699.500000,37.400002,1,200.000000,39.500000,203.863312,-0.194991,-11.172136
1335,detected,OK,884.500000,659.500000,0.909547,2,0,1090.500000,699.500000,37.400002,1,206.000000,40.000000,209.847564,-0.191788,-10.988651
1335,detected,OK,884.500000,659.500000,0.909547,2,1,735.500000,557.500000,32.500000,1,-149.000000,-102.000000,180.568547,2.541302,145.605872
1336,detected,OK,886.000000,659.500000,0.881333,2,0,736.500000,557.500000,35.200001,1,-149.500000,-102.000000,180.981353,2.542862,145.695289
1336,detected,OK,886.000000,659.500000,0.881333,2,1,1087.500000,694.500000,38.400002,1,201.500000,35.000000,204.517114,-0.171981,-9.853807
1337,detected,OK,886.500000,659.000000,0.874858,2,0,1088.500000,692.500000,38.400002,1,202.000000,33.500000,204.759005,-0.164346,-9.416320
1337,detected,OK,886.500000,659.000000,0.874858,2,1,737.500000,557.500000,34.099998,1,-149.000000,-101.500000,180.286577,2.543590,145.736994
1338,detected,OK,888.500000,657.000000,0.876555,2,0,734.500000,560.500000,33.599998,1,-154.000000,-96.500000,181.736760,2.581827,147.927780
1338,detected,OK,888.500000,657.000000,0.876555,2,1,1088.500000,687.500000,37.400002,1,200.000000,30.500000,202.312259,-0.151334,-8.670801
1339,detected,OK,890.500000,653.500000,0.913250,2,0,734.500000,555.500000,33.799999,1,-156.000000,-98.000000,184.228119,2.580692,147.862751
1339,detected,OK,890.500000,653.500000,0.913250,2,1,1087.500000,680.500000,34.700001,1,197.000000,27.000000,198.841646,-0.136207,-7.804099
1340,detected,OK,890.500000,651.500000,0.911386,2,0,1095.500000,678.500000,35.500000,1,205.000000,27.000000,206.770404,-0.130954,-7.503087
1340,detected,OK,890.500000,651.500000,0.911386,2,1,735.500000,554.500000,35.200001,1,-155.000000,-97.000000,182.849665,2.582414,147.961402
1341,detected,OK,892.500000,647.000000,0.876420,2,0,734.500000,555.500000,33.000000,1,-158.000000,-91.500000,182.582173,2.616672,149.924270
1341,detected,OK,892.500000,647.000000,0.876420,2,1,1097.500000,673.500000,37.799999,1,205.000000,26.500000,206.705709,-0.128555,-7.365681
1342,detected,OK,894.000000,643.500000,0.877961,2,0,1095.500000,669.500000,35.500000,1,201.500000,26.000000,203.170495,-0.128323,-7.352379
1342,detected,OK,894.000000,643.500000,0.877961,2,1,736.500000,553.500000,32.200001,1,-157.500000,-90.000000,181.400799,2.622447,150.255119
1343,detected,OK,894.500000,641.000000,0.874821,2,0,729.500000,550.500000,33.599998,1,-165.000000,-90.500000,188.189399,2.639913,151.255899
1343,detected,OK,894.500000,641.000000,0.874821,2,1,1095.500000,663.500000,39.400002,1,201.000000,22.500000,202.255408,-0.111476,-6.387117
1344,detected,OK,894.500000,637.500000,0.909073,2,0,1099.500000,659.500000,37.799999,1,205.000000,22.000000,206.177108,-0.106908,-6.125372
1344,detected,OK,894.500000,637.500000,0.909073,2,1,733.500000,546.500000,33.299999,1,-161.000000,-91.000000,184.937827,2.627141,150.524111
1345,detected,OK,896.000000,630.000000,0.904307,2,0,733.500000,545.500000,33.799999,1,-162.500000,-84.500000,183.157036,2.662073,152.525568
1345,detected,OK,896.000000,630.000000,0.904307,2,1,1100.500000,645.500000,36.599998,1,204.500000,15.500000,205.086567,-0.075650,-4.334424
1346,detected,OK,898.000000,626.000000,0.847844,2,0,1101.500000,639.500000,36.599998,1,203.500000,13.500000,203.947297,-0.066242,-3.795387
1346,detected,OK,898.000000,626.000000,0.847844,2,1,734.500000,544.500000,35.500000,1,-163.500000,-81.500000,182.686891,2.679169,153.505078
1347,detected,OK,900.000000,618.500000,0.877059,2,0,734.500000,539.500000,36.000000,1,-165.500000,-79.000000,183.388249,2.696236,154.482925
1347,detected,OK,900.000000,618.500000,0.877059,2,1,1103.500000,632.500000,37.700001,1,203.500000,14.000000,203.981004,-0.068688,-3.935523
1348,detected,OK,900.500000,615.500000,0.911736,2,0,1100.500000,624.500000,38.000000,1,200.000000,9.000000,200.202398,-0.044970,-2.576572
1348,detected,OK,900.500000,615.500000,0.911736,2,1,730.500000,533.500000,34.299999,1,-170.000000,-82.000000,188.743212,2.692162,154.249526
1349,detected,OK,901.000000,613.000000,0.903703,2,0,1100.500000,621.500000,36.900002,1,199.500000,8.500000,199.680996,-0.042581,-2.439698
1349,detected,OK,901.000000,613.000000,0.903703,2,1,733.500000,532.500000,33.799999,1,-167.500000,-80.500000,185.839985,2.693588,154.331200
1350,detected,OK,903.000000,607.500000,0.882457,2,0,733.500000,530.500000,33.799999,1,-169.500000,-77.000000,186.169949,2.715187,155.568780
1350,detected,OK,903.000000,607.500000,0.882457,2,1,1107.500000,614.500000,37.400002,1,204.500000,7.000000,204.619769,-0.034216,-1.960459
1351,detected,OK,905.000000,602.500000,0.875381,2,0,733.500000,524.500000,33.799999,1,-171.500000,-78.000000,188.404485,2.714746,155.543461
1351,detected,OK,905.000000,602.500000,0.875381,2,1,1103.500000,604.500000,36.900002,1,198.500000,2.000000,198.510075,-0.010075,-0.577268
1352,detected,OK,906.000000,600.500000,0.877577,2,0,1107.500000,600.500000,35.500000,1,201.500000,0.000000,201.500000,-0.000000,-0.000000
1352,detected,OK,906.000000,600.500000,0.877577,2,1,734.500000,525.500000,35.000000,1,-171.500000,-75.000000,187.182398,2.729335,156.379386
1353,detected,OK,906.500000,599.000000,0.872369,2,0,1108.500000,596.500000,35.799999,1,202.000000,-2.500000,202.015470,0.012376,0.709070
1353,detected,OK,906.500000,599.000000,0.872369,2,1,731.500000,525.500000,35.500000,1,-175.000000,-73.500000,189.808456,2.743965,157.217594
1354,detected,OK,907.500000,595.500000,0.848511,2,0,1106.500000,596.500000,36.500000,1,199.000000,1.000000,199.002513,-0.005025,-0.287916
1354,detected,OK,907.500000,595.500000,0.848511,2,1,734.500000,523.500000,35.500000,1,-173.000000,-72.000000,187.384631,2.747212,157.403655
1355,detected,OK,908.000000,593.500000,0.880966,2,0,731.500000,522.500000,33.799999,1,-176.500000,-71.000000,190.245236,2.759134,158.086739
1355,detected,OK,908.000000,593.500000,0.880966,2,1,1105.500000,589.500000,38.200001,1,197.500000,-4.000000,197.540502,0.020250,1.160262
1356,detected,OK,908.500000,591.500000,0.911777,2,0,1111.500000,586.500000,36.299999,1,203.000000,-5.000000,203.061567,0.024626,1.410941
1356,detected,OK,908.500000,591.500000,0.911777,2,1,727.500000,523.500000,33.799999,1,-181.000000,-68.000000,193.352011,2.782217,159.409272
1357,detected,OK,909.500000,585.500000,0.908376,2,0,729.500000,520.500000,35.299999,1,-180.000000,-65.000000,191.376592,2.795054,160.144786
1357,detected,OK,909.500000,585.500000,0.908376,2,1,1105.500000,575.500000,36.099998,1,196.000000,-10.000000,196.254936,0.050976,2.920722
1358,detected,OK,910.500000,583.500000,0.909760,2,0,730.500000,519.500000,34.799999,1,-180.000000,-64.000000,191.039263,2.799977,160.426874
1358,detected,OK,910.500000,583.500000,0.909760,2,1,1110.500000,571.500000,34.900002,1,200.000000,-12.000000,200.359677,0.059928,3.433630
1359,detected,OK,911.000000,581.000000,0.907545,2,0,1110.500000,567.500000,35.099998,1,199.500000,-13.500000,199.956245,0.067566,3.871256
1359,detected,OK,911.000000,581.000000,0.907545,2,1,730.500000,516.500000,34.000000,1,-180.500000,-64.500000,191.678116,2.798393,160.336122
1360,detected,OK,913.000000,578.000000,0.848592,2,0,732.500000,522.500000,35.700001,1,-180.500000,-55.500000,188.839879,2.843288,162.908425
1360,detected,OK,913.000000,578.000000,0.848592,2,1,1108.500000,561.500000,36.400002,1,195.500000,-16.500000,196.195056,0.084199,4.824272
1361,detected,OK,913.500000,575.500000,0.846090,2,0,1108.500000,560.500000,34.400002,1,195.000000,-15.000000,195.576072,0.076772,4.398705
1361,detected,OK,913.500000,575.500000,0.846090,2,1,730.500000,516.500000,34.200001,1,-183.000000,-59.000000,192.275844,2.829710,162.130452
1362,detected,OK,914.000000,572.500000,0.875731,2,0,731.500000,519.500000,33.799999,1,-182.500000,-53.000000,190.040127,2.858956,163.806124
1362,detected,OK,914.000000,572.500000,0.875731,2,1,1109.500000,553.500000,34.700001,1,195.500000,-19.000000,196.421104,0.096882,5.550955
1363,detected,OK,914.500000,571.000000,0.873802,2,0,731.500000,519.500000,33.799999,1,-183.000000,-51.500000,190.108522,2.867267,164.282296
1363,detected,OK,914.500000,571.000000,0.873802,2,1,1107.500000,547.500000,36.599998,1,193.000000,-23.500000,194.425436,0.121165,6.942255
1364,detected,OK,916.500000,567.500000,0.911503,2,0,728.500000,516.500000,35.700001,1,-188.000000,-51.000000,194.794764,2.876691,164.822273
1364,detected,OK,916.500000,567.500000,0.911503,2,1,1112.500000,539.500000,35.099998,1,196.000000,-28.000000,197.989899,0.141897,8.130102
1365,detected,OK,916.500000,565.500000,0.907600,2,0,1108.500000,538.500000,37.700001,1,192.000000,-27.000000,193.889144,0.139709,8.004729
1365,detected,OK,916.500000,565.500000,0.907600,2,1,732.500000,515.500000,35.700001,1,-184.000000,-50.000000,190.672494,2.876261,164.797591
1366,detected,OK,916.500000,563.500000,0.908619,2,0,730.500000,517.500000,33.700001,1,-186.000000,-46.000000,191.603758,2.899146,166.108809
1366,detected,OK,916.500000,563.500000,0.908619,2,1,1110.500000,532.500000,34.900002,1,194.000000,-31.000000,196.461192,0.158454,9.078758
1367,detected,OK,916.500000,559.500000,0.909372,2,0,1110.500000,525.500000,34.900002,1,194.000000,-34.000000,196.956848,0.173496,9.940573
1367,detected,OK,916.500000,559.500000,0.909372,2,1,727.500000,512.500000,35.099998,1,-189.000000,-47.000000,194.756258,2.897859,166.035109
1368,detected,OK,916.500000,557.500000,0.910368,2,0,725.500000,514.500000,35.799999,1,-191.000000,-43.000000,195.780489,2.920154,167.312479
1368,detected,OK,916.500000,557.500000,0.910368,2,1,1105.500000,522.500000,35.799999,1,189.000000,-35.000000,192.213423,0.183111,10.491477
1369,detected,OK,918.000000,555.500000,0.881319,2,0,1107.500000,517.500000,37.200001,1,189.500000,-38.000000,193.272476,0.197903,11.339002
1369,detected,OK,918.000000,555.500000,0.881319,2,1,725.500000,514.500000,35.500000,1,-192.500000,-41.000000,196.817809,2.931741,167.976405
1370,detected,OK,920.000000,549.500000,0.882306,2,0,731.500000,510.500000,34.700001,1,-188.500000,-39.000000,192.492208,2.937575,168.310631
1370,detected,OK,920.000000,549.500000,0.882306,2,1,1111.500000,511.500000,37.200001,1,191.500000,-38.000000,195.233834,0.195889,11.223600
1371,detected,OK,920.500000,546.500000,0.908241,2,0,1107.500000,504.500000,36.400002,1,187.000000,-42.000000,191.658551,0.220933,12.658509
1371,detected,OK,920.500000,546.500000,0.908241,2,1,729.500000,509.500000,35.700001,1,-191.000000,-37.000000,194.550765,2.950245,169.036610
1372,detected,OK,920.000000,543.500000,0.882384,2,0,729.500000,507.500000,36.200001,1,-190.500000,-36.000000,193.871736,2.954819,169.298649
1372,detected,OK,920.000000,543.500000,0.882384,2,1,1110.500000,502.500000,37.200001,1,190.500000,-41.000000,194.862131,0.211989,12.146097
1373,detected,OK,920.500000,537.500000,0.911159,2,0,1103.500000,490.500000,35.799999,1,183.000000,-47.000000,188.939144,0.251397,14.403991
1373,detected,OK,920.500000,537.500000,0.911159,2,1,727.500000,505.500000,33.799999,1,-193.000000,-32.000000,195.634864,2.977284,170.585825
1374,detected,OK,920.500000,531.500000,0.910809,2,0,726.500000,507.500000,34.599998,1,-194.000000,-24.000000,195.478899,3.018507,172.947694
1374,detected,OK,920.500000,531.500000,0.910809,2,1,1106.500000,480.500000,34.200001,1,186.000000,-51.000000,192.865238,0.267616,15.333285
1375,detected,OK,920.000000,529.000000,0.908992,2,0,726.500000,506.500000,35.200001,1,-193.500000,-22.500000,194.803747,3.025833,173.367485
1375,detected,OK,920.000000,529.000000,0.908992,2,1,1100.500000,475.500000,35.099998,1,180.500000,-53.500000,188.261786,0.288150,16.509765
1376,detected,OK,920.000000,526.500000,0.877105,2,0,722.500000,502.500000,35.500000,1,-197.500000,-24.000000,198.952884,3.020667,173.071446
1376,detected,OK,920.000000,526.500000,0.877105,2,1,1099.500000,472.500000,35.200001,1,179.500000,-54.000000,187.446659,0.292223,16.743160
1377,detected,OK,918.500000,521.000000,0.872213,2,0,722.500000,498.500000,34.200001,1,-196.000000,-22.500000,197.287227,3.027297,173.451344
1377,detected,OK,918.500000,521.000000,0.872213,2,1,1098.500000,463.500000,37.099998,1,180.000000,-57.500000,188.960975,0.309199,17.715793
1378,detected,OK,918.500000,517.500000,0.910651,2,0,719.500000,499.500000,35.700001,1,-199.000000,-18.000000,199.812412,3.051386,174.831532
1378,detected,OK,918.500000,517.500000,0.910651,2,1,1099.500000,461.500000,34.599998,1,181.000000,-56.000000,189.465036,0.300051,17.191663
1379,detected,OK,918.000000,516.000000,0.849850,2,0,720.500000,497.500000,34.599998,1,-197.500000,-18.500000,198.364563,3.048194,174.648668
1379,detected,OK,918.000000,516.000000,0.849850,2,1,1100.500000,457.500000,36.900002,1,182.500000,-58.500000,191.646811,0.310200,17.773146
1380,detected,OK,916.000000,512.000000,0.844772,2,0,719.500000,497.500000,36.400002,1,-196.500000,-14.500000,197.034261,3.067935,175.779716
1380,detected,OK,916.000000,512.000000,0.844772,2,1,1090.500000,448.500000,35.200001,1,174.500000,-63.500000,185.694642,0.349001,19.996287
1381,detected,OK,914.000000,509.500000,0.879392,2,0,713.500000,497.500000,36.900002,1,-200.500000,-12.000000,200.858781,3.081814,176.574912
1381,detected,OK,914.000000,509.500000,0.879392,2,1,1091.500000,447.500000,34.099998,1,177.500000,-62.000000,188.016622,0.336047,19.254093
1382,detected,OK,912.000000,507.500000,0.878098,2,0,1087.500000,443.500000,33.799999,1,175.500000,-64.000000,186.805380,0.349686,20.035515
1382,detected,OK,912.000000,507.500000,0.878098,2,1,709.500000,498.500000,34.299999,1,-202.500000,-9.000000,202.699901,3.097177,177.455196
1383,detected,OK,909.000000,505.000000,0.901435,2,0,712.500000,498.500000,35.200001,1,-196.500000,-6.500000,196.607477,3.108526,178.105411
1383,detected,OK,909.000000,505.000000,0.901435,2,1,1081.500000,436.500000,37.099998,1,172.500000,-68.500000,185.603071,0.378005,21.658099
1384,detected,OK,906.500000,505.500000,0.905671,2,0,1080.500000,436.500000,33.799999,1,174.000000,-69.000000,187.181730,0.377530,21.630887
1384,detected,OK,906.500000,505.500000,0.905671,2,1,706.500000,500.500000,34.400002,1,-200.000000,-5.000000,200.062490,3.116598,178.567904
1385,detected,OK,905.000000,505.500000,0.871598,2,0,703.500000,504.500000,35.500000,1,-201.500000,-1.000000,201.502481,3.136630,179.715656
1385,detected,OK,905.000000,505.500000,0.871598,2,1,1073.500000,432.500000,35.200001,1,168.500000,-73.000000,183.633466,0.408825,23.423921
1386,detected,OK,902.000000,509.000000,0.904010,2,0,702.500000,512.500000,34.700001,1,-199.500000,3.500000,199.530699,-3.124051,-178.994914
1386,detected,OK,902.000000,509.000000,0.904010,2,1,1071.500000,431.500000,33.799999,1,169.500000,-77.500000,186.377305,0.428848,24.571165
1387,detected,OK,862.500000,562.500000,0.891610,0,-1,,,,0,,,,,
1388,detected,OK,835.500000,596.000000,0.894800,1,0,997.500000,517.500000,33.799999,1,162.000000,-78.500000,180.017360,0.451226,25.853339
1389,detected,OK,808.000000,624.000000,0.912709,1,0,969.500000,544.500000,34.599998,1,161.500000,-79.500000,180.006944,0.457437,26.209181
1390,detected,OK,743.500000,674.500000,0.908510,1,0,906.500000,598.500000,35.799999,1,163.000000,-76.000000,179.847157,0.436291,24.997647
1391,detected,OK,709.500000,696.000000,0.813643,1,0,870.500000,617.500000,33.000000,1,161.000000,-78.500000,179.117978,0.453660,25.992828
1392,detected,OK,683.000000,711.500000,0.871164,1,0,847.500000,630.500000,33.599998,1,164.500000,-81.000000,183.360983,0.457550,26.215691
1393,detected,OK,647.500000,725.500000,0.902651,2,0,805.500000,645.500000,33.799999,1,158.000000,-80.000000,177.098842,0.468698,26.854421
1393,detected,OK,647.500000,725.500000,0.902651,2,1,446.500000,734.500000,35.500000,1,-201.000000,9.000000,201.201392,-3.096846,-177.436230
1394,detected,OK,630.500000,733.500000,0.907971,1,0,789.500000,647.500000,33.599998,1,159.000000,-86.000000,180.767807,0.495815,28.408091
1395,detected,OK,616.500000,744.000000,0.875342,1,0,772.500000,662.500000,34.299999,1,156.000000,-81.500000,176.006392,0.481435,27.584182
1396,detected,OK,600.500000,762.000000,0.871360,2,0,396.500000,780.500000,36.900002,1,-204.000000,18.500000,204.837130,-3.051154,-174.818233
1396,detected,OK,600.500000,762.000000,0.871360,2,1,753.500000,670.500000,35.500000,1,153.000000,-91.500000,178.272965,0.538976,30.881079
1397,detected,OK,599.500000,769.500000,0.906053,2,0,395.500000,790.500000,36.900002,1,-204.000000,21.000000,205.078034,-3.039013,-174.122607
1397,detected,OK,599.500000,769.500000,0.906053,2,1,753.500000,676.500000,33.000000,1,154.000000,-93.000000,179.902752,0.543279,31.127614
1398,detected,OK,600.500000,782.000000,0.872037,2,0,394.500000,807.500000,35.900002,1,-206.000000,25.500000,207.572277,-3.018433,-172.943458
1398,detected,OK,600.500000,782.000000,0.872037,2,1,747.500000,686.500000,33.799999,1,147.000000,-95.500000,175.297604,0.576136,33.010165
1399,detected,OK,607.500000,787.500000,0.904930,2,0,401.500000,811.500000,35.799999,1,-206.000000,24.000000,207.393346,-3.025611,-173.354722
1399,detected,OK,607.500000,787.500000,0.904930,2,1,757.500000,695.500000,33.799999,1,150.000000,-92.000000,175.965906,0.550166,31.522177
1400,detected,OK,622.500000,795.500000,0.899442,2,0,417.500000,826.500000,36.599998,1,-205.000000,31.000000,207.330654,-2.991510,-171.400911
1400,detected,OK,622.500000,795.500000,0.899442,2,1,769.500000,699.500000,33.200001,1,147.000000,-96.000000,175.570499,0.578524,33.146996
1401,detected,OK,630.500000,796.000000,0.875958,2,0,424.500000,829.500000,36.000000,1,-206.000000,33.500000,208.706133,-2.980383,-170.763339
1401,detected,OK,630.500000,796.000000,0.875958,2,1,775.500000,698.500000,33.200001,1,145.000000,-97.500000,174.731938,0.591971,33.917431
1402,detected,OK,638.000000,797.500000,0.874251,2,0,432.500000,834.500000,36.599998,1,-205.500000,37.000000,208.804334,-2.963453,-169.793326
1402,detected,OK,638.000000,797.500000,0.874251,2,1,783.500000,693.500000,33.000000,1,145.500000,-104.000000,178.847002,0.620574,35.556298
1403,detected,OK,651.000000,802.500000,0.866242,2,0,445.500000,841.500000,36.599998,1,-205.500000,39.000000,209.167995,-2.954042,-169.254143
1403,detected,OK,651.000000,802.500000,0.866242,2,1,792.500000,693.500000,33.799999,1,141.500000,-109.000000,178.614809,0.656378,37.607708
1404,detected,OK,658.500000,803.500000,0.899266,2,0,453.500000,847.500000,36.400002,1,-205.000000,44.000000,209.668786,-2.930166,-167.886157
1404,detected,OK,658.500000,803.500000,0.899266,2,1,794.500000,694.500000,34.400002,1,136.000000,-109.000000,174.289988,0.675637,38.711149
1405,detected,OK,664.500000,800.000000,0.871286,2,0,458.500000,846.500000,37.799999,1,-206.000000,46.500000,211.182978,-2.919585,-167.279913
1405,detected,OK,664.500000,800.000000,0.871286,2,1,800.500000,694.500000,34.099998,1,136.000000,-105.500000,172.122776,0.659769,37.801995
1406,detected,OK,674.000000,789.500000,0.874655,2,0,472.500000,838.500000,37.500000,1,-201.500000,49.000000,207.372250,-2.903047,-166.332321
1406,detected,OK,674.000000,789.500000,0.874655,2,1,807.500000,679.500000,32.700001,1,133.500000,-110.000000,172.980490,0.689187,39.487500
1407,detected,OK,680.000000,784.000000,0.841478,2,0,478.500000,835.500000,37.700001,1,-201.500000,51.500000,207.977162,-2.891366,-165.663082
1407,detected,OK,680.000000,784.000000,0.841478,2,1,808.500000,670.500000,35.200001,1,128.500000,-113.500000,171.448243,0.723494,41.453146
1408,detected,OK,686.500000,781.500000,0.905736,2,0,485.500000,840.500000,36.599998,1,-201.000000,59.000000,209.480309,-2.856080,-163.641330
1408,detected,OK,686.500000,781.500000,0.905736,2,1,816.500000,664.500000,34.700001,1,130.000000,-117.000000,174.897113,0.732815,41.987212
1409,detected,OK,690.000000,781.000000,0.896111,2,0,486.500000,838.500000,36.799999,1,-203.500000,57.500000,211.467492,-2.866216,-164.222081
1409,detected,OK,690.000000,781.000000,0.896111,2,1,815.500000,665.500000,33.799999,1,125.500000,-115.500000,170.559374,0.743928,42.623945
1410,detected,OK,694.000000,778.000000,0.846774,2,0,493.500000,840.500000,39.099998,1,-200.500000,62.500000,210.015476,-2.839418,-162.686663
1410,detected,OK,694.000000,778.000000,0.846774,2,1,817.500000,658.500000,32.700001,1,123.500000,-119.500000,171.850225,0.768939,44.056945
1411,detected,OK,696.000000,776.500000,0.870955,2,0,495.500000,842.500000,35.500000,1,-200.500000,66.000000,211.083514,-2.823587,-161.779641
1411,detected,OK,696.000000,776.500000,0.870955,2,1,817.500000,652.500000,32.700001,1,121.500000,-124.000000,173.603715,0.795581,45.583440
1412,detected,OK,699.500000,773.500000,0.905473,2,0,501.500000,842.500000,38.000000,1,-198.000000,69.000000,209.678325,-2.806268,-160.787328
1412,detected,OK,699.500000,773.500000,0.905473,2,1,813.500000,648.500000,34.099998,1,114.000000,-125.000000,169.177422,0.831391,47.635185
1413,detected,OK,700.500000,772.000000,0.870462,2,0,499.500000,845.500000,37.400002,1,-201.000000,73.500000,214.016939,-2.791025,-159.913967
1413,detected,OK,700.500000,772.000000,0.870462,2,1,816.500000,648.500000,32.900002,1,116.000000,-123.500000,169.435091,0.816703,46.793645
1414,detected,OK,702.000000,772.000000,0.847124,2,0,505.500000,848.500000,35.200001,1,-196.500000,76.500000,210.866071,-2.770333,-158.728391
1414,detected,OK,702.000000,772.000000,0.847124,2,1,815.500000,640.500000,33.799999,1,113.500000,-131.500000,173.708088,0.858736,49.201936
1415,detected,OK,702.000000,771.500000,0.875741,2,0,506.500000,852.500000,36.400002,1,-195.500000,81.000000,211.615808,-2.748801,-157.494685
1415,detected,OK,702.000000,771.500000,0.875741,2,1,812.500000,645.500000,33.799999,1,110.500000,-126.000000,167.589528,0.850844,48.749752
1416,detected,OK,702.500000,772.000000,0.871721,2,0,506.500000,851.500000,36.799999,1,-196.000000,79.500000,211.509456,-2.756258,-157.921923
1416,detected,OK,702.500000,772.000000,0.871721,2,1,815.500000,641.500000,33.799999,1,113.000000,-130.500000,172.624593,0.857143,49.110699
1417,detected,OK,708.000000,773.000000,0.839463,2,0,513.500000,857.500000,39.400002,1,-194.500000,84.500000,212.062491,-2.731747,-156.517594
1417,detected,OK,708.000000,773.000000,0.839463,2,1,809.500000,639.500000,34.299999,1,101.500000,-133.500000,167.703608,0.920736,52.754286
1418,detected,OK,710.500000,774.000000,0.869956,2,0,518.500000,861.500000,38.000000,1,-192.000000,87.500000,210.998223,-2.713985,-155.499862
1418,detected,OK,710.500000,774.000000,0.869956,2,1,813.500000,635.500000,34.599998,1,103.000000,-138.500000,172.601419,0.931351,53.362471
1419,detected,OK,714.000000,776.000000,0.845753,2,0,523.500000,865.500000,37.799999,1,-190.500000,89.500000,210.476840,-2.702382,-154.835098
1419,detected,OK,714.000000,776.000000,0.845753,2,1,815.500000,639.500000,34.900002,1,101.500000,-136.500000,170.101440,0.931410,53.365886
1420,detected,OK,721.000000,777.000000,0.897432,2,0,528.500000,872.500000,38.099998,1,-192.500000,95.500000,214.887180,-2.681067,-153.613811
1420,detected,OK,721.000000,777.000000,0.897432,2,1,819.500000,638.500000,34.400002,1,98.500000,-138.500000,169.954406,0.952599,54.579892
1421,detected,OK,724.500000,776.500000,0.900408,2,0,534.500000,871.500000,37.200001,1,-190.000000,95.000000,212.426458,-2.677945,-153.434949
1421,detected,OK,724.500000,776.500000,0.900408,2,1,819.500000,638.500000,32.700001,1,95.000000,-138.000000,167.538055,0.967894,55.456251
1422,detected,OK,732.500000,777.500000,0.902773,2,0,544.500000,878.500000,35.700001,1,-188.000000,101.000000,213.412746,-2.648603,-151.753794
1422,detected,OK,732.500000,777.500000,0.902773,2,1,820.500000,635.500000,35.099998,1,88.000000,-142.000000,167.056877,1.016004,58.212747
1423,detected,OK,736.000000,779.000000,0.839940,2,0,550.500000,880.500000,38.000000,1,-185.500000,101.500000,211.453305,-2.640925,-151.313852
1423,detected,OK,736.000000,779.000000,0.839940,2,1,827.500000,636.500000,33.799999,1,91.500000,-142.500000,169.347276,0.999991,57.295266
1424,detected,OK,740.500000,781.500000,0.904299,1,0,822.500000,636.500000,34.900002,1,82.000000,-145.000000,166.580311,1.056118,60.511092
1425,detected,OK,742.500000,782.000000,0.872898,1,0,822.500000,636.500000,34.400002,1,80.000000,-145.500000,166.042916,1.068085,61.196765
1426,detected,OK,745.500000,782.000000,0.871161,1,0,822.500000,633.500000,35.099998,1,77.000000,-148.500000,167.275970,1.092444,62.592425
1427,detected,OK,750.500000,785.000000,0.866633,1,0,828.500000,635.500000,34.599998,1,78.000000,-149.500000,168.624583,1.089909,62.447188
1428,detected,OK,754.000000,785.500000,0.878327,1,0,824.500000,634.500000,35.099998,1,70.500000,-151.000000,166.647082,1.133988,64.972721
1429,detected,OK,758.000000,785.500000,0.874614,1,0,826.500000,633.500000,35.099998,1,68.500000,-152.000000,166.722074,1.147395,65.740916
1430,detected,OK,763.000000,785.500000,0.874101,1,0,829.500000,634.500000,32.500000,1,66.500000,-151.000000,164.994697,1.155957,66.231434
1431,detected,OK,767.000000,784.500000,0.837475,0,-1,,,,0,,,,,
1432,detected,OK,770.500000,784.000000,0.874278,1,0,832.500000,633.500000,33.299999,1,62.000000,-150.500000,162.770544,1.180022,67.610292
1433,detected,OK,778.000000,783.500000,0.876722,1,0,832.500000,625.500000,35.799999,1,54.500000,-158.000000,167.135424,1.238639,70.968806
1434,detected,OK,782.500000,783.500000,0.903518,1,0,830.500000,626.500000,33.799999,1,48.000000,-157.000000,164.173689,1.274089,72.999906
1435,detected,OK,784.000000,783.000000,0.901625,1,0,831.500000,623.500000,35.200001,1,47.500000,-159.500000,166.422655,1.281354,73.416172
1436,detected,OK,786.000000,782.000000,0.846122,1,0,832.500000,626.500000,31.600000,1,46.500000,-155.500000,162.303728,1.280225,73.351475
1437,detected,OK,790.500000,780.000000,0.876834,1,0,834.500000,623.500000,33.000000,1,44.000000,-156.500000,162.567678,1.296721,74.296663
1438,detected,OK,793.000000,779.500000,0.871106,1,0,836.500000,620.500000,35.000000,1,43.500000,-159.000000,164.843107,1.303746,74.699154
1439,detected,OK,795.000000,778.000000,0.844994,1,0,836.500000,619.500000,35.099998,1,41.500000,-158.500000,163.842913,1.314715,75.327634
1440,detected,OK,800.000000,777.500000,0.880690,1,0,831.500000,615.500000,35.099998,1,31.500000,-162.000000,165.034087,1.378748,78.996459
1441,detected,OK,802.000000,777.500000,0.878783,1,0,834.500000,614.500000,32.900002,1,32.500000,-163.000000,166.208453,1.373991,78.723870
1442,detected,OK,806.000000,776.000000,0.849371,1,0,831.500000,611.500000,35.099998,1,25.500000,-164.500000,166.464711,1.417005,81.188417
1443,detected,OK,808.500000,774.500000,0.900389,2,0,662.500000,934.500000,39.900002,1,-146.000000,160.000000,216.601016,-2.310475,-132.380451
1443,detected,OK,808.500000,774.500000,0.900389,2,1,832.500000,614.500000,32.200001,1,24.000000,-160.000000,161.789987,1.421906,81.469234
1444,detected,OK,810.500000,772.500000,0.902564,2,0,666.500000,933.500000,39.900002,1,-144.000000,161.000000,216.002315,-2.300514,-131.809766
1444,detected,OK,810.500000,772.500000,0.902564,2,1,830.500000,610.500000,35.000000,1,20.000000,-162.000000,163.229899,1.447961,82.962059
1445,detected,OK,814.500000,769.500000,0.908672,2,0,673.500000,934.500000,40.500000,1,-141.000000,165.000000,217.039167,-2.277923,-130.515394
1445,detected,OK,814.500000,769.500000,0.908672,2,1,829.500000,604.500000,34.599998,1,15.000000,-165.000000,165.680415,1.480136,84.805571
1446,detected,OK,816.500000,767.500000,0.908544,1,0,832.500000,606.500000,32.099998,1,16.000000,-161.000000,161.793078,1.471743,84.324644
1447,detected,OK,820.500000,765.500000,0.904932,1,0,831.500000,603.500000,32.099998,1,11.000000,-162.000000,162.373027,1.502999,86.115508
1448,detected,OK,822.000000,764.500000,0.875585,1,0,828.500000,600.500000,34.400002,1,6.500000,-164.000000,164.128760,1.531183,87.730319
1449,detected,OK,824.000000,763.500000,0.878410,1,0,828.500000,597.500000,34.400002,1,4.500000,-166.000000,166.060983,1.543695,88.447181
1450,detected,OK,828.000000,761.000000,0.844734,1,0,829.500000,598.500000,32.099998,1,1.500000,-162.500000,162.506923,1.561566,89.471131
1451,detected,OK,830.000000,759.000000,0.899657,1,0,829.500000,596.500000,32.500000,1,-0.500000,-162.500000,162.500769,1.573873,90.176294
1452,detected,OK,834.000000,754.000000,0.847280,1,0,826.500000,587.500000,35.299999,1,-7.500000,-166.500000,166.668833,1.615811,92.579148
1453,detected,OK,836.000000,752.000000,0.848038,1,0,717.500000,933.500000,36.599998,1,-118.500000,181.500000,216.759083,-2.149202,-123.140221
1454,detected,OK,838.000000,750.500000,0.875775,2,0,721.500000,933.500000,36.599998,1,-116.500000,183.000000,216.936050,-2.137702,-122.481321
1454,detected,OK,838.000000,750.500000,0.875775,2,1,829.500000,588.500000,32.200001,1,-8.500000,-162.000000,162.222841,1.623217,93.003506
1455,detected,OK,840.500000,748.500000,0.902000,2,0,728.500000,934.500000,40.799999,1,-112.000000,186.000000,217.117480,-2.112796,-121.054271
1455,detected,OK,840.500000,748.500000,0.902000,2,1,823.500000,583.500000,33.799999,1,-17.000000,-165.000000,165.873446,1.673464,95.882446
1456,detected,OK,842.000000,747.500000,0.876747,2,0,822.500000,582.500000,33.799999,1,-19.500000,-165.000000,166.148277,1.688432,96.740056
1456,detected,OK,842.000000,747.500000,0.876747,2,1,732.500000,936.500000,37.400002,1,-109.500000,189.000000,218.429050,-2.095905,-120.086505
1457,detected,OK,844.000000,747.000000,0.903904,2,0,735.500000,934.500000,40.700001,1,-108.500000,187.500000,216.629869,-2.095382,-120.056536
1457,detected,OK,844.000000,747.000000,0.903904,2,1,822.500000,581.500000,35.000000,1,-21.500000,-165.500000,166.890683,1.699982,97.401805
1458,detected,OK,846.500000,745.000000,0.871164,2,0,742.500000,935.500000,36.400002,1,-104.000000,190.500000,217.039743,-2.070511,-118.631528
1458,detected,OK,846.500000,745.000000,0.871164,2,1,825.500000,581.500000,34.099998,1,-21.000000,-163.500000,164.843107,1.698537,97.319019
1459,detected,OK,848.500000,743.500000,0.907300,2,0,746.500000,934.500000,40.200001,1,-102.000000,191.000000,216.529444,-2.061297,-118.103617
1459,detected,OK,848.500000,743.500000,0.907300,2,1,822.500000,582.500000,32.900002,1,-26.000000,-161.000000,163.085867,1.730905,99.173535
1460,detected,OK,851.500000,741.000000,0.876316,2,0,823.500000,578.500000,34.200001,1,-28.000000,-162.500000,164.894663,1.741428,99.776503
1460,detected,OK,851.500000,741.000000,0.876316,2,1,753.500000,934.500000,40.799999,1,-98.000000,193.500000,216.901475,-2.039599,-116.860388
1461,detected,OK,852.500000,740.000000,0.874134,2,0,758.500000,935.500000,36.900002,1,-94.000000,195.500000,216.924526,-2.018981,-115.679105
1461,detected,OK,852.500000,740.000000,0.874134,2,1,820.500000,575.500000,32.700001,1,-32.000000,-164.500000,167.583561,1.762926,101.008202
1462,detected,OK,856.000000,738.000000,0.845029,1,0,764.500000,934.500000,38.700001,1,-91.500000,196.500000,216.759083,-2.006587,-114.968987
1463,detected,OK,858.000000,738.000000,0.847066,2,0,768.500000,937.500000,41.299999,1,-89.500000,199.500000,218.656123,-1.992503,-114.162032
1463,detected,OK,858.000000,738.000000,0.847066,2,1,821.500000,576.500000,34.400002,1,-36.500000,-161.500000,165.573247,1.793068,102.735244
1464,detected,OK,860.000000,737.500000,0.878111,2,0,774.500000,938.500000,38.799999,1,-85.500000,201.000000,218.429050,-1.972983,-113.043598
1464,detected,OK,860.000000,737.500000,0.878111,2,1,814.500000,575.500000,33.000000,1,-45.500000,-162.000000,168.268387,1.844606,105.688151
1465,detected,OK,864.500000,735.500000,0.909357,1,0,779.500000,937.500000,39.400002,1,-85.000000,202.000000,219.155196,-1.969097,-112.820973
1466,detected,OK,866.000000,736.000000,0.847255,2,0,785.500000,939.500000,37.400002,1,-80.500000,203.500000,218.843551,-1.947484,-111.582632
1466,detected,OK,866.000000,736.000000,0.847255,2,1,815.500000,575.500000,34.599998,1,-50.500000,-160.500000,168.257244,1.875631,107.465752
1467,detected,OK,866.000000,737.500000,0.879141,2,0,787.500000,940.500000,40.299999,1,-78.500000,203.000000,217.649374,-1.939784,-111.141462
1467,detected,OK,866.000000,737.500000,0.879141,2,1,820.500000,577.500000,32.900002,1,-45.500000,-160.000000,166.343771,1.847857,105.874427
1468,detected,OK,869.500000,737.500000,0.845813,2,0,796.500000,942.500000,40.799999,1,-73.000000,205.000000,217.609742,-1.912893,-109.600690
1468,detected,OK,869.500000,737.500000,0.845813,2,1,817.500000,578.500000,34.599998,1,-52.000000,-159.000000,167.287178,1.886876,108.110023
1469,detected,OK,871.000000,737.500000,0.876508,2,0,800.500000,944.500000,37.200001,1,-70.500000,207.000000,218.676130,-1.899054,-108.807801
1469,detected,OK,871.000000,737.500000,0.876508,2,1,812.500000,578.500000,34.700001,1,-58.500000,-159.000000,169.420335,1.923349,110.199807
1470,detected,OK,874.000000,739.500000,0.879733,2,0,807.500000,947.500000,41.099998,1,-66.500000,208.000000,218.371816,-1.880238,-107.729678
1470,detected,OK,874.000000,739.500000,0.879733,2,1,810.500000,582.500000,34.599998,1,-63.500000,-157.000000,169.355396,1.955140,112.021294
1471,detected,OK,876.500000,737.500000,0.910504,2,0,815.500000,947.500000,38.900002,1,-61.000000,210.000000,218.680132,-1.853493,-106.197323
1471,detected,OK,876.500000,737.500000,0.910504,2,1,810.500000,581.500000,33.799999,1,-66.000000,-156.000000,169.387131,1.971037,112.932100
1472,detected,OK,878.500000,733.500000,0.911504,2,0,818.500000,944.500000,41.200001,1,-60.000000,211.000000,219.364993,-1.847844,-105.873642
1472,detected,OK,878.500000,733.500000,0.911504,2,1,809.500000,577.500000,34.900002,1,-69.000000,-156.000000,170.578428,1.987235,113.860175
1473,detected,OK,880.000000,731.500000,0.881784,2,0,822.500000,942.500000,41.200001,1,-57.500000,211.000000,218.694422,-1.836848,-105.243630
1473,detected,OK,880.000000,731.500000,0.881784,2,1,814.500000,577.500000,34.400002,1,-65.500000,-154.000000,167.350680,1.972942,113.041247
1474,detected,OK,881.500000,729.500000,0.909573,2,0,826.500000,941.500000,41.200001,1,-55.000000,212.000000,219.018264,-1.824634,-104.543834
1474,detected,OK,881.500000,729.500000,0.909573,2,1,810.500000,577.500000,32.500000,1,-71.000000,-152.000000,167.764716,2.007784,115.037526
1475,detected,OK,884.500000,724.000000,0.875960,2,0,834.500000,936.500000,41.000000,1,-50.000000,212.500000,218.303115,-1.801887,-103.240520
1475,detected,OK,884.500000,724.000000,0.875960,2,1,812.500000,574.500000,31.500000,1,-72.000000,-149.500000,165.934475,2.019620,115.715715
1476,detected,OK,885.000000,721.500000,0.878176,2,0,812.500000,569.500000,33.599998,1,-72.500000,-152.000000,168.405018,2.015854,115.499914
1476,detected,OK,885.000000,721.500000,0.878176,2,1,834.500000,932.500000,39.900002,1,-50.500000,211.000000,216.959098,-1.805714,-103.459782
1477,detected,OK,886.000000,717.500000,0.881239,2,0,838.500000,930.500000,39.099998,1,-47.500000,213.000000,218.232101,-1.790211,-102.571523
1477,detected,OK,886.000000,717.500000,0.881239,2,1,805.500000,566.500000,33.799999,1,-80.500000,-151.000000,171.117650,2.060582,118.062639
1478,detected,OK,888.000000,711.500000,0.880448,2,0,847.500000,926.500000,36.200001,1,-40.500000,215.000000,218.781283,-1.756987,-100.667918
1478,detected,OK,888.000000,711.500000,0.880448,2,1,806.500000,565.500000,33.200001,1,-81.500000,-146.000000,167.207207,2.079928,119.171093
1479,detected,OK,888.500000,708.500000,0.905974,2,0,849.500000,923.500000,36.799999,1,-39.000000,215.000000,218.508581,-1.750240,-100.281393
1479,detected,OK,888.500000,708.500000,0.905974,2,1,804.500000,562.500000,32.900002,1,-84.000000,-146.000000,168.439900,2.092888,119.913646
1480,detected,OK,890.000000,701.500000,0.879493,2,0,854.500000,918.500000,38.299999,1,-35.500000,217.000000,219.884629,-1.732954,-99.290971
1480,detected,OK,890.000000,701.500000,0.879493,2,1,805.500000,554.500000,34.599998,1,-84.500000,-147.000000,169.556038,2.092503,119.891578
1481,detected,OK,890.500000,699.500000,0.909662,2,0,856.500000,916.500000,38.599998,1,-34.000000,217.000000,219.647445,-1.726215,-98.904821
1481,detected,OK,890.500000,699.500000,0.909662,2,1,804.500000,553.500000,34.000000,1,-86.000000,-146.000000,169.446157,2.103119,120.499833
1482,detected,OK,892.000000,695.500000,0.880788,2,0,863.500000,911.500000,36.799999,1,-28.500000,216.000000,217.872096,-1.701983,-97.516442
1482,detected,OK,892.000000,695.500000,0.880788,2,1,802.500000,551.500000,34.099998,1,-89.500000,-144.000000,169.547191,2.126895,121.862099
1483,detected,OK,892.500000,693.500000,0.912235,2,0,865.500000,909.500000,40.200001,1,-27.000000,216.000000,217.680959,-1.695151,-97.125016
1483,detected,OK,892.500000,693.500000,0.912235,2,1,800.500000,549.500000,34.599998,1,-92.000000,-144.000000,170.880075,2.139321,122.574057
1484,detected,OK,893.000000,691.000000,0.904975,2,0,873.500000,907.500000,38.599998,1,-19.500000,216.500000,217.376402,-1.660623,-95.146702
1484,detected,OK,893.000000,691.000000,0.904975,2,1,798.500000,549.500000,34.099998,1,-94.500000,-141.500000,170.154342,2.159614,123.736763
1485,detected,OK,894.000000,689.500000,0.883653,2,0,873.500000,905.500000,36.299999,1,-20.500000,216.000000,216.970620,-1.665420,-95.421555
1485,detected,OK,894.000000,689.500000,0.883653,2,1,790.500000,548.500000,33.599998,1,-103.500000,-141.000000,174.909262,2.204006,126.280253
1486,detected,OK,894.000000,688.500000,0.878911,2,0,875.500000,904.500000,40.000000,1,-18.500000,216.000000,216.790798,-1.656236,-94.895331
1486,detected,OK,894.000000,688.500000,0.878911,2,1,794.500000,548.500000,35.200001,1,-99.500000,-140.000000,171.756368,2.188677,125.401952
1487,detected,OK,894.500000,686.500000,0.910956,2,0,881.500000,903.500000,40.900002,1,-13.000000,217.000000,217.389052,-1.630633,-93.428369
1487,detected,OK,894.500000,686.500000,0.910956,2,1,792.500000,548.500000,33.799999,1,-102.000000,-138.000000,171.604196,2.207305,126.469234
1488,detected,OK,894.500000,685.000000,0.873454,2,0,883.500000,902.500000,36.599998,1,-11.000000,217.500000,217.777983,-1.621328,-92.895251
1488,detected,OK,894.500000,685.000000,0.873454,2,1,784.500000,548.500000,33.799999,1,-110.000000,-136.500000,175.306161,2.249101,128.863979
1489,detected,OK,895.500000,683.000000,0.878644,2,0,888.500000,900.500000,40.900002,1,-7.000000,217.500000,217.612615,-1.602969,-91.843366
1489,detected,OK,895.500000,683.000000,0.878644,2,1,783.500000,547.500000,34.900002,1,-112.000000,-135.500000,175.796047,2.261529,129.576055
1490,detected,OK,896.000000,681.500000,0.876855,2,0,892.500000,898.500000,38.400002,1,-3.500000,217.000000,217.028224,-1.586924,-90.924045
1490,detected,OK,896.000000,681.500000,0.876855,2,1,786.500000,547.500000,34.400002,1,-109.500000,-134.000000,173.049848,2.255916,129.254463
1491,detected,OK,896.500000,681.500000,0.907409,2,0,893.500000,899.500000,40.799999,1,-3.000000,218.000000,218.020641,-1.584557,-90.788424
1491,detected,OK,896.500000,681.500000,0.907409,2,1,783.500000,546.500000,32.200001,1,-113.000000,-135.000000,176.051129,2.267716,129.930580
1492,detected,OK,898.000000,680.500000,0.876918,2,0,900.500000,897.500000,41.400002,1,2.500000,217.000000,217.014400,-1.559276,-89.339940
1492,detected,OK,898.000000,680.500000,0.876918,2,1,781.500000,552.500000,33.299999,1,-116.500000,-128.000000,173.078739,2.309194,132.307091
1493,detected,OK,898.500000,679.500000,0.911662,1,0,902.500000,899.500000,38.500000,1,4.000000,220.000000,220.036361,-1.552617,-88.958373
1494,detected,OK,900.000000,675.000000,0.908315,2,0,908.500000,891.500000,38.599998,1,8.500000,216.500000,216.666795,-1.531556,-87.751667
1494,detected,OK,900.000000,675.000000,0.908315,2,1,781.500000,546.500000,34.400002,1,-118.500000,-128.500000,174.798455,2.315731,132.681599
1495,detected,OK,900.500000,673.000000,0.873841,2,0,909.500000,892.500000,38.400002,1,9.000000,219.500000,219.684433,-1.529817,-87.652058
1495,detected,OK,900.500000,673.000000,0.873841,2,1,777.500000,543.500000,33.200001,1,-123.000000,-129.500000,178.603611,2.330458,133.525385
1496,detected,OK,902.500000,668.500000,0.907054,2,0,918.500000,886.500000,39.099998,1,16.000000,218.000000,218.586367,-1.497533,-85.802332
1496,detected,OK,902.500000,668.500000,0.907054,2,1,777.500000,545.500000,32.200001,1,-125.000000,-123.000000,175.368184,2.364259,135.462053
1497,detected,OK,904.000000,667.500000,0.882816,2,0,919.500000,883.500000,40.799999,1,15.500000,216.000000,216.555420,-1.499160,-85.895533
1497,detected,OK,904.000000,667.500000,0.882816,2,1,776.500000,542.500000,37.700001,1,-127.500000,-125.000000,178.553213,2.366095,135.567266
1498,detected,OK,904.500000,665.500000,0.909435,2,0,920.500000,884.500000,38.400002,1,16.000000,219.000000,219.583697,-1.497867,-85.821431
1498,detected,OK,904.500000,665.500000,0.909435,2,1,776.500000,545.500000,32.500000,1,-128.000000,-120.000000,175.453698,2.388441,136.847610
1499,detected,OK,904.500000,663.500000,0.908090,2,0,926.500000,880.500000,40.000000,1,22.000000,217.000000,218.112356,-1.469759,-84.210991
1499,detected,OK,904.500000,663.500000,0.908090,2,1,773.500000,540.500000,33.000000,1,-131.000000,-123.000000,179.694185,2.387680,136.803995
1500,detected,OK,904.000000,657.500000,0.882652,2,0,926.500000,872.500000,39.599998,1,22.500000,215.000000,216.174120,-1.466525,-84.025677
1500,detected,OK,904.000000,657.500000,0.882652,2,1,768.500000,538.500000,33.799999,1,-135.500000,-119.000000,180.336491,2.420937,138.709466
1501,detected,OK,909.000000,638.000000,0.848381,2,0,938.500000,854.500000,38.599998,1,29.500000,216.500000,218.500572,-1.435372,-82.240739
1501,detected,OK,909.000000,638.000000,0.848381,2,1,774.500000,519.500000,32.900002,1,-134.500000,-118.500000,179.255404,2.419351,138.618629
1502,detected,OK,912.000000,632.000000,0.846830,2,0,939.500000,847.500000,40.200001,1,27.500000,215.500000,217.247555,-1.443872,-82.727778
1502,detected,OK,912.000000,632.000000,0.846830,2,1,778.500000,514.500000,35.200001,1,-133.500000,-117.500000,177.844033,2.419853,138.647386
1503,detected,OK,912.000000,627.500000,0.881598,2,0,942.500000,842.500000,36.900002,1,30.500000,215.000000,217.152596,-1.429876,-81.925869
1503,detected,OK,912.000000,627.500000,0.881598,2,1,777.500000,511.500000,34.400002,1,-134.500000,-116.000000,177.612640,2.429913,139.223757
1504,detected,OK,918.000000,613.000000,0.908037,2,0,952.500000,827.500000,36.599998,1,34.500000,214.500000,217.256761,-1.411323,-80.862849
1504,detected,OK,918.000000,613.000000,0.908037,2,1,781.500000,499.500000,34.400002,1,-136.500000,-113.500000,177.523238,2.447936,140.256415
1505,detected,OK,918.500000,605.500000,0.912431,2,0,956.500000,819.500000,38.599998,1,38.000000,214.000000,217.347648,-1.395058,-79.930937
1505,detected,OK,918.500000,605.500000,0.912431,2,1,780.500000,492.500000,34.799999,1,-138.000000,-113.000000,178.361991,2.455469,140.687991
1506,detected,OK,918.500000,595.000000,0.875151,2,0,956.500000,806.500000,40.000000,1,38.000000,211.500000,214.886598,-1.393024,-79.814395
1506,detected,OK,918.500000,595.000000,0.875151,2,1,773.500000,484.500000,35.500000,1,-145.000000,-110.500000,182.305376,2.490412,142.690100
1507,detected,OK,920.000000,589.500000,0.881293,2,0,961.500000,803.500000,39.099998,1,41.500000,214.000000,217.986812,-1.379249,-79.025127
1507,detected,OK,920.000000,589.500000,0.881293,2,1,773.500000,479.500000,35.799999,1,-146.500000,-110.000000,183.200027,2.497546,143.098827
1508,detected,OK,924.000000,581.500000,0.878222,2,0,964.500000,792.500000,38.599998,1,40.500000,211.000000,214.851693,-1.381160,-79.134617
1508,detected,OK,924.000000,581.500000,0.878222,2,1,780.500000,474.500000,34.700001,1,-143.500000,-107.000000,179.000698,2.500885,143.290146
1509,detected,OK,924.000000,583.500000,0.878918,2,0,967.500000,795.500000,36.400002,1,43.500000,212.000000,216.416843,-1.368417,-78.404500
1509,detected,OK,924.000000,583.500000,0.878918,2,1,776.500000,475.500000,33.299999,1,-147.500000,-108.000000,182.812062,2.509579,143.788285
1510,detected,OK,922.500000,586.500000,0.909279,2,0,967.500000,796.500000,39.099998,1,45.000000,210.000000,214.767316,-1.359703,-77.905243
1510,detected,OK,922.500000,586.500000,0.909279,2,1,776.500000,481.500000,34.900002,1,-146.000000,-105.000000,179.836036,2.518111,144.277139
1511,detected,OK,924.000000,589.500000,0.882792,2,0,973.500000,801.500000,37.299999,1,49.500000,212.000000,217.702205,-1.341415,-76.857434
1511,detected,OK,924.000000,589.500000,0.882792,2,1,775.500000,486.500000,35.200001,1,-148.500000,-103.000000,180.724237,2.535173,145.254719
1512,detected,OK,921.500000,591.500000,0.848816,2,0,973.500000,801.500000,40.500000,1,52.000000,210.000000,216.342321,-1.328060,-76.092222
1512,detected,OK,921.500000,591.500000,0.848816,2,1,771.500000,489.500000,35.200001,1,-150.000000,-102.000000,181.394597,2.544416,145.784298
1513,detected,OK,918.000000,593.500000,0.877695,2,0,973.500000,803.500000,39.200001,1,55.500000,210.000000,217.210152,-1.312418,-75.196020
1513,detected,OK,918.000000,593.500000,0.877695,2,1,762.500000,494.500000,34.900002,1,-155.500000,-99.000000,184.340039,2.574655,147.516888
1514,detected,OK,917.500000,595.000000,0.878756,2,0,975.500000,804.500000,39.099998,1,58.000000,209.500000,217.380427,-1.300711,-74.525270
1514,detected,OK,917.500000,595.000000,0.878756,2,1,762.500000,494.500000,33.299999,1,-155.000000,-100.500000,184.730209,2.566352,147.041145
1515,detected,OK,916.500000,597.000000,0.874593,2,0,973.500000,806.500000,37.400002,1,57.000000,209.500000,217.115753,-1.305150,-74.779599
1515,detected,OK,916.500000,597.000000,0.874593,2,1,762.500000,501.500000,32.500000,1,-154.000000,-95.500000,181.207754,2.586503,148.195713
1516,detected,OK,914.000000,599.000000,0.904637,2,0,973.500000,808.500000,37.900002,1,59.500000,209.500000,217.785445,-1.294073,-74.144947
1516,detected,OK,914.000000,599.000000,0.904637,2,1,757.500000,506.500000,33.299999,1,-156.500000,-92.500000,181.792464,2.607777,149.414606
1517,detected,OK,914.000000,599.500000,0.875755,2,0,975.500000,808.500000,37.500000,1,61.500000,209.000000,217.860621,-1.284615,-73.603039
1517,detected,OK,914.000000,599.500000,0.875755,2,1,755.500000,504.500000,32.700001,1,-158.500000,-95.000000,184.789745,2.601637,149.062831
1518,detected,OK,914.500000,603.500000,0.912141,2,0,977.500000,808.500000,39.400002,1,63.000000,205.000000,214.462118,-1.272640,-72.916913
1518,detected,OK,914.500000,603.500000,0.912141,2,1,753.500000,509.500000,32.700001,1,-161.000000,-94.000000,186.432293,2.613132,149.721441
1519,detected,OK,914.000000,603.500000,0.880281,2,0,981.500000,810.500000,37.200001,1,67.500000,207.000000,217.727467,-1.255582,-71.939528
1519,detected,OK,914.000000,603.500000,0.880281,2,1,756.500000,513.500000,33.799999,1,-157.500000,-90.000000,181.400799,2.622447,150.255119
1520,detected,OK,914.000000,603.500000,0.880770,2,0,980.500000,806.500000,38.000000,1,66.500000,203.000000,213.614723,-1.254227,-71.861918
1520,detected,OK,914.000000,603.500000,0.880770,2,1,753.500000,513.500000,35.799999,1,-160.500000,-90.000000,184.011549,2.630535,150.718573
1521,detected,OK,914.500000,603.500000,0.911973,2,0,987.500000,808.500000,39.200001,1,73.000000,205.000000,217.609742,-1.228700,-70.399310
1521,detected,OK,914.500000,603.500000,0.911973,2,1,751.500000,514.500000,33.000000,1,-163.000000,-89.000000,185.714835,2.641816,151.364918
1522,detected,OK,914.000000,602.000000,0.850968,2,0,988.500000,806.500000,37.400002,1,74.500000,204.500000,217.647651,-1.221437,-69.983157
1522,detected,OK,914.000000,602.000000,0.850968,2,1,751.500000,516.500000,35.200001,1,-162.500000,-85.500000,183.620533,2.657242,152.248726
1523,detected,OK,914.500000,601.500000,0.914409,2,0,987.500000,803.500000,38.599998,1,73.000000,202.000000,214.785940,-1.224014,-70.130847
1523,detected,OK,914.500000,601.500000,0.914409,2,1,748.500000,515.500000,33.000000,1,-166.000000,-86.000000,186.954540,2.663592,152.612578
1524,detected,OK,914.500000,601.000000,0.874544,2,0,992.500000,803.500000,38.799999,1,78.000000,202.500000,217.002880,-1.203126,-68.934054
1524,detected,OK,914.500000,601.000000,0.874544,2,1,748.500000,522.500000,35.099998,1,-166.000000,-78.500000,183.625298,2.699866,154.690928
1525,detected,OK,914.500000,597.000000,0.872745,2,0,994.500000,799.500000,37.200001,1,80.000000,202.500000,217.729764,-1.194554,-68.442921
1525,detected,OK,914.500000,597.000000,0.872745,2,1,749.500000,516.500000,35.500000,1,-165.000000,-80.500000,183.589896,2.687689,153.993234
1526,detected,OK,914.500000,594.000000,0.876762,2,0,994.500000,793.500000,39.400002,1,80.000000,199.500000,214.942434,-1.189426,-68.149091
1526,detected,OK,914.500000,594.000000,0.876762,2,1,745.500000,512.500000,33.500000,1,-169.000000,-81.500000,187.625291,2.692247,154.254380
1527,detected,OK,914.500000,590.500000,0.908276,2,0,997.500000,791.500000,37.700001,1,83.000000,201.000000,217.462640,-1.179189,-67.562541
1527,detected,OK,914.500000,590.500000,0.908276,2,1,747.500000,511.500000,35.500000,1,-167.000000,-79.000000,184.743065,2.699733,154.683328
1528,detected,OK,916.000000,587.500000,0.883450,2,0,999.500000,788.500000,37.700001,1,83.500000,201.000000,217.653968,-1.177065,-67.440883
1528,detected,OK,916.000000,587.500000,0.883450,2,1,745.500000,513.500000,33.000000,1,-170.500000,-74.000000,185.866215,2.732109,156.538308
1529,detected,OK,916.500000,585.500000,0.914431,2,0,1001.500000,786.500000,37.700001,1,85.000000,201.000000,218.233820,-1.170718,-67.077199
1529,detected,OK,916.500000,585.500000,0.914431,2,1,748.500000,509.500000,34.700001,1,-168.000000,-76.000000,184.390889,2.716760,155.658910
1530,detected,OK,916.000000,581.000000,0.905398,2,0,1003.500000,780.500000,38.000000,1,87.500000,199.500000,217.845128,-1.157466,-66.317912
1530,detected,OK,916.000000,581.000000,0.905398,2,1,746.500000,506.500000,34.700001,1,-169.500000,-74.500000,185.149939,2.727481,156.273165
1531,detected,OK,916.500000,575.500000,0.911545,2,0,1006.500000,772.500000,37.400002,1,90.000000,197.000000,216.584856,-1.142258,-65.446577
1531,detected,OK,916.500000,575.500000,0.911545,2,1,744.500000,505.500000,32.700001,1,-172.000000,-70.000000,185.698681,2.755086,157.854820
1532,detected,OK,917.000000,573.500000,0.880187,2,0,1007.500000,768.500000,35.700001,1,90.500000,195.000000,214.977324,-1.136277,-65.103865
1532,detected,OK,917.000000,573.500000,0.880187,2,1,740.500000,502.500000,35.799999,1,-176.500000,-71.000000,190.245236,2.759134,158.086739
1533,detected,OK,916.500000,571.500000,0.909610,2,0,1008.500000,768.500000,37.400002,1,92.000000,197.000000,217.423550,-1.133891,-64.967187
1533,detected,OK,916.500000,571.500000,0.909610,2,1,743.500000,501.500000,35.400002,1,-173.000000,-70.000000,186.625293,2.757106,157.970549
1534,detected,OK,916.500000,570.500000,0.909227,2,0,1012.500000,765.500000,38.500000,1,96.000000,195.000000,217.349948,-1.113321,-63.788622
1534,detected,OK,916.500000,570.500000,0.909227,2,1,741.500000,504.500000,32.700001,1,-175.000000,-66.000000,187.032083,2.780945,159.336391
1535,detected,OK,916.500000,569.500000,0.911820,2,0,1012.500000,764.500000,37.400002,1,96.000000,195.000000,217.349948,-1.113321,-63.788622
1535,detected,OK,916.500000,569.500000,0.911820,2,1,741.500000,504.500000,32.700001,1,-175.000000,-65.000000,186.681547,2.785957,159.623565
1536,detected,OK,916.000000,569.000000,0.902241,2,0,1014.500000,761.500000,38.799999,1,98.500000,192.500000,216.237138,-1.097842,-62.901705
1536,detected,OK,916.000000,569.000000,0.902241,2,1,738.500000,500.500000,33.299999,1,-177.500000,-68.500000,190.259034,2.773287,158.897626
1537,detected,OK,916.000000,567.500000,0.879054,2,0,1014.500000,760.500000,37.700001,1,98.500000,193.000000,216.682371,-1.098893,-62.961929
1537,detected,OK,916.000000,567.500000,0.879054,2,1,738.500000,504.500000,37.700001,1,-177.500000,-63.000000,188.348746,2.800533,160.458721
1538,detected,OK,916.500000,566.500000,0.909034,2,0,1018.500000,758.500000,38.500000,1,102.000000,192.000000,217.412051,-1.082462,-62.020526
1538,detected,OK,916.500000,566.500000,0.909034,2,1,738.500000,504.500000,37.700001,1,-178.000000,-62.000000,188.488726,2.806420,160.796026
1539,detected,OK,916.500000,567.000000,0.871622,2,0,1020.500000,758.500000,38.000000,1,104.000000,191.500000,217.917989,-1.073281,-61.494458
1539,detected,OK,916.500000,567.000000,0.871622,2,1,735.500000,503.500000,36.900002,1,-181.000000,-63.500000,191.815667,2.804180,160.667664
1540,detected,OK,916.500000,567.500000,0.909572,2,0,1019.500000,755.500000,40.500000,1,103.000000,188.000000,214.366509,-1.069588,-61.282884
1540,detected,OK,916.500000,567.500000,0.909572,2,1,736.500000,508.500000,33.000000,1,-180.000000,-59.000000,189.422807,2.824850,161.852006
1541,detected,OK,916.500000,568.500000,0.906035,2,0,1018.500000,756.500000,38.500000,1,102.000000,188.000000,213.887821,-1.073688,-61.517814
1541,detected,OK,916.500000,568.500000,0.906035,2,1,735.500000,506.500000,33.500000,1,-181.000000,-62.000000,191.324332,2.811578,161.091543
1542,detected,OK,916.000000,571.000000,0.905583,1,0,1022.500000,757.500000,37.700001,1,106.500000,186.500000,214.766152,-1.051939,-60.271664
1543,detected,OK,916.500000,571.000000,0.872565,1,0,1024.500000,756.500000,37.500000,1,108.000000,185.500000,214.649132,-1.043560,-59.791598
1544,detected,OK,917.000000,570.500000,0.877262,1,0,1024.500000,759.500000,38.599998,1,107.500000,189.000000,217.433323,-1.053647,-60.369514
1545,detected,OK,917.000000,571.500000,0.878556,1,0,1026.500000,758.500000,37.700001,1,109.500000,187.000000,216.700831,-1.041061,-59.648403
1546,detected,OK,900.500000,559.500000,0.916256,1,0,1009.500000,744.500000,35.799999,1,109.000000,185.000000,214.723077,-1.038364,-59.493868
1547,detected,OK,877.500000,550.500000,0.860535,1,0,984.500000,734.500000,37.799999,1,107.000000,184.000000,212.849712,-1.044075,-59.821068
1548,detected,OK,846.000000,538.000000,0.868890,1,0,953.500000,721.500000,39.099998,1,107.500000,183.500000,212.669932,-1.040860,-59.636903
1549,detected,OK,775.500000,509.000000,0.895513,1,0,881.500000,692.500000,38.500000,1,106.000000,183.500000,211.915667,-1.046968,-59.986835
1550,detected,OK,740.500000,492.000000,0.840324,1,0,847.500000,673.500000,36.599998,1,107.000000,181.500000,210.692311,-1.038110,-59.479303
1551,detected,OK,704.000000,478.000000,0.866884,1,0,807.500000,662.500000,36.000000,1,103.500000,184.500000,211.547867,-1.059566,-60.708638
1552,detected,OK,631.000000,454.000000,0.865214,1,0,733.500000,639.500000,36.099998,1,102.500000,185.500000,211.935132,-1.065989,-61.076688
1553,detected,OK,598.500000,443.500000,0.856875,1,0,700.500000,626.500000,34.700001,1,102.000000,183.000000,209.506563,-1.062307,-60.865708
1554,detected,OK,546.500000,428.000000,0.882650,1,0,650.500000,609.500000,38.799999,1,104.000000,181.500000,209.184727,-1.050464,-60.187172
1555,detected,OK,525.000000,424.000000,0.911437,1,0,629.500000,607.500000,34.400002,1,104.500000,183.500000,211.169363,-1.053119,-60.339253
1556,detected,OK,498.500000,425.500000,0.913971,1,0,604.500000,608.500000,38.500000,1,106.000000,183.000000,211.482860,-1.045785,-59.919077
1557,detected,OK,491.500000,433.000000,0.880262,1,0,596.500000,614.500000,39.099998,1,105.000000,181.500000,209.683690,-1.046326,-59.950086
1558,detected,OK,483.500000,452.000000,0.880160,1,0,589.500000,632.500000,36.299999,1,106.000000,180.500000,209.323315,-1.039799,-59.576089
1559,detected,OK,484.500000,461.000000,0.878060,1,0,590.500000,642.500000,34.400002,1,106.000000,181.500000,210.186227,-1.042208,-59.714130
1560,detected,OK,486.000000,470.000000,0.847359,1,0,592.500000,649.500000,37.700001,1,106.500000,179.500000,208.716315,-1.035307,-59.318718
1561,detected,OK,493.500000,490.000000,0.877761,1,0,602.500000,671.500000,35.500000,1,109.000000,181.500000,211.715021,-1.029972,-59.013037
1562,detected,OK,500.500000,498.000000,0.873031,1,0,609.500000,678.500000,34.900002,1,109.000000,180.500000,210.858365,-1.027530,-58.873141
1563,detected,OK,506.500000,505.500000,0.907302,1,0,618.500000,683.500000,36.599998,1,112.000000,178.000000,210.304541,-1.009173,-57.821344
1564,detected,OK,516.000000,519.500000,0.875910,1,0,626.500000,696.500000,37.200001,1,110.500000,177.000000,208.660610,-1.012705,-58.023723
1565,detected,OK,521.500000,525.500000,0.906041,1,0,635.500000,702.500000,34.900002,1,114.000000,177.000000,210.535033,-0.998603,-57.215719
1566,detected,OK,532.000000,532.000000,0.843518,1,0,645.500000,709.500000,36.599998,1,113.500000,177.500000,210.685785,-1.001883,-57.403662
1567,detected,OK,534.500000,532.500000,0.897593,1,0,649.500000,707.500000,34.099998,1,115.000000,175.000000,209.403916,-0.989416,-56.689369
1568,detected,OK,542.000000,528.000000,0.841972,1,0,658.500000,704.500000,35.799999,1,116.500000,176.500000,211.481678,-0.987384,-56.572928
1569,detected,OK,544.000000,524.000000,0.841450,1,0,662.500000,698.500000,38.500000,1,118.500000,174.500000,210.932454,-0.974247,-55.820237
1570,detected,OK,545.500000,519.500000,0.900294,1,0,663.500000,695.500000,35.799999,1,118.000000,176.000000,211.896201,-0.980176,-56.159944
1571,detected,OK,546.500000,510.000000,0.869276,1,0,666.500000,681.500000,36.500000,1,120.000000,171.500000,209.313760,-0.960266,-55.019192
1572,detected,OK,546.500000,506.000000,0.870710,1,0,668.500000,680.500000,37.200001,1,122.000000,174.500000,212.918412,-0.960648,-55.041048
1573,detected,OK,547.000000,502.500000,0.869892,1,0,667.500000,676.500000,36.099998,1,120.500000,174.000000,211.651246,-0.965102,-55.296286
1574,detected,OK,544.500000,496.000000,0.866727,1,0,666.500000,668.500000,35.500000,1,122.000000,172.500000,211.282394,-0.955224,-54.730279
1575,detected,OK,544.000000,493.500000,0.870510,1,0,665.500000,664.500000,34.900002,1,121.500000,171.000000,209.769516,-0.953041,-54.605204
1576,detected,OK,542.000000,489.500000,0.873188,1,0,665.500000,658.500000,39.400002,1,123.500000,169.000000,209.316148,-0.939717,-53.841815
1577,detected,OK,542.000000,487.500000,0.873228,1,0,664.500000,658.500000,35.799999,1,122.500000,171.000000,210.350303,-0.949165,-54.383163
1578,detected,OK,542.000000,484.500000,0.869975,1,0,664.500000,652.500000,37.700001,1,122.500000,168.000000,207.918854,-0.940762,-53.901716
1579,detected,OK,542.000000,484.000000,0.840709,1,0,666.500000,654.500000,35.799999,1,124.500000,170.500000,211.117266,-0.940085,-53.862884
1580,detected,OK,543.000000,485.000000,0.833943,1,0,668.500000,654.500000,35.799999,1,125.500000,169.500000,210.904007,-0.933459,-53.483272
1581,detected,OK,544.000000,485.500000,0.871090,1,0,669.500000,653.500000,34.400002,1,125.500000,168.000000,209.700381,-0.929203,-53.239393
1582,detected,OK,544.000000,486.000000,0.837218,1,0,670.500000,653.500000,34.400002,1,126.500000,167.500000,209.901167,-0.923960,-52.939026
1583,detected,OK,544.000000,487.500000,0.869379,1,0,672.500000,654.500000,34.400002,1,128.500000,167.000000,210.716041,-0.914956,-52.423119
1584,detected,OK,542.500000,489.000000,0.860136,1,0,670.500000,654.500000,34.400002,1,128.000000,165.500000,209.222967,-0.912478,-52.281135
1585,detected,OK,541.500000,489.000000,0.863968,1,0,670.500000,653.500000,34.900002,1,129.000000,164.500000,209.048439,-0.905767,-51.896652
1586,detected,OK,540.000000,488.000000,0.835139,1,0,671.500000,653.500000,37.200001,1,131.500000,165.500000,211.382355,-0.899380,-51.530683
1587,detected,OK,540.000000,488.000000,0.835783,1,0,669.500000,654.500000,35.400002,1,129.500000,166.500000,210.932454,-0.909753,-52.125016
1588,detected,OK,538.500000,488.500000,0.897188,1,0,671.500000,653.500000,36.599998,1,133.000000,165.000000,211.929233,-0.892371,-51.129081
1589,detected,OK,538.000000,488.500000,0.868296,1,0,669.500000,649.500000,35.799999,1,131.500000,161.000000,207.877969,-0.885913,-50.759075
1590,detected,OK,538.000000,487.500000,0.868968,1,0,671.500000,649.500000,37.200001,1,133.500000,162.000000,209.919627,-0.881547,-50.508950
1591,detected,OK,538.000000,485.500000,0.873255,1,0,668.500000,646.500000,37.700001,1,130.500000,161.000000,207.246834,-0.889650,-50.973193
1592,detected,OK,538.000000,485.500000,0.870815,1,0,669.500000,646.500000,37.700001,1,131.500000,161.000000,207.877969,-0.885913,-50.759075
1593,detected,OK,538.000000,484.000000,0.838787,1,0,674.500000,646.500000,36.200001,1,136.500000,162.500000,212.222760,-0.872137,-49.969741
1594,detected,OK,538.000000,484.000000,0.838818,1,0,669.500000,643.500000,36.900002,1,131.500000,159.500000,206.718408,-0.881323,-50.496076
1595,detected,OK,538.000000,484.000000,0.840199,1,0,670.500000,642.500000,37.200001,1,132.500000,158.500000,206.587754,-0.874509,-50.105653
1596,detected,OK,538.000000,483.500000,0.867068,1,0,670.500000,640.500000,36.900002,1,132.500000,157.000000,205.439164,-0.869826,-49.837339
1597,detected,OK,537.000000,482.500000,0.870013,1,0,673.500000,639.500000,36.099998,1,136.500000,157.000000,208.041462,-0.855132,-48.995431
1598,detected,OK,538.000000,481.500000,0.868733,1,0,671.500000,638.500000,36.900002,1,133.500000,157.000000,206.085540,-0.866117,-49.624872
1599,detected,OK,538.500000,479.500000,0.900910,1,0,674.500000,636.500000,37.700001,1,136.000000,157.000000,207.713745,-0.856948,-49.099513
1600,detected,OK,538.500000,479.500000,0.897747,1,0,673.500000,635.500000,36.400002,1,135.000000,156.000000,206.303175,-0.857438,-49.127592
1601,detected,OK,538.500000,478.500000,0.896247,1,0,678.500000,637.500000,36.599998,1,140.000000,159.000000,211.851363,-0.848858,-48.635980
1602,detected,OK,540.000000,479.500000,0.870474,1,0,678.500000,635.500000,34.400002,1,138.500000,156.000000,208.610283,-0.844751,-48.400674
1603,detected,OK,540.000000,479.500000,0.870790,1,0,677.500000,636.500000,35.500000,1,137.500000,157.000000,208.698946,-0.851516,-48.788248
1604,detected,OK,539.500000,479.500000,0.899420,1,0,681.500000,635.500000,36.400002,1,142.000000,156.000000,210.950231,-0.832344,-47.689770
1605,detected,OK,539.500000,479.500000,0.899992,1,0,678.500000,636.500000,36.000000,1,139.000000,157.000000,209.690248,-0.846134,-48.479918
1606,detected,OK,539.500000,481.000000,0.863431,1,0,677.500000,634.500000,36.599998,1,138.000000,153.500000,206.412815,-0.838521,-48.043736
1607,detected,OK,540.000000,481.500000,0.870259,1,0,679.500000,634.500000,37.700001,1,139.500000,153.000000,207.048907,-0.831519,-47.642545
1608,detected,OK,540.000000,482.000000,0.838415,1,0,682.500000,633.500000,36.099998,1,142.500000,151.500000,207.986778,-0.816001,-46.753405
1609,detected,OK,540.000000,483.500000,0.865733,1,0,682.500000,635.500000,34.700001,1,142.500000,152.000000,208.351266,-0.817645,-46.847610
1610,detected,OK,540.000000,484.000000,0.842058,1,0,682.500000,637.500000,35.500000,1,142.500000,153.500000,209.448084,-0.822543,-47.128256
1611,detected,OK,540.000000,484.500000,0.864124,1,0,683.500000,637.500000,34.400002,1,143.500000,153.000000,209.764749,-0.817428,-46.835156
1612,detected,OK,540.000000,485.500000,0.863205,1,0,683.500000,637.500000,34.400002,1,143.500000,152.000000,209.036480,-0.814155,-46.647648
1613,detected,OK,540.000000,486.500000,0.865058,1,0,682.500000,636.500000,36.900002,1,142.500000,150.000000,206.896713,-0.811034,-46.468801
1614,detected,OK,539.000000,488.500000,0.862845,1,0,685.500000,639.500000,36.400002,1,146.500000,151.000000,210.388331,-0.800523,-45.866593
1615,detected,OK,538.500000,489.500000,0.900425,1,0,684.500000,639.500000,34.700001,1,146.000000,150.000000,209.322717,-0.798911,-45.774220
1616,detected,OK,538.000000,491.000000,0.887651,1,0,686.500000,640.500000,36.599998,1,148.500000,149.500000,210.719007,-0.788754,-45.192267
1617,detected,OK,538.000000,491.500000,0.862920,1,0,684.500000,637.500000,35.500000,1,146.500000,146.000000,206.829036,-0.783689,-44.902059
1618,detected,OK,538.000000,491.500000,0.868511,1,0,684.500000,637.500000,35.500000,1,146.500000,146.000000,206.829036,-0.783689,-44.902059
1619,detected,OK,538.000000,492.500000,0.867721,1,0,686.500000,641.500000,36.400002,1,148.500000,149.000000,210.364565,-0.787079,-45.096295
1620,detected,OK,538.000000,493.500000,0.867363,1,0,684.500000,640.500000,34.400002,1,146.500000,147.000000,207.536141,-0.787102,-45.097608
1621,detected,OK,538.000000,493.500000,0.871210,1,0,683.500000,639.500000,37.099998,1,145.500000,146.000000,206.121930,-0.787113,-45.098277
1622,detected,OK,536.500000,493.500000,0.900312,1,0,684.500000,641.500000,35.200001,1,148.000000,148.000000,209.303607,-0.785398,-45.000000
1623,detected,OK,537.500000,493.500000,0.898249,1,0,687.500000,639.500000,37.000000,1,150.000000,146.000000,209.322717,-0.771885,-44.225780
1624,detected,OK,537.500000,493.500000,0.898903,1,0,688.500000,639.500000,37.099998,1,151.000000,146.000000,210.040472,-0.768565,-44.035516
1625,detected,OK,537.500000,493.500000,0.900205,1,0,687.500000,638.500000,34.099998,1,150.000000,145.000000,208.626460,-0.768451,-44.028978
1626,detected,OK,537.000000,493.500000,0.866197,1,0,687.500000,636.500000,38.000000,1,150.500000,143.000000,207.603589,-0.759850,-43.536202
1627,detected,OK,537.000000,493.500000,0.865793,1,0,686.500000,638.500000,39.700001,1,149.500000,145.000000,208.267256,-0.770119,-44.124581
1628,detected,OK,536.500000,493.500000,0.901061,1,0,688.500000,636.500000,37.400002,1,152.000000,143.000000,208.693555,-0.754899,-43.252535
1629,detected,OK,536.000000,494.000000,0.840214,1,0,685.500000,635.500000,36.900002,1,149.500000,141.500000,205.845816,-0.757914,-43.425255
1630,detected,OK,536.000000,493.500000,0.868273,1,0,688.500000,634.500000,35.500000,1,152.500000,141.000000,207.695089,-0.746236,-42.756168
1631,detected,OK,535.500000,494.000000,0.871720,1,0,686.500000,634.500000,33.799999,1,151.000000,140.500000,206.255303,-0.749393,-42.937065
1632,detected,OK,535.500000,493.500000,0.900268,1,0,685.500000,632.500000,36.500000,1,150.000000,139.000000,204.501834,-0.747354,-42.820244
1633,detected,OK,535.500000,493.000000,0.867480,1,0,686.500000,632.500000,36.900002,1,151.000000,139.500000,205.575412,-0.745832,-42.733020
1634,detected,OK,535.000000,493.000000,0.841006,1,0,686.500000,630.500000,36.500000,1,151.500000,137.500000,204.593499,-0.736993,-42.226594
1635,detected,OK,535.500000,493.000000,0.870112,1,0,691.500000,632.500000,36.400002,1,156.000000,139.500000,209.275536,-0.729619,-41.804062
1636,lost,NO_R_CANDIDATE,,,,1,0,689.500000,633.500000,35.200001,0,,,,,
1637,detected,OK,534.500000,493.500000,0.898629,1,0,688.500000,630.500000,37.099998,1,154.000000,137.000000,206.118898,-0.727045,-41.656624
1638,detected,OK,534.500000,493.500000,0.898285,1,0,692.500000,630.500000,37.200001,1,158.000000,137.000000,209.124365,-0.714332,-40.928186
1639,detected,OK,534.500000,493.000000,0.864205,1,0,690.500000,630.500000,34.400002,1,156.000000,137.500000,207.947710,-0.722449,-41.393283
1640,detected,OK,534.500000,493.000000,0.859100,1,0,690.500000,630.500000,34.400002,1,156.000000,137.500000,207.947710,-0.722449,-41.393283
1641,detected,OK,534.000000,493.500000,0.866954,1,0,690.500000,630.500000,38.500000,1,156.500000,137.000000,207.993389,-0.719056,-41.198882
1642,detected,OK,534.000000,494.500000,0.864462,1,0,690.500000,630.500000,34.400002,1,156.500000,136.000000,207.336080,-0.715427,-40.990954
1643,detected,OK,533.000000,495.000000,0.891880,1,0,688.500000,628.500000,36.599998,1,155.500000,133.500000,204.945115,-0.709420,-40.646780
1644,detected,OK,533.000000,495.500000,0.866290,1,0,689.500000,628.500000,36.500000,1,156.500000,133.000000,205.380744,-0.704401,-40.359223
1645,detected,OK,533.000000,495.500000,0.867422,1,0,689.500000,627.500000,36.500000,1,156.500000,132.000000,204.734584,-0.700679,-40.145974
1646,detected,OK,533.000000,496.000000,0.836469,1,0,691.500000,629.500000,34.400002,1,158.500000,133.500000,207.230548,-0.699990,-40.106473
1647,detected,OK,532.000000,497.500000,0.865438,1,0,689.500000,629.500000,36.500000,1,157.500000,132.000000,205.500000,-0.697542,-39.966213
1648,detected,OK,531.500000,499.000000,0.859130,1,0,689.500000,629.500000,36.500000,1,158.000000,130.500000,204.924986,-0.690365,-39.554982
1649,detected,OK,530.000000,500.000000,0.836622,1,0,688.500000,630.500000,36.900002,1,158.500000,130.500000,205.310740,-0.688814,-39.466124
1650,detected,OK,529.500000,501.500000,0.898742,1,0,688.500000,630.500000,36.900002,1,159.000000,129.000000,204.748626,-0.681606,-39.053137
1651,detected,OK,528.000000,502.000000,0.838270,1,0,687.500000,633.500000,35.000000,1,159.500000,131.500000,206.718408,-0.689474,-39.503924
1652,detected,OK,527.000000,503.000000,0.830542,1,0,689.500000,632.500000,33.799999,1,162.500000,129.500000,207.789557,-0.672862,-38.552150
1653,detected,OK,526.500000,503.500000,0.900883,1,0,688.500000,631.500000,34.900002,1,162.000000,128.000000,206.465493,-0.668690,-38.313091
1654,detected,OK,524.500000,505.500000,0.894309,1,0,685.500000,631.500000,36.400002,1,161.000000,126.000000,204.443146,-0.664046,-38.047043
1655,detected,OK,524.500000,506.500000,0.891410,1,0,687.500000,634.500000,33.799999,1,163.000000,128.000000,207.251055,-0.665698,-38.141699
1656,detected,OK,524.000000,508.000000,0.834899,1,0,689.500000,635.500000,36.299999,1,165.500000,127.500000,208.917448,-0.656425,-37.610395
1657,detected,OK,524.000000,509.500000,0.832823,0,-1,,,,0,,,,,
1658,detected,OK,522.500000,511.000000,0.823705,0,-1,,,,0,,,,,
1659,detected,OK,522.500000,511.500000,0.867778,0,-1,,,,0,,,,,
1660,detected,OK,522.000000,511.500000,0.826996,0,-1,,,,0,,,,,
1661,detected,OK,522.000000,511.500000,0.830402,0,-1,,,,0,,,,,
1662,detected,OK,522.000000,511.500000,0.830065,0,-1,,,,0,,,,,
1663,detected,OK,522.000000,511.500000,0.837819,0,-1,,,,0,,,,,
1664,detected,OK,522.000000,511.000000,0.868060,0,-1,,,,0,,,,,
1665,detected,OK,522.000000,511.000000,0.868588,0,-1,,,,0,,,,,
1666,detected,OK,522.000000,510.500000,0.834354,0,-1,,,,0,,,,,
1667,detected,OK,522.000000,510.500000,0.836859,0,-1,,,,0,,,,,
1668,detected,OK,522.000000,511.000000,0.870779,0,-1,,,,0,,,,,
1669,detected,OK,522.000000,511.000000,0.871303,0,-1,,,,0,,,,,
1670,detected,OK,522.000000,510.500000,0.838654,0,-1,,,,0,,,,,
1671,detected,OK,522.000000,510.000000,0.803843,0,-1,,,,0,,,,,
1672,detected,OK,522.000000,509.500000,0.846269,0,-1,,,,0,,,,,
1673,detected,OK,522.000000,509.500000,0.844229,0,-1,,,,0,,,,,
1674,detected,OK,522.500000,510.000000,0.841700,0,-1,,,,0,,,,,
1675,detected,OK,522.500000,511.000000,0.837438,0,-1,,,,0,,,,,
1676,detected,OK,522.500000,510.000000,0.841262,0,-1,,,,0,,,,,
1677,detected,OK,523.000000,509.500000,0.847003,0,-1,,,,0,,,,,
1678,detected,OK,524.000000,509.500000,0.844416,0,-1,,,,0,,,,,
1679,detected,OK,524.000000,509.000000,0.875350,0,-1,,,,0,,,,,
1680,detected,OK,524.500000,508.000000,0.839048,0,-1,,,,0,,,,,
1681,detected,OK,524.500000,509.000000,0.871511,2,0,701.500000,610.500000,37.700001,1,177.000000,101.500000,204.037374,-0.520666,-29.831957
1681,detected,OK,524.500000,509.000000,0.871511,2,1,435.500000,361.500000,36.299999,1,-89.000000,-147.500000,172.270862,2.113705,121.106354
1682,detected,OK,524.500000,509.500000,0.904570,2,0,701.500000,611.500000,34.599998,1,177.000000,102.000000,204.286563,-0.522789,-29.953608
1682,detected,OK,524.500000,509.500000,0.904570,2,1,428.500000,364.500000,33.599998,1,-96.000000,-145.000000,173.899396,2.155609,123.507306
1683,detected,OK,525.000000,509.500000,0.877206,2,0,704.500000,607.500000,35.099998,1,179.500000,98.000000,204.509780,-0.499737,-28.632819
1683,detected,OK,525.000000,509.500000,0.877206,2,1,432.500000,366.500000,35.799999,1,-92.500000,-143.000000,170.309277,2.144956,122.896936
1684,detected,OK,525.000000,509.500000,0.874697,2,0,704.500000,606.500000,35.099998,1,179.500000,97.000000,204.032473,-0.495435,-28.386343
1684,detected,OK,525.000000,509.500000,0.874697,2,1,429.500000,368.500000,33.799999,1,-95.500000,-141.000000,170.297534,2.166128,124.109980
1685,detected,OK,525.000000,509.500000,0.872802,2,0,703.500000,607.500000,38.400002,1,178.500000,98.000000,203.632635,-0.502090,-28.767649
1685,detected,OK,525.000000,509.500000,0.872802,2,1,429.500000,367.500000,32.200001,1,-95.500000,-142.000000,171.126415,2.162851,123.922221
1686,detected,OK,525.500000,508.500000,0.902393,2,0,704.500000,603.500000,37.000000,1,179.000000,95.000000,202.647477,-0.487925,-27.956066
1686,detected,OK,525.500000,508.500000,0.902393,2,1,427.500000,369.500000,33.799999,1,-98.000000,-139.000000,170.073514,2.184894,125.185213
1687,detected,OK,526.500000,511.500000,0.908500,2,0,709.500000,606.500000,36.400002,1,183.000000,95.000000,206.189233,-0.478831,-27.434985
1687,detected,OK,526.500000,511.500000,0.908500,2,1,429.500000,370.500000,33.799999,1,-97.000000,-141.000000,171.143215,2.173385,124.525765
1688,detected,OK,526.000000,517.500000,0.878793,2,0,708.500000,612.500000,36.400002,1,182.500000,95.000000,205.745595,-0.479951,-27.499139
1688,detected,OK,526.000000,517.500000,0.878793,2,1,425.500000,373.500000,34.400002,1,-100.500000,-144.000000,175.602534,2.180123,124.911830
1689,detected,OK,524.000000,525.500000,0.876470,2,0,706.500000,616.500000,35.000000,1,182.500000,91.000000,203.929522,-0.462551,-26.502227
1689,detected,OK,524.000000,525.500000,0.876470,2,1,419.500000,384.500000,33.799999,1,-104.500000,-141.000000,175.502849,2.208599,126.543430
1690,detected,OK,522.000000,542.000000,0.849679,2,0,703.500000,632.500000,33.799999,1,181.500000,90.500000,202.811489,-0.462545,-26.501881
1690,detected,OK,522.000000,542.000000,0.849679,2,1,417.500000,400.500000,35.799999,1,-104.500000,-141.500000,175.904804,2.206907,126.446457
1691,detected,OK,519.000000,551.500000,0.877548,2,0,701.500000,640.500000,33.799999,1,182.500000,89.000000,203.044946,-0.453736,-25.997160
1691,detected,OK,519.000000,551.500000,0.877548,2,1,418.500000,412.500000,33.799999,1,-100.500000,-139.000000,171.526237,2.196807,125.867741
1692,detected,OK,516.500000,560.000000,0.876023,2,0,700.500000,647.500000,35.000000,1,184.000000,87.500000,203.745552,-0.443892,-25.433119
1692,detected,OK,516.500000,560.000000,0.876023,2,1,412.500000,423.500000,32.200001,1,-104.000000,-136.500000,171.604924,2.221873,127.303948
1693,detected,OK,515.500000,575.500000,0.904537,2,0,696.500000,661.500000,36.299999,1,181.000000,86.000000,200.392116,-0.443561,-25.414175
1693,detected,OK,515.500000,575.500000,0.904537,2,1,407.500000,439.500000,32.700001,1,-108.000000,-136.000000,173.666347,2.241940,128.453709
1694,detected,OK,514.500000,581.500000,0.904056,2,0,699.500000,668.500000,36.599998,1,185.000000,87.000000,204.435809,-0.439582,-25.186207
1694,detected,OK,514.500000,581.500000,0.904056,2,1,407.500000,446.500000,32.400002,1,-107.000000,-135.000000,172.261429,2.241004,128.400083
1695,detected,OK,512.500000,587.500000,0.902735,2,0,697.500000,670.500000,34.900002,1,185.000000,83.000000,202.765875,-0.421730,-24.163325
1695,detected,OK,512.500000,587.500000,0.902735,2,1,403.500000,447.500000,33.799999,1,-109.000000,-140.000000,177.428859,2.232334,127.903306
1696,detected,OK,512.000000,593.000000,0.841096,2,0,696.500000,674.500000,35.700001,1,184.500000,81.500000,201.699033,-0.415959,-23.832698
1696,detected,OK,512.000000,593.000000,0.841096,2,1,403.500000,458.500000,31.900000,1,-108.500000,-134.500000,172.807697,2.249604,128.892822
1697,detected,OK,510.500000,603.000000,0.865863,2,0,696.500000,682.500000,35.099998,1,186.000000,79.500000,202.277656,-0.403918,-23.142801
1697,detected,OK,510.500000,603.000000,0.865863,2,1,404.500000,468.500000,32.200001,1,-106.000000,-134.500000,171.249088,2.238241,128.241789
1698,detected,OK,508.500000,609.000000,0.866745,2,0,692.500000,687.500000,35.799999,1,184.000000,78.500000,200.045620,-0.403251,-23.104571
1698,detected,OK,508.500000,609.000000,0.866745,2,1,398.500000,475.500000,34.099998,1,-110.000000,-133.500000,172.980490,2.259983,129.487500
1699,detected,OK,508.500000,610.000000,0.872706,2,0,694.500000,687.500000,36.599998,1,186.000000,77.500000,201.500000,-0.394791,-22.619865
1699,detected,OK,508.500000,610.000000,0.872706,2,1,396.500000,476.500000,33.799999,1,-112.000000,-133.500000,174.259146,2.268841,129.995013
1700,detected,OK,508.500000,610.000000,0.870090,2,0,695.500000,687.500000,33.500000,1,187.000000,77.500000,202.423442,-0.392891,-22.511000
1700,detected,OK,508.500000,610.000000,0.870090,2,1,393.500000,481.500000,34.400002,1,-115.000000,-128.500000,172.444919,2.300810,131.826686
1701,detected,OK,508.500000,609.500000,0.902303,2,0,694.500000,682.500000,36.500000,1,186.000000,73.000000,199.812412,-0.374001,-21.428673
1701,detected,OK,508.500000,609.500000,0.902303,2,1,390.500000,482.500000,35.200001,1,-118.000000,-127.000000,173.358011,2.319476,132.896203
1702,detected,OK,508.000000,607.500000,0.872671,2,0,696.500000,679.500000,34.599998,1,188.500000,72.000000,201.782680,-0.364861,-20.905000
1702,detected,OK,508.000000,607.500000,0.872671,2,1,389.500000,471.500000,36.000000,1,-118.500000,-136.000000,180.383619,2.287540,131.066404
1703,detected,OK,508.000000,606.000000,0.840683,2,0,694.500000,676.500000,36.599998,1,186.500000,70.500000,199.380290,-0.361412,-20.707399
1703,detected,OK,508.000000,606.000000,0.840683,2,1,387.500000,473.500000,33.299999,1,-120.500000,-132.500000,179.099135,2.308799,132.284449
1704,detected,OK,508.000000,603.500000,0.870996,2,0,695.500000,675.500000,34.900002,1,187.500000,72.000000,200.848824,-0.366638,-21.006789
1704,detected,OK,508.000000,603.500000,0.870996,2,1,381.500000,474.500000,33.299999,1,-126.500000,-129.000000,180.674431,2.346410,134.439394
1705,detected,OK,508.000000,602.000000,0.843064,2,0,695.500000,669.500000,36.099998,1,187.500000,67.500000,199.279954,-0.345556,-19.798876
1705,detected,OK,508.000000,602.000000,0.843064,2,1,385.500000,477.500000,33.599998,1,-122.500000,-124.500000,174.661100,2.348098,134.536077
1706,detected,OK,508.000000,601.500000,0.872029,2,0,695.500000,667.500000,36.099998,1,187.500000,66.000000,198.776885,-0.338455,-19.392069
1706,detected,OK,508.000000,601.500000,0.872029,2,1,388.500000,474.500000,33.299999,1,-119.500000,-127.000000,174.382482,2.325778,133.257258
1707,detected,OK,508.000000,600.000000,0.840045,2,0,699.500000,665.500000,36.200001,1,191.500000,65.500000,202.391946,-0.329563,-18.882563
1707,detected,OK,508.000000,600.000000,0.840045,2,1,386.500000,474.500000,33.299999,1,-121.500000,-125.500000,174.678276,2.340002,134.072214
1708,detected,OK,508.500000,600.000000,0.872604,2,0,697.500000,662.500000,36.099998,1,189.000000,62.500000,199.065944,-0.319368,-18.298422
1708,detected,OK,508.500000,600.000000,0.872604,2,1,386.500000,475.500000,33.000000,1,-122.000000,-124.500000,174.310786,2.346053,134.418927
1709,detected,OK,509.000000,600.000000,0.898841,2,0,700.500000,660.500000,35.099998,1,191.500000,60.500000,200.829530,-0.306004,-17.532728
1709,detected,OK,509.000000,600.000000,0.898841,2,1,384.500000,476.500000,33.799999,1,-124.500000,-123.500000,175.363907,2.360227,135.231030
1710,detected,OK,510.500000,600.500000,0.899609,2,0,700.500000,660.500000,37.900002,1,190.000000,60.000000,199.248588,-0.305879,-17.525568
1710,detected,OK,510.500000,600.500000,0.899609,2,1,379.500000,476.500000,33.799999,1,-131.000000,-124.000000,180.380154,2.383639,136.572430
1711,detected,OK,510.500000,601.500000,0.904189,2,0,702.500000,657.500000,34.700001,1,192.000000,56.000000,200.000000,-0.283794,-16.260205
1711,detected,OK,510.500000,601.500000,0.904189,2,1,382.500000,480.500000,33.799999,1,-128.000000,-121.000000,176.139150,2.384300,136.610301
1712,detected,OK,510.500000,602.500000,0.901698,2,0,703.500000,657.500000,35.099998,1,193.000000,55.000000,200.683831,-0.277615,-15.906179
1712,detected,OK,510.500000,602.500000,0.901698,2,1,372.500000,482.500000,33.599998,1,-138.000000,-120.000000,182.877008,2.425849,138.990913
1713,detected,OK,510.000000,605.000000,0.842486,2,0,701.500000,656.500000,37.200001,1,191.500000,51.500000,198.304059,-0.262714,-15.052392
1713,detected,OK,510.000000,605.000000,0.842486,2,1,376.500000,486.500000,35.200001,1,-133.500000,-118.500000,178.506302,2.415648,138.406444
1714,detected,OK,509.500000,606.500000,0.900284,2,0,701.500000,660.500000,33.799999,1,192.000000,54.000000,199.449242,-0.274167,-15.708638
1714,detected,OK,509.500000,606.500000,0.900284,2,1,370.500000,490.500000,35.799999,1,-139.000000,-116.000000,181.044193,2.446147,140.153909
1715,detected,OK,510.000000,611.500000,0.870544,2,0,705.500000,659.500000,36.500000,1,195.500000,48.000000,201.306359,-0.240762,-13.794636
1715,detected,OK,510.000000,611.500000,0.870544,2,1,370.500000,499.500000,35.200001,1,-139.500000,-112.000000,178.897317,2.465106,141.240156
1716,detected,OK,510.000000,613.500000,0.869447,2,0,699.500000,660.500000,35.500000,1,189.500000,47.000000,195.241517,-0.243115,-13.929481
1716,detected,OK,510.000000,613.500000,0.869447,2,1,372.500000,498.500000,35.500000,1,-137.500000,-115.000000,179.251918,2.445069,140.092115
1717,detected,OK,510.000000,616.000000,0.841672,2,0,700.500000,661.500000,35.500000,1,190.500000,45.500000,195.858367,-0.234453,-13.433152
1717,detected,OK,510.000000,616.000000,0.841672,2,1,364.500000,502.500000,33.799999,1,-145.500000,-113.500000,184.533195,2.479124,142.043321
1718,detected,OK,510.000000,624.000000,0.843321,2,0,703.500000,666.500000,34.200001,1,193.500000,42.500000,198.112342,-0.216205,-12.387647
1718,detected,OK,510.000000,624.000000,0.843321,2,1,369.500000,510.500000,36.000000,1,-140.500000,-113.500000,180.616998,2.462096,141.067711
1719,detected,OK,510.000000,627.500000,0.871597,2,0,704.500000,668.500000,34.400002,1,194.500000,41.000000,198.774370,-0.207755,-11.903503
1719,detected,OK,510.000000,627.500000,0.871597,2,1,370.500000,516.500000,33.799999,1,-139.500000,-111.000000,178.272965,2.469480,141.490772
1720,detected,OK,510.000000,631.500000,0.875149,2,0,703.500000,673.500000,32.500000,1,193.500000,42.000000,198.005682,-0.213739,-12.246333
1720,detected,OK,510.000000,631.500000,0.875149,2,1,364.500000,526.500000,36.000000,1,-145.500000,-105.000000,179.430349,2.516484,144.183919
1721,detected,OK,508.500000,641.500000,0.902422,2,0,701.500000,680.500000,34.200001,1,193.000000,39.000000,196.900990,-0.199388,-11.424067
1721,detected,OK,508.500000,641.500000,0.902422,2,1,356.500000,532.500000,33.700001,1,-152.000000,-109.000000,187.042776,2.519479,144.355494
1722,detected,OK,508.500000,649.500000,0.901079,2,0,702.500000,682.500000,34.700001,1,194.000000,33.000000,196.786687,-0.168490,-9.653786
1722,detected,OK,508.500000,649.500000,0.901079,2,1,358.500000,538.500000,35.799999,1,-150.000000,-111.000000,186.603858,2.504522,143.498559
1723,detected,OK,507.500000,652.500000,0.900991,2,0,699.500000,685.500000,35.299999,1,192.000000,33.000000,194.815297,-0.170212,-9.752425
1723,detected,OK,507.500000,652.500000,0.900991,2,1,356.500000,544.500000,34.900002,1,-151.000000,-108.000000,185.647515,2.520717,144.426445
1724,detected,OK,507.000000,656.000000,0.902508,2,0,350.500000,552.500000,33.799999,1,-156.500000,-103.500000,187.628623,2.557286,146.521668
1724,detected,OK,507.000000,656.000000,0.902508,2,1,698.500000,686.500000,35.400002,1,191.500000,30.500000,193.913641,-0.157942,-9.049431
1725,detected,OK,508.500000,661.000000,0.869405,2,0,704.500000,690.500000,35.500000,1,196.000000,29.500000,198.207593,-0.149389,-8.559353
1725,detected,OK,508.500000,661.000000,0.869405,2,1,354.500000,564.500000,36.200001,1,-154.000000,-96.500000,181.736760,2.581827,147.927780
1726,detected,OK,508.500000,663.000000,0.870352,2,0,703.500000,689.500000,34.299999,1,195.000000,26.500000,196.792403,-0.135070,-7.738941
1726,detected,OK,508.500000,663.000000,0.870352,2,1,357.500000,561.500000,34.299999,1,-151.000000,-101.500000,181.942986,2.549779,146.091581
1727,detected,OK,508.500000,665.000000,0.870221,2,0,702.500000,692.500000,33.799999,1,194.000000,27.500000,195.939404,-0.140814,-8.068072
1727,detected,OK,508.500000,665.000000,0.870221,2,1,351.500000,563.500000,33.599998,1,-157.000000,-101.500000,186.952534,2.567684,147.117460
1728,detected,OK,510.500000,669.500000,0.901472,2,0,705.500000,690.500000,34.599998,1,195.000000,21.000000,196.127510,-0.107279,-6.146626
1728,detected,OK,510.500000,669.500000,0.901472,2,1,357.500000,571.500000,33.799999,1,-153.000000,-98.000000,181.694799,2.571909,147.359509
1729,detected,OK,511.500000,671.500000,0.901119,2,0,705.500000,690.500000,34.700001,1,194.000000,19.000000,194.928192,-0.097627,-5.593603
1729,detected,OK,511.500000,671.500000,0.901119,2,1,351.500000,570.500000,35.799999,1,-160.000000,-101.000000,189.211522,2.578512,147.737831
1730,detected,OK,511.000000,675.500000,0.870130,2,0,707.500000,693.500000,35.099998,1,196.500000,18.000000,197.322705,-0.091348,-5.233862
1730,detected,OK,511.000000,675.500000,0.870130,2,1,350.500000,586.500000,36.000000,1,-160.500000,-89.000000,183.524522,2.635288,150.990881
1731,detected,OK,511.500000,677.000000,0.863904,2,0,703.500000,694.500000,33.799999,1,192.000000,17.500000,192.795877,-0.090895,-5.207882
1731,detected,OK,511.500000,677.000000,0.863904,2,1,348.500000,586.500000,33.000000,1,-163.000000,-90.500000,186.438328,2.634755,150.960321
1732,detected,OK,512.500000,679.500000,0.902797,2,0,707.500000,691.500000,34.299999,1,195.000000,12.000000,195.368882,-0.061461,-3.521453
1732,detected,OK,512.500000,679.500000,0.902797,2,1,351.500000,588.500000,35.500000,1,-161.000000,-91.000000,184.937827,2.627141,150.524111
1733,detected,OK,512.500000,682.000000,0.865616,2,0,704.500000,693.500000,35.799999,1,192.000000,11.500000,192.344093,-0.059824,-3.427683
1733,detected,OK,512.500000,682.000000,0.865616,2,1,348.500000,592.500000,36.299999,1,-164.000000,-89.500000,186.832144,2.642032,151.377303
1734,detected,OK,514.000000,687.500000,0.871594,1,0,347.500000,606.500000,36.099998,1,-166.500000,-81.000000,185.157366,2.688814,154.057705
1735,detected,OK,516.000000,689.500000,0.870932,2,0,706.500000,694.500000,34.900002,1,190.500000,5.000000,190.565606,-0.026241,-1.503481
1735,detected,OK,516.000000,689.500000,0.870932,2,1,349.500000,604.500000,35.500000,1,-166.500000,-85.000000,186.941836,2.669572,152.955211
1736,detected,OK,516.000000,692.000000,0.841710,2,0,711.500000,697.500000,34.400002,1,195.500000,5.500000,195.577350,-0.028126,-1.611477
1736,detected,OK,516.000000,692.000000,0.841710,2,1,347.500000,611.500000,36.900002,1,-168.500000,-80.500000,186.741800,2.695907,154.464104
1737,detected,OK,516.500000,693.500000,0.902870,2,0,707.500000,696.500000,33.799999,1,191.000000,3.000000,191.023559,-0.015706,-0.899860
1737,detected,OK,516.500000,693.500000,0.902870,2,1,345.500000,614.500000,33.799999,1,-171.000000,-79.000000,188.366664,2.708814,155.203615
1738,detected,OK,522.500000,691.500000,0.909437,2,0,716.500000,692.500000,34.400002,1,194.000000,1.000000,194.002577,-0.005155,-0.295336
1738,detected,OK,522.500000,691.500000,0.909437,2,1,352.500000,613.500000,34.400002,1,-170.000000,-78.000000,187.040103,2.711425,155.353229
1739,detected,OK,582.500000,663.500000,0.802500,1,0,404.500000,592.500000,34.400002,1,-178.000000,-71.000000,191.637679,2.762055,158.254110
1740,detected,OK,619.500000,647.000000,0.818976,1,0,445.500000,578.500000,30.799999,1,-174.000000,-68.500000,186.997995,2.766548,158.511524
1741,detected,OK,657.000000,635.500000,0.828120,1,0,479.500000,573.500000,34.400002,1,-177.500000,-62.000000,188.016622,2.805545,160.745907
1742,detected,OK,739.500000,611.500000,0.863556,1,0,559.500000,550.500000,33.500000,1,-180.000000,-61.000000,190.055255,2.814850,161.279051
1743,detected,OK,781.500000,596.500000,0.862292,1,0,603.500000,544.500000,35.799999,1,-178.000000,-52.000000,185.440017,2.857367,163.715078
1744,detected,OK,851.500000,571.000000,0.820206,1,0,666.500000,520.500000,35.299999,1,-185.000000,-50.500000,191.768741,2.875112,164.731779
1745,detected,OK,879.500000,563.000000,0.819584,1,0,694.500000,512.500000,33.500000,1,-185.000000,-50.500000,191.768741,2.875112,164.731779
1746,detected,OK,931.000000,546.500000,0.884648,1,0,743.500000,500.500000,33.799999,1,-187.500000,-46.000000,193.060224,2.901011,166.215684
1747,detected,OK,948.500000,537.500000,0.913601,1,0,763.500000,493.500000,35.200001,1,-185.000000,-44.000000,190.160459,2.908093,166.621460
1748,detected,OK,964.500000,527.000000,0.874430,1,0,778.500000,486.500000,35.000000,1,-186.000000,-40.500000,190.358215,2.927197,167.716045
1749,detected,OK,970.000000,523.500000,0.879570,1,0,781.500000,485.500000,36.000000,1,-188.500000,-38.000000,192.292096,2.942667,168.602415
1750,detected,OK,972.000000,519.500000,0.880601,1,0,777.500000,487.500000,34.599998,1,-194.500000,-32.000000,197.114814,2.978529,170.657143
1751,detected,OK,964.500000,521.500000,0.912251,1,0,775.500000,490.500000,35.900002,1,-189.000000,-31.000000,191.525455,2.979019,170.685220
1752,detected,OK,958.000000,525.000000,0.908021,1,0,767.500000,494.500000,35.900002,1,-190.500000,-30.500000,192.926152,2.982835,170.903858
1753,detected,OK,952.500000,527.500000,0.911038,1,0,757.500000,499.500000,34.900002,1,-195.000000,-28.000000,197.000000,2.998978,171.828766
1754,detected,OK,941.000000,532.500000,0.874879,1,0,750.500000,507.500000,35.500000,1,-190.500000,-25.000000,192.133417,3.011105,172.523594
1755,detected,OK,932.500000,535.500000,0.907156,1,0,741.500000,511.500000,35.500000,1,-191.000000,-24.000000,192.501948,3.016593,172.838066
1756,detected,OK,920.500000,540.500000,0.905658,2,0,727.500000,519.500000,35.799999,1,-193.000000,-21.000000,194.139125,3.033211,173.790174
1756,detected,OK,920.500000,540.500000,0.905658,2,1,1097.500000,479.500000,36.599998,1,177.000000,-61.000000,187.216452,0.331885,19.015629
1757,detected,OK,915.000000,543.500000,0.878780,1,0,717.500000,525.500000,34.599998,1,-197.500000,-18.000000,198.318557,3.050705,174.792493
1758,detected,OK,903.000000,548.500000,0.873797,1,0,707.500000,535.500000,33.799999,1,-195.500000,-13.000000,195.931748,3.075194,176.195651
1759,detected,OK,899.000000,547.500000,0.875194,1,0,703.500000,531.500000,33.799999,1,-195.500000,-16.000000,196.153639,3.059933,175.321259
1760,detected,OK,894.500000,545.000000,0.866247,1,0,699.500000,537.500000,33.799999,1,-195.000000,-7.500000,195.144177,3.103150,177.797402
1761,detected,OK,892.000000,545.000000,0.900615,1,0,692.500000,537.500000,35.500000,1,-199.500000,-7.500000,199.640928,3.104016,177.847037
1762,detected,OK,890.000000,541.000000,0.900922,1,0,690.500000,537.500000,35.500000,1,-199.500000,-3.500000,199.530699,3.124051,178.994914
1763,detected,OK,890.000000,537.000000,0.900818,1,0,693.500000,537.500000,33.799999,1,-196.500000,0.500000,196.500636,-3.139048,-179.854210
1764,detected,OK,890.000000,529.500000,0.874196,1,0,689.500000,532.500000,35.400002,1,-200.500000,3.000000,200.522443,-3.126631,-179.142771
1765,detected,OK,890.500000,525.500000,0.900536,1,0,690.500000,529.500000,35.500000,1,-200.000000,4.000000,200.039996,-3.121595,-178.854237
1766,detected,OK,892.000000,522.000000,0.892157,1,0,690.500000,528.500000,35.400002,1,-201.500000,6.500000,201.604811,-3.109346,-178.152390
1767,detected,OK,894.000000,513.500000,0.868458,1,0,693.500000,524.500000,36.299999,1,-200.500000,11.000000,200.801519,-3.086785,-176.859739
1768,detected,OK,895.000000,509.500000,0.868107,1,0,693.500000,520.500000,35.200001,1,-201.500000,11.000000,201.800025,-3.087056,-176.875292
1769,detected,OK,896.000000,505.000000,0.899212,1,0,697.500000,520.500000,34.599998,1,-198.500000,15.500000,199.104244,-3.063665,-175.535082
1770,detected,OK,894.500000,497.500000,0.905422,1,0,695.500000,517.500000,34.400002,1,-199.000000,20.000000,200.002500,-3.041426,-174.260902
1771,detected,OK,892.000000,488.500000,0.866807,1,0,689.500000,510.500000,35.400002,1,-202.500000,22.000000,203.691556,-3.033375,-173.799592
1772,detected,OK,890.000000,483.500000,0.869992,1,0,687.500000,507.500000,35.299999,1,-202.500000,24.000000,203.917263,-3.023624,-173.240919
1773,detected,OK,888.000000,479.000000,0.894432,1,0,688.500000,502.500000,34.700001,1,-199.500000,23.500000,200.879317,-3.024338,-173.281832
1774,detected,OK,885.000000,472.000000,0.890965,1,0,686.500000,502.500000,38.000000,1,-198.500000,30.500000,200.829530,-2.989133,-171.264683
1775,detected,OK,883.500000,469.500000,0.836993,1,0,684.500000,500.500000,33.000000,1,-199.000000,31.000000,201.400099,-2.987056,-171.145692
1776,detected,OK,880.500000,463.000000,0.861103,1,0,681.500000,495.500000,35.799999,1,-199.000000,32.500000,201.636430,-2.979705,-170.724537
1777,detected,OK,879.000000,461.000000,0.893052,1,0,680.500000,500.500000,34.400002,1,-198.500000,39.500000,202.391946,-2.945166,-168.745587
1778,detected,OK,877.000000,460.000000,0.890613,1,0,678.500000,499.500000,37.599998,1,-198.500000,39.500000,202.391946,-2.945166,-168.745587
1779,detected,OK,874.000000,457.500000,0.868643,1,0,676.500000,502.500000,34.200001,1,-197.500000,45.000000,202.561719,-2.917569,-167.164391
1780,detected,OK,872.000000,456.500000,0.864222,1,0,674.500000,502.500000,37.700001,1,-197.500000,46.000000,202.786217,-2.912761,-166.888907
1781,detected,OK,870.000000,455.500000,0.871305,1,0,672.500000,500.500000,35.200001,1,-197.500000,45.000000,202.561719,-2.917569,-167.164391
1782,detected,OK,867.000000,453.500000,0.867675,1,0,671.500000,507.500000,34.400002,1,-195.500000,54.000000,202.820734,-2.872097,-164.559058
1783,detected,OK,864.000000,451.500000,0.868813,1,0,668.500000,508.500000,38.000000,1,-195.500000,57.000000,203.640001,-2.857897,-163.745422
1784,detected,OK,863.000000,451.000000,0.896879,1,0,666.500000,508.500000,37.299999,1,-196.500000,57.500000,204.740079,-2.856919,-163.689423
1785,detected,OK,860.000000,449.500000,0.869912,1,0,665.500000,514.500000,35.500000,1,-194.500000,65.000000,205.073767,-2.819071,-161.520876
1786,detected,OK,858.500000,449.000000,0.864744,1,0,664.500000,514.500000,34.900002,1,-194.000000,65.500000,204.759005,-2.815981,-161.343833
1787,detected,OK,857.000000,447.500000,0.869373,1,0,662.500000,513.500000,37.400002,1,-194.500000,66.000000,205.392916,-2.814453,-161.256301
1788,detected,OK,854.500000,443.500000,0.901491,1,0,662.500000,513.500000,37.799999,1,-192.000000,70.000000,204.362423,-2.791986,-159.968987
1789,detected,OK,853.000000,441.000000,0.897001,1,0,660.500000,512.500000,37.900002,1,-192.500000,71.500000,205.349702,-2.785957,-159.623565
1790,detected,OK,850.000000,435.500000,0.872983,1,0,656.500000,511.500000,36.200001,1,-193.500000,76.000000,207.889995,-2.767339,-158.556844
1791,detected,OK,848.000000,433.000000,0.900181,1,0,658.500000,510.500000,33.000000,1,-189.500000,77.500000,204.735195,-2.753377,-157.756863
1792,detected,OK,846.000000,431.000000,0.898308,1,0,652.500000,510.500000,35.799999,1,-193.500000,79.500000,209.194885,-2.751766,-157.664557
1793,detected,OK,840.500000,427.500000,0.905384,1,0,651.500000,511.500000,37.299999,1,-189.000000,84.000000,206.826014,-2.723368,-156.037511
1794,detected,OK,836.000000,424.500000,0.872933,1,0,649.500000,514.500000,35.200001,1,-186.500000,90.000000,207.080298,-2.691983,-154.239264
1795,detected,OK,832.500000,423.000000,0.868862,1,0,646.500000,512.500000,33.700001,1,-186.000000,89.500000,206.412815,-2.693112,-154.303941
1796,detected,OK,827.000000,421.000000,0.897874,1,0,642.500000,514.500000,33.799999,1,-184.500000,93.500000,206.839310,-2.672540,-153.125245
1797,detected,OK,824.000000,419.500000,0.874645,1,0,643.500000,513.500000,36.599998,1,-180.500000,94.000000,203.509828,-2.661463,-152.490598
1798,detected,OK,822.000000,418.000000,0.847382,1,0,639.500000,515.500000,37.900002,1,-182.500000,97.500000,206.911817,-2.650925,-151.886791
1799,detected,OK,816.000000,415.500000,0.879349,1,0,636.500000,517.500000,33.000000,1,-179.500000,102.000000,206.456412,-2.624850,-150.392807
