frame,video_time_s,r_state,r_reason,valid_candidates,target_id,track_state,event,reason,lost_frames,lock_active,selected_index,r_x,r_y,target_x,target_y,target_radius,dx_img,dy_img,distance_px,angle_rad,angle_deg,angle_error_deg
0,0.000000,detected,OK,2,1,detected,ACQUIRED,NEW_TRACK_SEGMENT,0,1,0,790.000000,757.500000,640.500000,908.500000,40.200001,-149.500000,151.000000,212.488235,-2.351203,-134.714000,
1,0.033333,detected,OK,2,1,detected,TRACKED,MATCHED_EXISTING_ID,0,1,0,792.000000,754.000000,646.500000,906.500000,38.000000,-145.500000,152.500000,210.775947,-2.332709,-133.654373,1.059627
2,0.066667,detected,OK,2,1,detected,TRACKED,MATCHED_EXISTING_ID,0,1,0,793.000000,751.500000,648.500000,906.500000,39.400002,-144.500000,155.000000,211.908589,-2.321150,-132.992122,0.397375
3,0.100000,detected,OK,2,1,detected,TRACKED,MATCHED_EXISTING_ID,0,1,0,807.000000,741.500000,683.500000,914.500000,38.000000,-123.500000,173.000000,212.558815,-2.190772,-125.522010,6.569435
4,0.133333,detected,OK,2,1,detected,TRACKED,MATCHED_EXISTING_ID,0,1,1,808.000000,743.500000,684.500000,918.500000,35.299999,-123.500000,175.000000,214.189752,-2.185347,-125.211165,3.029561
5,0.166667,detected,OK,2,1,detected,TRACKED,MATCHED_EXISTING_ID,0,1,1,808.000000,743.500000,687.500000,921.500000,37.099998,-120.500000,178.000000,214.951739,-2.165896,-124.096676,1.014092
6,0.200000,detected,OK,2,1,detected,TRACKED,MATCHED_EXISTING_ID,0,1,0,816.500000,743.500000,700.500000,925.500000,38.000000,-116.000000,182.000000,215.824002,-2.138236,-122.511914,0.138183
7,0.233333,detected,OK,2,1,detected,TRACKED,MATCHED_EXISTING_ID,0,1,0,819.000000,743.000000,707.500000,926.500000,39.599998,-111.500000,183.500000,214.719585,-2.116807,-121.284097,0.439854
8,0.266667,detected,OK,2,1,detected,TRACKED,MATCHED_EXISTING_ID,0,1,0,821.500000,743.000000,711.500000,926.500000,40.200001,-110.000000,183.500000,213.944502,-2.110815,-120.940792,1.148425
9,0.300000,detected,OK,2,1,detected,TRACKED,MATCHED_EXISTING_ID,0,1,0,824.000000,743.500000,717.500000,927.500000,38.500000,-106.500000,184.000000,212.598801,-2.095485,-120.062445,0.154013
10,0.333333,detected,OK,2,1,detected,TRACKED,MATCHED_EXISTING_ID,0,1,1,826.000000,743.500000,720.500000,930.500000,34.400002,-105.500000,187.000000,214.707359,-2.084454,-119.430436,0.338746
11,0.366667,detected,OK,2,1,detected,TRACKED,MATCHED_EXISTING_ID,0,1,1,836.000000,742.500000,736.500000,931.500000,36.900002,-99.500000,189.000000,213.591315,-2.055383,-117.764787,0.830392
12,0.400000,detected,OK,2,1,detected,TRACKED,MATCHED_EXISTING_ID,0,1,1,837.000000,741.500000,740.500000,935.500000,36.400002,-96.500000,194.000000,216.675449,-2.032380,-116.446794,0.150580
13,0.433333,detected,OK,2,1,detected,TRACKED,MATCHED_EXISTING_ID,0,1,0,839.000000,741.500000,744.500000,935.500000,40.500000,-94.500000,194.000000,215.792145,-2.024082,-115.971334,0.752185
14,0.466667,detected,OK,2,1,detected,TRACKED,MATCHED_EXISTING_ID,0,1,0,841.500000,739.000000,750.500000,935.500000,35.799999,-91.000000,196.500000,216.548493,-2.004494,-114.849059,0.195504
15,0.500000,detected,OK,2,1,detected,TRACKED,MATCHED_EXISTING_ID,0,1,0,842.000000,737.500000,755.500000,936.500000,37.700001,-86.500000,199.000000,216.986751,-1.980832,-113.493301,0.350784
16,0.533333,detected,OK,2,1,detected,TRACKED,MATCHED_EXISTING_ID,0,1,0,846.500000,725.500000,773.500000,929.500000,37.900002,-73.000000,204.000000,216.667949,-1.914441,-109.689400,2.658614
17,0.566667,detected,OK,2,1,detected,TRACKED,MATCHED_EXISTING_ID,0,1,0,847.000000,725.500000,773.500000,928.500000,40.799999,-73.500000,203.000000,215.896387,-1.918182,-109.903750,2.423081
18,0.600000,detected,OK,2,1,detected,TRACKED,MATCHED_EXISTING_ID,0,1,0,848.000000,723.500000,777.500000,927.500000,40.500000,-70.500000,204.000000,215.838481,-1.903535,-109.064547,0.400298
19,0.633333,detected,OK,2,1,detected,TRACKED,MATCHED_EXISTING_ID,0,1,0,860.000000,708.000000,811.500000,918.500000,40.000000,-48.500000,210.500000,216.015046,-1.797248,-102.974736,5.010430
20,0.666667,detected,OK,2,1,detected,TRACKED,MATCHED_EXISTING_ID,0,1,1,861.000000,708.000000,813.500000,918.500000,40.799999,-47.500000,210.500000,215.792725,-1.792732,-102.716001,2.824818
21,0.700000,detected,OK,2,1,detected,TRACKED,MATCHED_EXISTING_ID,0,1,1,862.000000,709.000000,815.500000,921.500000,36.000000,-46.500000,212.500000,217.528159,-1.786224,-102.343108,1.580732
22,0.733333,detected,OK,2,1,detected,TRACKED,MATCHED_EXISTING_ID,0,1,1,868.500000,707.500000,846.500000,923.500000,38.299999,-22.000000,216.000000,217.117480,-1.672298,-95.815627,5.206148
23,0.766667,detected,OK,2,1,detected,TRACKED,MATCHED_EXISTING_ID,0,1,0,868.500000,707.500000,845.500000,923.500000,41.000000,-23.000000,216.000000,217.221086,-1.676878,-96.078037,3.666203
24,0.800000,detected,OK,2,1,detected,TRACKED,MATCHED_EXISTING_ID,0,1,0,869.000000,707.500000,847.500000,923.500000,40.900002,-21.500000,216.000000,217.067386,-1.670007,-95.684329,1.543603
25,0.833333,detected,OK,2,1,detected,TRACKED,MATCHED_EXISTING_ID,0,1,1,874.500000,691.000000,873.500000,909.500000,38.799999,-1.000000,218.500000,218.502288,-1.575373,-90.262221,4.102237
26,0.866667,detected,OK,2,1,detected,TRACKED,MATCHED_EXISTING_ID,0,1,0,876.000000,689.000000,874.500000,906.500000,41.000000,-1.500000,217.500000,217.505172,-1.577693,-90.395137,3.093681
27,0.900000,detected,OK,2,1,detected,TRACKED,MATCHED_EXISTING_ID,0,1,0,876.000000,689.000000,877.500000,905.500000,40.799999,1.500000,216.500000,216.505196,-1.563868,-89.603038,0.931194
28,0.933333,detected,OK,2,1,detected,TRACKED,MATCHED_EXISTING_ID,0,1,0,877.500000,691.500000,893.500000,907.500000,41.400002,16.000000,216.000000,216.591782,-1.496857,-85.763605,2.488617
29,0.966667,detected,OK,2,1,detected,TRACKED,MATCHED_EXISTING_ID,0,1,0,878.500000,692.500000,896.500000,908.500000,40.900002,18.000000,216.000000,216.748702,-1.487655,-85.236358,1.819015
30,1.000000,detected,OK,2,1,detected,TRACKED,MATCHED_EXISTING_ID,0,1,0,878.500000,693.500000,901.500000,909.500000,39.099998,23.000000,216.000000,217.221086,-1.464715,-83.921963,0.304261
31,1.033333,detected,OK,2,1,detected,TRACKED,MATCHED_EXISTING_ID,0,1,0,878.500000,695.500000,912.500000,911.500000,38.500000,34.000000,216.000000,218.659553,-1.414670,-81.054618,1.370393
32,1.066667,detected,OK,2,1,detected,TRACKED,MATCHED_EXISTING_ID,0,1,0,878.500000,695.500000,911.500000,911.500000,36.000000,33.000000,216.000000,218.506293,-1.419191,-81.313645,2.304136
33,1.100000,detected,OK,2,1,detected,TRACKED,MATCHED_EXISTING_ID,0,1,0,878.500000,695.000000,913.500000,911.500000,36.299999,35.000000,216.500000,219.310852,-1.410520,-80.816853,0.626662
34,1.133333,detected,OK,1,1,detected,TRACKED,MATCHED_EXISTING_ID,0,1,0,856.500000,608.500000,893.500000,821.500000,41.200001,37.000000,213.000000,216.189731,-1.398804,-80.145545,0.201482
35,1.166667,detected,OK,1,1,detected,TRACKED,MATCHED_EXISTING_ID,0,1,0,834.500000,574.500000,868.500000,784.500000,39.799999,34.000000,210.000000,212.734576,-1.410284,-80.803344,1.449995
36,1.200000,detected,OK,1,1,detected,TRACKED,MATCHED_EXISTING_ID,0,1,0,812.500000,544.500000,846.500000,754.500000,40.799999,34.000000,210.000000,212.734576,-1.410284,-80.803344,0.212199
37,1.233333,detected,OK,2,1,detected,TRACKED,MATCHED_EXISTING_ID,0,1,0,791.000000,517.500000,825.500000,727.500000,40.900002,34.500000,210.000000,212.815061,-1.407965,-80.670460,0.005565
38,1.266667,detected,OK,2,1,detected,TRACKED,MATCHED_EXISTING_ID,0,1,0,769.500000,493.500000,800.500000,702.500000,37.700001,31.000000,209.000000,211.286535,-1.423545,-81.563096,1.022181
39,1.300000,detected,OK,1,1,detected,TRACKED,MATCHED_EXISTING_ID,0,1,0,650.000000,418.000000,685.500000,625.500000,39.799999,35.500000,207.500000,210.514845,-1.401352,-80.291583,1.550840
40,1.333333,detected,OK,1,1,detected,TRACKED,MATCHED_EXISTING_ID,0,1,0,637.000000,404.000000,673.500000,611.500000,34.200001,36.500000,207.500000,210.685785,-1.396674,-80.023527,0.072954
41,1.366667,detected,OK,1,1,detected,TRACKED,MATCHED_EXISTING_ID,0,1,0,623.500000,390.000000,659.500000,598.500000,40.299999,36.000000,208.500000,211.585089,-1.399820,-80.203790,0.492090
42,1.400000,detected,OK,1,1,detected,TRACKED,MATCHED_EXISTING_ID,0,1,0,612.500000,377.500000,647.500000,584.500000,40.000000,35.000000,207.000000,209.938086,-1.403298,-80.403076,0.314277
43,1.433333,detected,OK,1,1,detected,TRACKED,MATCHED_EXISTING_ID,0,1,0,603.000000,370.000000,640.500000,578.500000,34.799999,37.500000,208.500000,211.845463,-1.392843,-79.804012,0.609783
44,1.466667,detected,OK,1,1,detected,TRACKED,MATCHED_EXISTING_ID,0,1,0,597.500000,379.500000,640.500000,586.500000,34.900002,43.000000,207.000000,211.419015,-1.365980,-78.264875,1.305943
45,1.500000,detected,OK,1,1,detected,TRACKED,MATCHED_EXISTING_ID,0,1,0,602.500000,389.000000,648.500000,594.500000,34.700001,46.000000,205.500000,210.585493,-1.350582,-77.382659,0.126644
46,1.533333,detected,OK,1,1,detected,TRACKED,MATCHED_EXISTING_ID,0,1,0,606.000000,391.500000,653.500000,597.500000,34.599998,47.500000,206.000000,211.405416,-1.344175,-77.015540,0.439110
47,1.566667,detected,OK,1,1,detected,TRACKED,MATCHED_EXISTING_ID,0,1,0,626.000000,415.500000,677.500000,619.500000,39.500000,51.500000,204.000000,210.400214,-1.323512,-75.831663,0.553293
48,1.600000,detected,OK,1,1,detected,TRACKED,MATCHED_EXISTING_ID,0,1,0,631.000000,419.500000,687.500000,622.500000,37.000000,56.500000,203.000000,210.716041,-1.299341,-74.446779,0.532982
49,1.633333,detected,OK,1,1,detected,TRACKED,MATCHED_EXISTING_ID,0,1,0,634.500000,423.000000,689.500000,626.500000,34.700001,55.000000,203.500000,210.801447,-1.306833,-74.875993,1.494308
50,1.666667,detected,OK,1,1,detected,TRACKED,MATCHED_EXISTING_ID,0,1,0,638.000000,426.500000,692.500000,630.500000,40.099998,54.500000,204.000000,211.154564,-1.309736,-75.042364,0.633743
51,1.700000,detected,OK,1,1,detected,TRACKED,MATCHED_EXISTING_ID,0,1,0,640.000000,433.000000,697.500000,635.500000,35.000000,57.500000,202.500000,210.505344,-1.294128,-74.148072,0.680419
52,1.733333,detected,OK,1,1,detected,TRACKED,MATCHED_EXISTING_ID,0,1,0,641.000000,433.500000,701.500000,635.500000,37.599998,60.500000,202.000000,210.865478,-1.279794,-73.326782,0.335249
53,1.766667,detected,OK,1,1,detected,TRACKED,MATCHED_EXISTING_ID,0,1,0,642.000000,433.000000,698.500000,636.500000,37.200001,56.500000,203.500000,211.197775,-1.299976,-74.483150,1.776509
54,1.800000,detected,OK,1,1,detected,TRACKED,MATCHED_EXISTING_ID,0,1,0,642.000000,433.500000,700.500000,636.500000,39.700001,58.500000,203.000000,211.261094,-1.290221,-73.924217,0.649395
55,1.833333,detected,OK,1,1,detected,TRACKED,MATCHED_EXISTING_ID,0,1,0,640.500000,433.500000,701.500000,638.500000,36.400002,61.000000,205.000000,213.883146,-1.281579,-73.429049,0.325873
56,1.866667,detected,OK,1,1,detected,TRACKED,MATCHED_EXISTING_ID,0,1,0,641.000000,433.000000,702.500000,634.500000,34.599998,61.500000,201.500000,210.676292,-1.274566,-73.027239,0.102166
57,1.900000,detected,OK,1,1,detected,TRACKED,MATCHED_EXISTING_ID,0,1,0,640.000000,431.000000,705.500000,630.500000,37.400002,65.500000,199.500000,209.977380,-1.253564,-71.823916,0.862812
58,1.933333,detected,OK,1,1,detected,TRACKED,MATCHED_EXISTING_ID,0,1,0,637.000000,425.500000,701.500000,626.500000,40.000000,64.500000,201.000000,211.095358,-1.260281,-72.208797,1.070517
59,1.966667,detected,OK,1,1,detected,TRACKED,MATCHED_EXISTING_ID,0,1,0,636.000000,423.500000,698.500000,624.500000,37.200001,62.500000,201.000000,210.492874,-1.269328,-72.727165,0.775797
60,2.000000,detected,OK,1,1,detected,TRACKED,MATCHED_EXISTING_ID,0,1,0,636.000000,421.500000,698.500000,621.500000,37.200001,62.500000,200.000000,209.538183,-1.267911,-72.645975,0.134080
61,2.033333,detected,OK,1,1,detected,TRACKED,MATCHED_EXISTING_ID,0,1,0,634.000000,419.000000,700.500000,618.500000,39.099998,66.500000,199.500000,210.291464,-1.249046,-71.565051,1.080182
62,2.066667,detected,OK,1,1,detected,TRACKED,MATCHED_EXISTING_ID,0,1,0,634.000000,417.000000,700.500000,616.500000,34.700001,66.500000,199.500000,210.291464,-1.249046,-71.565051,0.432815
63,2.100000,detected,OK,1,1,detected,TRACKED,MATCHED_EXISTING_ID,0,1,0,634.000000,415.000000,701.500000,613.500000,35.000000,67.500000,198.500000,209.662825,-1.243013,-71.219379,0.085983
64,2.133333,detected,OK,1,1,detected,TRACKED,MATCHED_EXISTING_ID,0,1,0,634.000000,413.000000,701.500000,611.500000,34.700001,67.500000,198.500000,209.662825,-1.243013,-71.219379,0.294082
65,2.166667,detected,OK,1,1,detected,TRACKED,MATCHED_EXISTING_ID,0,1,0,634.000000,407.000000,705.500000,604.500000,34.900002,71.500000,197.500000,210.044043,-1.223449,-70.098462,0.944469
66,2.200000,detected,OK,1,1,detected,TRACKED,MATCHED_EXISTING_ID,0,1,0,633.500000,407.000000,705.500000,603.500000,38.799999,72.000000,196.500000,209.275536,-1.219576,-69.876549,0.332324
67,2.233333,detected,OK,1,1,detected,TRACKED,MATCHED_EXISTING_ID,0,1,0,632.000000,407.000000,709.500000,602.500000,37.000000,77.500000,195.500000,210.300975,-1.193380,-68.375663,1.079579
68,2.266667,detected,OK,1,1,detected,TRACKED,MATCHED_EXISTING_ID,0,1,0,631.000000,407.500000,705.500000,603.500000,39.099998,74.500000,196.000000,209.681306,-1.207560,-69.188100,1.665576
69,2.300000,detected,OK,1,1,detected,TRACKED,MATCHED_EXISTING_ID,0,1,0,630.000000,408.000000,706.500000,604.500000,34.599998,76.500000,196.500000,210.866071,-1.199537,-68.728391,0.272801
70,2.333333,detected,OK,1,1,detected,TRACKED,MATCHED_EXISTING_ID,0,1,0,630.000000,409.000000,704.500000,604.500000,37.900002,74.500000,195.500000,209.214005,-1.206711,-69.139449,0.707086
71,2.366667,detected,OK,1,1,detected,TRACKED,MATCHED_EXISTING_ID,0,1,0,630.000000,409.000000,707.500000,605.500000,35.000000,77.500000,196.500000,211.230916,-1.195125,-68.475623,0.650632
72,2.400000,detected,OK,1,1,detected,TRACKED,MATCHED_EXISTING_ID,0,1,0,630.000000,409.500000,707.500000,605.500000,34.900002,77.500000,196.000000,210.765865,-1.194255,-68.425753,0.223577
73,2.433333,detected,OK,1,1,detected,TRACKED,MATCHED_EXISTING_ID,0,1,0,630.000000,410.500000,707.500000,605.500000,39.200001,77.500000,195.000000,209.836246,-1.192502,-68.325351,0.083614
74,2.466667,detected,OK,1,1,detected,TRACKED,MATCHED_EXISTING_ID,0,1,0,630.500000,412.000000,709.500000,607.500000,39.400002,79.000000,195.500000,210.858365,-1.186767,-67.996757,0.178024
75,2.500000,detected,OK,1,1,detected,TRACKED,MATCHED_EXISTING_ID,0,1,0,628.000000,419.000000,709.500000,612.500000,34.900002,81.500000,193.500000,209.963092,-1.172158,-67.159727,0.615249
76,2.533333,detected,OK,1,1,detected,TRACKED,MATCHED_EXISTING_ID,0,1,0,628.000000,419.000000,710.500000,612.500000,38.599998,82.500000,193.500000,210.353274,-1.167777,-66.908705,0.216857
77,2.566667,detected,OK,1,1,detected,TRACKED,MATCHED_EXISTING_ID,0,1,0,627.500000,419.000000,707.500000,612.500000,37.200001,80.000000,193.500000,209.385410,-1.178761,-67.538003,1.010435
78,2.600000,detected,OK,1,1,detected,TRACKED,MATCHED_EXISTING_ID,0,1,0,628.000000,419.000000,711.500000,612.500000,35.099998,83.500000,193.500000,210.747479,-1.163412,-66.658617,0.902424
79,2.633333,detected,OK,1,1,detected,TRACKED,MATCHED_EXISTING_ID,0,1,0,628.000000,421.000000,713.500000,612.500000,38.500000,85.500000,191.500000,209.720051,-1.150877,-65.940423,0.380261
80,2.666667,detected,OK,1,1,detected,TRACKED,MATCHED_EXISTING_ID,0,1,0,628.000000,421.500000,713.500000,613.500000,34.400002,85.500000,192.000000,210.176711,-1.151847,-65.995992,0.545606
81,2.700000,detected,OK,1,1,detected,TRACKED,MATCHED_EXISTING_ID,0,1,0,627.500000,421.000000,716.500000,612.500000,37.299999,89.000000,191.500000,211.171139,-1.135743,-65.073259,0.650939
82,2.733333,detected,OK,1,1,detected,TRACKED,MATCHED_EXISTING_ID,0,1,0,626.000000,421.000000,713.500000,611.500000,39.500000,87.500000,190.500000,209.634205,-1.140221,-65.329849,0.788761
83,2.766667,detected,OK,0,1,lost,LOST,NO_VALID_TARGET,1,1,,626.000000,421.000000,,,,,,,,,
84,2.800000,detected,OK,1,1,detected,REACQUIRED,MATCHED_EXISTING_ID,0,1,0,625.500000,421.000000,713.500000,611.500000,39.400002,88.000000,190.500000,209.843394,-1.138056,-65.205789,0.309272
85,2.833333,detected,OK,1,1,detected,TRACKED,MATCHED_EXISTING_ID,0,1,0,624.000000,422.000000,710.500000,612.500000,37.700001,86.500000,190.500000,209.218785,-1.144564,-65.578710,0.527732
86,2.866667,detected,OK,1,1,detected,TRACKED,MATCHED_EXISTING_ID,0,1,0,623.000000,423.500000,709.500000,615.500000,37.099998,86.500000,192.000000,210.585493,-1.147509,-65.747443,0.112452
87,2.900000,detected,OK,1,1,detected,TRACKED,MATCHED_EXISTING_ID,0,1,0,618.000000,421.500000,712.500000,609.500000,34.599998,94.500000,188.000000,210.414472,-1.105023,-63.313173,2.535533
88,2.933333,detected,OK,1,1,detected,TRACKED,MATCHED_EXISTING_ID,0,1,0,618.000000,422.000000,712.500000,608.500000,39.400002,94.500000,186.500000,209.075345,-1.101801,-63.128557,0.728336
89,2.966667,detected,OK,1,1,detected,TRACKED,MATCHED_EXISTING_ID,0,1,0,618.000000,422.000000,713.500000,611.500000,36.299999,95.500000,189.500000,212.203911,-1.103988,-63.253825,0.746884
90,3.000000,detected,OK,1,1,detected,TRACKED,MATCHED_EXISTING_ID,0,1,0,604.500000,427.000000,703.500000,611.500000,38.500000,99.000000,184.500000,209.383022,-1.078311,-61.782644,1.148318
91,3.033333,detected,OK,1,1,detected,TRACKED,MATCHED_EXISTING_ID,0,1,0,604.000000,427.500000,703.500000,612.500000,39.599998,99.500000,185.000000,210.060110,-1.077339,-61.726955,0.726500
92,3.066667,detected,OK,1,1,detected,TRACKED,MATCHED_EXISTING_ID,0,1,0,604.000000,428.000000,703.500000,612.500000,39.099998,99.500000,184.500000,209.619894,-1.076209,-61.662220,0.426855
93,3.100000,detected,OK,1,1,detected,TRACKED,MATCHED_EXISTING_ID,0,1,0,594.500000,436.000000,702.500000,617.500000,36.900002,108.000000,181.500000,211.201918,-1.034031,-59.245606,2.095766
94,3.133333,detected,OK,1,1,detected,TRACKED,MATCHED_EXISTING_ID,0,1,0,594.000000,437.000000,699.500000,618.500000,34.400002,105.500000,181.500000,209.934514,-1.044265,-59.831967,1.745515
95,3.166667,detected,OK,1,1,detected,TRACKED,MATCHED_EXISTING_ID,0,1,0,593.000000,437.000000,696.500000,618.500000,37.700001,103.500000,181.500000,208.936593,-1.052541,-60.306139,0.935120
96,3.200000,detected,OK,1,1,detected,TRACKED,MATCHED_EXISTING_ID,0,1,0,580.000000,445.500000,690.500000,624.500000,38.500000,110.500000,179.000000,210.359811,-1.017740,-58.312202,1.907037
97,3.233333,detected,OK,1,1,detected,TRACKED,MATCHED_EXISTING_ID,0,1,0,578.000000,447.500000,689.500000,623.500000,36.799999,111.500000,176.000000,208.346466,-1.006092,-57.644812,0.182326
98,3.266667,detected,OK,1,1,detected,TRACKED,MATCHED_EXISTING_ID,0,1,0,576.000000,447.500000,683.500000,626.500000,36.599998,107.500000,179.000000,208.799545,-1.029966,-59.012713,2.144686
99,3.300000,detected,OK,1,1,detected,TRACKED,MATCHED_EXISTING_ID,0,1,0,568.500000,454.000000,683.500000,632.500000,36.299999,115.000000,178.500000,212.337585,-0.998468,-57.208029,1.885774
100,3.333333,detected,OK,1,1,detected,TRACKED,MATCHED_EXISTING_ID,0,1,0,568.000000,455.000000,682.500000,630.500000,34.400002,114.500000,175.500000,209.548324,-0.992721,-56.878700,0.343891
101,3.366667,detected,OK,1,1,detected,TRACKED,MATCHED_EXISTING_ID,0,1,0,567.500000,456.500000,682.500000,629.500000,39.900002,115.000000,173.000000,207.735409,-0.984129,-56.386429,0.043392
102,3.400000,detected,OK,1,1,lost,LOST,NO_MATCH,1,1,,560.500000,467.500000,,,,,,,,,
103,3.433333,detected,OK,1,1,lost,HOLD,NO_MATCH,2,1,,560.000000,468.500000,,,,,,,,,
104,3.466667,detected,OK,1,1,lost,HOLD,NO_MATCH,3,1,,560.000000,467.500000,,,,,,,,,
105,3.500000,detected,OK,1,1,lost,HOLD,NO_MATCH,4,1,,560.000000,467.000000,,,,,,,,,
106,3.533333,detected,OK,1,1,lost,HOLD,NO_MATCH,5,1,,560.000000,479.000000,,,,,,,,,
107,3.566667,detected,OK,1,1,lost,HOLD,NO_MATCH,6,1,,550.500000,506.000000,,,,,,,,,
108,3.600000,detected,OK,1,1,lost,HOLD,NO_MATCH,7,1,,540.500000,566.000000,,,,,,,,,
109,3.633333,detected,OK,1,1,lost,RELEASED,NO_MATCH,8,0,,536.000000,592.000000,,,,,,,,,
110,3.666667,detected,OK,1,2,detected,ACQUIRED,NEW_TRACK_SEGMENT,0,1,0,527.500000,618.500000,715.500000,571.500000,33.500000,188.000000,-47.000000,193.785964,0.244979,14.036243,
111,3.700000,detected,OK,1,2,detected,TRACKED,MATCHED_EXISTING_ID,0,1,0,518.500000,643.500000,705.500000,597.500000,36.299999,187.000000,-46.000000,192.574661,0.241200,13.819762,0.216482
112,3.733333,detected,OK,2,2,detected,TRACKED,MATCHED_EXISTING_ID,0,1,0,514.000000,741.500000,698.500000,689.500000,35.299999,184.500000,-52.000000,191.687897,0.274717,15.740109,2.136829
113,3.766667,detected,OK,2,2,detected,TRACKED,MATCHED_EXISTING_ID,0,1,0,512.500000,757.500000,702.500000,704.500000,35.099998,190.000000,-53.000000,197.253644,0.272032,15.586304,0.792055
114,3.800000,detected,OK,2,2,detected,TRACKED,MATCHED_EXISTING_ID,0,1,0,514.000000,763.000000,700.500000,706.500000,34.900002,186.500000,-56.500000,194.870470,0.294160,16.854135,0.946403
115,3.833333,detected,OK,1,2,detected,TRACKED,MATCHED_EXISTING_ID,0,1,0,527.500000,761.000000,708.500000,701.500000,35.799999,181.000000,-59.500000,190.528869,0.317601,18.197208,0.643084
116,3.866667,detected,OK,2,2,detected,TRACKED,MATCHED_EXISTING_ID,0,1,0,534.500000,747.500000,714.500000,687.500000,35.799999,180.000000,-60.000000,189.736660,0.321751,18.434949,0.719482
117,3.900000,detected,OK,2,2,detected,TRACKED,MATCHED_EXISTING_ID,0,1,0,538.000000,742.500000,719.500000,679.500000,33.799999,181.500000,-63.000000,192.123007,0.334096,19.142268,0.037890
118,3.933333,detected,OK,2,2,detected,TRACKED,MATCHED_EXISTING_ID,0,1,0,557.500000,728.500000,739.500000,662.500000,34.599998,182.000000,-66.000000,193.597521,0.347888,19.932537,0.105683
119,3.966667,detected,OK,2,2,detected,TRACKED,MATCHED_EXISTING_ID,0,1,1,558.500000,727.500000,736.500000,661.500000,37.700001,178.000000,-66.000000,189.842040,0.355072,20.344101,0.315294
120,4.000000,detected,OK,2,2,detected,TRACKED,MATCHED_EXISTING_ID,0,1,1,560.000000,725.500000,737.500000,659.500000,33.299999,177.500000,-66.000000,189.373309,0.355989,20.396694,0.548148
121,4.033333,detected,OK,2,2,detected,TRACKED,MATCHED_EXISTING_ID,0,1,0,562.500000,723.000000,739.500000,655.500000,33.299999,177.000000,-67.500000,189.434025,0.364331,20.874647,0.096471
122,4.066667,detected,OK,2,2,detected,TRACKED,MATCHED_EXISTING_ID,0,1,0,564.000000,724.500000,742.500000,654.500000,35.099998,178.500000,-70.000000,191.734843,0.373727,21.412969,0.118252
123,4.100000,detected,OK,2,2,detected,TRACKED,MATCHED_EXISTING_ID,0,1,0,564.000000,727.500000,743.500000,657.500000,33.799999,179.500000,-70.000000,192.666162,0.371832,21.304398,0.575942
124,4.133333,detected,OK,2,2,detected,TRACKED,MATCHED_EXISTING_ID,0,1,0,564.500000,733.500000,737.500000,660.500000,35.500000,173.000000,-73.000000,187.771137,0.399297,22.878058,1.336665
125,4.166667,detected,OK,2,2,detected,TRACKED,MATCHED_EXISTING_ID,0,1,0,564.500000,737.000000,736.500000,662.500000,34.700001,172.000000,-74.500000,187.441324,0.408745,23.419344,0.230375
126,4.200000,detected,OK,2,2,detected,TRACKED,MATCHED_EXISTING_ID,0,1,0,564.000000,741.000000,736.500000,666.500000,35.799999,172.500000,-74.500000,187.900239,0.407687,23.358746,0.740108
127,4.233333,detected,OK,2,2,detected,TRACKED,MATCHED_EXISTING_ID,0,1,0,566.000000,744.000000,737.500000,668.500000,35.200001,171.500000,-75.500000,187.383297,0.414702,23.760689,0.018476
128,4.266667,detected,OK,2,2,detected,TRACKED,MATCHED_EXISTING_ID,0,1,0,584.000000,763.000000,754.500000,680.500000,35.500000,170.500000,-82.500000,189.410929,0.450661,25.820992,1.669445
129,4.300000,detected,OK,2,2,detected,TRACKED,MATCHED_EXISTING_ID,0,1,1,585.000000,765.000000,752.500000,679.500000,33.299999,167.500000,-85.500000,188.059831,0.471971,27.041937,0.162310
130,4.333333,detected,OK,1,2,detected,TRACKED,MATCHED_EXISTING_ID,0,1,0,586.500000,767.000000,751.500000,682.500000,35.500000,165.000000,-84.500000,185.378667,0.473297,27.117949,1.047548
131,4.366667,detected,OK,2,2,detected,TRACKED,MATCHED_EXISTING_ID,0,1,1,599.500000,775.000000,763.500000,682.500000,34.700001,164.000000,-92.500000,188.287679,0.513547,29.424058,1.601570
132,4.400000,detected,OK,2,2,detected,TRACKED,MATCHED_EXISTING_ID,0,1,1,600.500000,774.500000,764.500000,680.500000,34.700001,164.000000,-94.000000,189.029098,0.520458,29.820073,0.949154
133,4.433333,detected,OK,2,2,detected,TRACKED,MATCHED_EXISTING_ID,0,1,0,602.000000,774.500000,761.500000,677.500000,33.500000,159.500000,-97.000000,186.679538,0.546391,31.305895,0.520316
134,4.466667,detected,OK,2,2,detected,TRACKED,MATCHED_EXISTING_ID,0,1,1,612.000000,778.000000,766.500000,674.500000,33.599998,154.500000,-103.500000,185.963706,0.590240,33.818246,1.338717
135,4.500000,detected,OK,2,2,detected,TRACKED,MATCHED_EXISTING_ID,0,1,1,614.000000,778.000000,767.500000,673.500000,33.299999,153.500000,-104.500000,185.694642,0.597711,34.246320,1.281046
136,4.533333,detected,OK,2,2,detected,TRACKED,MATCHED_EXISTING_ID,0,1,1,616.000000,778.500000,766.500000,675.500000,35.500000,150.500000,-103.000000,182.371187,0.600169,34.387168,1.055853
137,4.566667,detected,OK,2,2,detected,TRACKED,MATCHED_EXISTING_ID,0,1,1,624.000000,779.500000,773.500000,671.500000,33.200001,149.500000,-108.000000,184.429526,0.625607,35.844649,0.683120
138,4.600000,detected,OK,2,2,detected,TRACKED,MATCHED_EXISTING_ID,0,1,1,627.000000,781.500000,774.500000,671.500000,33.000000,147.500000,-110.000000,184.000679,0.640784,36.714203,0.178054
139,4.633333,detected,OK,2,2,detected,TRACKED,MATCHED_EXISTING_ID,0,1,1,630.000000,781.500000,777.500000,676.500000,33.200001,147.500000,-105.000000,181.055931,0.618644,35.445710,2.244879
140,4.666667,detected,OK,2,2,detected,TRACKED,MATCHED_EXISTING_ID,0,1,1,632.000000,783.500000,780.500000,673.500000,34.599998,148.500000,-110.000000,184.803274,0.637549,36.528855,1.004710
141,4.700000,detected,OK,2,2,detected,TRACKED,MATCHED_EXISTING_ID,0,1,1,634.500000,783.500000,779.500000,675.500000,32.700001,145.000000,-108.000000,180.800996,0.640183,36.679757,0.329417
142,4.733333,detected,OK,2,2,detected,TRACKED,MATCHED_EXISTING_ID,0,1,0,640.000000,785.500000,783.500000,671.500000,32.700001,143.500000,-114.000000,183.270974,0.671332,38.464510,1.436200
143,4.766667,detected,OK,2,2,detected,TRACKED,MATCHED_EXISTING_ID,0,1,0,654.500000,788.500000,789.500000,670.500000,34.599998,135.000000,-118.000000,179.301422,0.718305,41.155864,1.768322
144,4.800000,detected,OK,2,2,detected,TRACKED,MATCHED_EXISTING_ID,0,1,0,656.500000,789.000000,791.500000,667.500000,33.000000,135.000000,-121.500000,181.623925,0.732815,41.987212,0.799013
145,4.833333,detected,OK,2,2,detected,TRACKED,MATCHED_EXISTING_ID,0,1,1,658.500000,789.500000,792.500000,667.500000,32.400002,134.000000,-122.000000,181.218101,0.738557,42.316225,0.981744
146,4.866667,detected,OK,2,2,detected,TRACKED,MATCHED_EXISTING_ID,0,1,1,661.000000,790.000000,797.500000,668.500000,33.000000,136.500000,-121.500000,182.741621,0.727324,41.672596,1.561688
147,4.900000,detected,OK,2,2,detected,TRACKED,MATCHED_EXISTING_ID,0,1,0,662.000000,791.000000,792.500000,666.500000,33.000000,130.500000,-124.500000,180.362136,0.761873,43.652113,1.686134
148,4.933333,detected,OK,2,2,detected,TRACKED,MATCHED_EXISTING_ID,0,1,1,664.000000,791.000000,793.500000,665.500000,32.700001,129.500000,-125.500000,180.334412,0.769713,44.101316,0.518633
149,4.966667,detected,OK,2,2,detected,TRACKED,MATCHED_EXISTING_ID,0,1,1,665.500000,791.000000,796.500000,667.500000,34.400002,131.000000,-123.500000,180.036802,0.755937,43.312008,1.549692
150,5.000000,detected,OK,2,2,detected,TRACKED,MATCHED_EXISTING_ID,0,1,0,668.000000,791.000000,794.500000,662.500000,33.000000,126.500000,-128.500000,180.317775,0.793241,45.449369,1.996855
151,5.033333,detected,OK,2,2,detected,TRACKED,MATCHED_EXISTING_ID,0,1,0,670.500000,791.000000,792.500000,663.500000,34.400002,122.000000,-127.500000,176.466002,0.807439,46.262829,0.125789
152,5.066667,detected,OK,2,2,detected,TRACKED,MATCHED_EXISTING_ID,0,1,0,672.000000,791.000000,796.500000,665.500000,32.700001,124.500000,-125.500000,176.778110,0.789398,45.229182,1.922580
153,5.100000,detected,OK,2,2,detected,TRACKED,MATCHED_EXISTING_ID,0,1,0,686.000000,792.000000,798.500000,659.500000,34.099998,112.500000,-132.500000,173.817433,0.866850,49.666858,4.317775
154,5.133333,detected,OK,2,2,detected,TRACKED,MATCHED_EXISTING_ID,0,1,0,688.000000,791.500000,799.500000,658.500000,34.700001,111.500000,-133.000000,173.554746,0.873107,50.025353,1.488517
155,5.166667,detected,OK,2,2,detected,TRACKED,MATCHED_EXISTING_ID,0,1,1,690.000000,791.500000,801.500000,654.500000,32.700001,111.500000,-137.000000,176.638756,0.887656,50.858939,0.418019
156,5.200000,detected,OK,2,2,detected,TRACKED,MATCHED_EXISTING_ID,0,1,0,692.500000,793.000000,800.500000,655.500000,34.900002,108.000000,-137.500000,174.843501,0.904988,51.851976,0.091360
157,5.233333,detected,OK,2,2,detected,TRACKED,MATCHED_EXISTING_ID,0,1,0,700.000000,789.000000,805.500000,651.500000,32.700001,105.500000,-137.500000,173.310415,0.916332,52.501957,0.397872
158,5.266667,detected,OK,2,2,detected,TRACKED,MATCHED_EXISTING_ID,0,1,0,704.000000,785.500000,807.500000,647.500000,32.700001,103.500000,-138.000000,172.500000,0.927295,53.130102,0.260559
159,5.300000,detected,OK,2,2,detected,TRACKED,MATCHED_EXISTING_ID,0,1,0,708.000000,783.000000,811.500000,642.500000,34.599998,103.500000,-140.500000,174.506447,0.935891,53.622604,0.291979
160,5.333333,detected,OK,2,2,detected,TRACKED,MATCHED_EXISTING_ID,0,1,1,712.000000,781.000000,811.500000,637.500000,32.700001,99.500000,-143.500000,174.621018,0.964527,55.263343,0.973050
161,5.366667,detected,OK,2,2,detected,TRACKED,MATCHED_EXISTING_ID,0,1,0,715.000000,779.000000,815.500000,636.500000,34.200001,100.500000,-142.500000,174.374597,0.956547,54.806093,1.514159
162,5.400000,detected,OK,2,2,detected,TRACKED,MATCHED_EXISTING_ID,0,1,0,719.000000,777.500000,819.500000,634.500000,33.799999,100.500000,-143.000000,174.783437,0.958196,54.900559,0.356779
163,5.433333,detected,OK,2,2,detected,TRACKED,MATCHED_EXISTING_ID,0,1,0,729.000000,775.500000,821.500000,632.500000,31.900000,92.500000,-143.000000,170.309277,0.996636,57.103064,1.893972
164,5.466667,detected,OK,1,2,lost,LOST,NO_MATCH,1,1,,732.500000,775.000000,,,,,,,,,
165,5.500000,detected,OK,1,2,lost,HOLD,NO_MATCH,2,1,,736.000000,773.500000,,,,,,,,,
166,5.533333,detected,OK,1,2,lost,HOLD,NO_MATCH,3,1,,740.500000,771.500000,,,,,,,,,
167,5.566667,detected,OK,1,2,lost,HOLD,NO_MATCH,4,1,,748.000000,762.500000,,,,,,,,,
168,5.600000,detected,OK,1,2,lost,HOLD,NO_MATCH,5,1,,764.500000,745.500000,,,,,,,,,
169,5.633333,detected,OK,1,2,lost,HOLD,NO_MATCH,6,1,,782.500000,726.000000,,,,,,,,,
170,5.666667,detected,OK,1,2,lost,HOLD,NO_MATCH,7,1,,852.500000,669.500000,,,,,,,,,
171,5.700000,detected,OK,1,2,lost,RELEASED,NO_MATCH,8,0,,868.500000,655.500000,,,,,,,,,
172,5.733333,detected,OK,1,3,detected,ACQUIRED,NEW_TRACK_SEGMENT,0,1,0,879.000000,644.500000,730.500000,556.500000,33.799999,-148.500000,-88.000000,172.615903,2.606638,149.349332,
173,5.766667,detected,OK,1,3,detected,TRACKED,MATCHED_EXISTING_ID,0,1,0,888.000000,635.500000,738.500000,552.500000,34.900002,-149.500000,-83.000000,170.994883,2.634778,150.961668,1.612336
174,5.800000,detected,OK,1,3,detected,TRACKED,MATCHED_EXISTING_ID,0,1,0,897.000000,627.000000,747.500000,542.500000,33.000000,-149.500000,-84.500000,171.727983,2.627141,150.524111,2.049894
175,5.833333,detected,OK,0,3,lost,LOST,NO_VALID_TARGET,1,1,,906.500000,617.500000,,,,,,,,,
176,5.866667,detected,OK,1,3,detected,REACQUIRED,MATCHED_EXISTING_ID,0,1,0,913.500000,541.000000,755.500000,468.500000,33.599998,-158.000000,-72.500000,173.839725,2.711395,155.351467,3.242598
177,5.900000,detected,OK,1,3,detected,TRACKED,MATCHED_EXISTING_ID,0,1,0,911.500000,531.500000,755.500000,459.500000,32.700001,-156.000000,-72.000000,171.813853,2.709185,155.224859,1.567506
178,5.933333,detected,OK,1,3,detected,TRACKED,MATCHED_EXISTING_ID,0,1,0,911.500000,519.500000,750.500000,452.500000,33.500000,-161.000000,-67.000000,174.384632,2.747243,157.405409,1.366653
179,5.966667,detected,OK,1,3,detected,TRACKED,MATCHED_EXISTING_ID,0,1,0,904.000000,513.000000,742.500000,452.500000,33.299999,-161.500000,-60.500000,172.460140,2.783161,159.463397,0.697431
180,6.000000,detected,OK,1,3,detected,TRACKED,MATCHED_EXISTING_ID,0,1,0,903.500000,511.000000,740.500000,450.500000,34.599998,-163.000000,-60.500000,173.865609,2.786188,159.636804,1.466122
181,6.033333,detected,OK,1,3,detected,TRACKED,MATCHED_EXISTING_ID,0,1,0,903.000000,511.500000,736.500000,452.500000,33.500000,-166.500000,-59.000000,176.644417,2.801044,160.487997,0.201888
182,6.066667,detected,OK,1,3,detected,TRACKED,MATCHED_EXISTING_ID,0,1,0,902.000000,513.500000,734.500000,455.500000,32.700001,-167.500000,-58.000000,177.257581,2.808246,160.900634,0.559688
183,6.100000,detected,OK,1,3,detected,TRACKED,MATCHED_EXISTING_ID,0,1,0,901.000000,515.500000,733.500000,459.500000,33.700001,-167.500000,-56.000000,176.613278,2.818947,161.513757,0.135327
184,6.133333,detected,OK,1,3,detected,TRACKED,MATCHED_EXISTING_ID,0,1,0,901.000000,519.500000,733.500000,467.500000,33.500000,-167.500000,-52.000000,175.386003,2.840579,162.753161,0.545085
185,6.166667,detected,OK,1,3,detected,TRACKED,MATCHED_EXISTING_ID,0,1,0,884.500000,539.500000,707.500000,505.500000,35.000000,-177.000000,-34.000000,180.235956,2.951814,169.126480,5.460965
186,6.200000,detected,OK,1,3,detected,TRACKED,MATCHED_EXISTING_ID,0,1,0,883.500000,539.500000,706.500000,507.500000,34.200001,-177.000000,-32.000000,179.869397,2.962734,169.752136,2.471083
187,6.233333,detected,OK,1,3,detected,TRACKED,MATCHED_EXISTING_ID,0,1,0,884.500000,537.000000,705.500000,512.500000,33.700001,-179.000000,-24.500000,180.668896,3.005566,172.206268,0.345826
188,6.266667,detected,OK,1,3,detected,TRACKED,MATCHED_EXISTING_ID,0,1,0,884.000000,532.000000,704.500000,511.500000,34.900002,-179.500000,-20.500000,180.666820,3.027879,173.484699,0.968205
189,6.300000,detected,OK,1,3,detected,TRACKED,MATCHED_EXISTING_ID,0,1,0,885.000000,520.000000,703.500000,505.500000,33.000000,-181.500000,-14.500000,182.078280,3.061872,175.432352,0.088298
190,6.333333,detected,OK,1,3,detected,TRACKED,MATCHED_EXISTING_ID,0,1,0,885.500000,513.500000,702.500000,498.500000,34.700001,-183.000000,-15.000000,183.613725,3.059808,175.314100,2.012926
191,6.366667,detected,OK,1,3,detected,TRACKED,MATCHED_EXISTING_ID,0,1,0,885.500000,509.000000,698.500000,497.500000,33.799999,-187.000000,-11.500000,187.353276,3.080173,176.480895,0.077291
192,6.400000,detected,OK,1,3,detected,TRACKED,MATCHED_EXISTING_ID,0,1,0,885.500000,503.000000,702.500000,493.500000,32.700001,-183.000000,-9.500000,183.246419,3.089727,177.028297,0.573018
193,6.433333,detected,OK,1,3,detected,TRACKED,MATCHED_EXISTING_ID,0,1,0,886.000000,496.500000,701.500000,487.500000,33.799999,-184.500000,-9.000000,184.719382,3.092851,177.207298,0.712212
194,6.466667,detected,OK,1,3,detected,TRACKED,MATCHED_EXISTING_ID,0,1,0,883.000000,481.000000,696.500000,477.500000,33.799999,-186.500000,-3.500000,186.532839,3.122828,178.924870,1.111245
195,6.500000,detected,OK,1,3,detected,TRACKED,MATCHED_EXISTING_ID,0,1,0,882.000000,471.000000,695.500000,470.500000,35.500000,-186.500000,-0.500000,186.500670,3.138912,179.846392,0.129304
196,6.533333,detected,OK,1,3,detected,TRACKED,MATCHED_EXISTING_ID,0,1,0,880.500000,467.500000,693.500000,468.500000,35.500000,-187.000000,1.000000,187.002674,-3.136245,-179.693608,0.539105
197,6.566667,detected,OK,1,3,detected,TRACKED,MATCHED_EXISTING_ID,0,1,0,878.000000,465.000000,691.500000,471.500000,33.500000,-186.500000,6.500000,186.613236,-3.106754,-178.003904,0.906242
198,6.600000,detected,OK,1,3,detected,TRACKED,MATCHED_EXISTING_ID,0,1,0,876.000000,461.500000,687.500000,469.500000,34.900002,-188.500000,8.000000,188.669685,-3.099178,-177.569807,0.711862
199,6.633333,detected,OK,1,3,detected,TRACKED,MATCHED_EXISTING_ID,0,1,0,874.000000,459.000000,688.500000,470.500000,34.200001,-185.500000,11.500000,185.856127,-3.079677,-176.452511,0.256082
200,6.666667,detected,OK,1,3,detected,TRACKED,MATCHED_EXISTING_ID,0,1,0,861.000000,450.500000,674.500000,475.500000,34.200001,-186.500000,25.000000,188.168143,-3.008339,-172.365114,3.123750
201,6.700000,detected,OK,1,3,detected,TRACKED,MATCHED_EXISTING_ID,0,1,0,860.000000,451.500000,672.500000,483.500000,35.000000,-187.500000,32.000000,190.211067,-2.972555,-170.314834,0.162868
202,6.733333,detected,OK,1,3,detected,TRACKED,MATCHED_EXISTING_ID,0,1,0,860.000000,453.000000,672.500000,486.500000,34.599998,-187.500000,33.500000,190.469158,-2.964792,-169.870040,1.703206
203,6.766667,detected,OK,1,3,detected,TRACKED,MATCHED_EXISTING_ID,0,1,0,862.000000,456.500000,674.500000,501.500000,35.099998,-187.500000,45.000000,192.824402,-2.906048,-166.504267,1.899056
204,6.800000,detected,OK,1,3,detected,TRACKED,MATCHED_EXISTING_ID,0,1,0,862.000000,456.500000,674.500000,499.500000,34.700001,-187.500000,43.000000,192.367487,-2.916158,-167.083519,2.805592
205,6.833333,detected,OK,1,3,detected,TRACKED,MATCHED_EXISTING_ID,0,1,0,862.000000,456.500000,674.500000,504.500000,34.599998,-187.500000,48.000000,193.546506,-2.890975,-165.640663,0.338752
206,6.866667,detected,OK,1,3,detected,TRACKED,MATCHED_EXISTING_ID,0,1,0,861.000000,456.500000,673.500000,505.500000,33.299999,-187.500000,49.000000,193.796930,-2.885976,-165.354250,0.953191
207,6.900000,detected,OK,1,3,detected,TRACKED,MATCHED_EXISTING_ID,0,1,0,860.000000,455.500000,672.500000,507.500000,33.500000,-187.500000,52.000000,194.577106,-2.871058,-164.499532,0.003610
208,6.933333,detected,OK,1,3,detected,TRACKED,MATCHED_EXISTING_ID,0,1,0,848.500000,441.000000,664.500000,508.500000,35.500000,-184.000000,67.500000,195.990433,-2.789988,-159.854548,3.788101
209,6.966667,detected,OK,1,3,detected,TRACKED,MATCHED_EXISTING_ID,0,1,0,848.000000,439.500000,662.500000,509.500000,34.200001,-185.500000,70.000000,198.268127,-2.780756,-159.325575,1.843152
210,7.000000,detected,OK,1,3,detected,TRACKED,MATCHED_EXISTING_ID,0,1,0,847.500000,438.000000,665.500000,509.500000,34.599998,-182.000000,71.500000,195.540916,-2.767259,-158.552264,0.861552
211,7.033333,detected,OK,1,3,detected,TRACKED,MATCHED_EXISTING_ID,0,1,0,837.000000,415.000000,659.500000,504.500000,33.500000,-177.500000,89.500000,198.787575,-2.674570,-153.241600,4.020421
212,7.066667,detected,OK,1,3,detected,TRACKED,MATCHED_EXISTING_ID,0,1,0,835.500000,413.000000,658.500000,505.500000,34.599998,-177.000000,92.500000,199.712919,-2.660030,-152.408483,2.065293
213,7.100000,detected,OK,1,3,detected,TRACKED,MATCHED_EXISTING_ID,0,1,0,834.000000,411.000000,658.500000,502.500000,35.099998,-175.500000,91.500000,197.920439,-2.660998,-152.463927,2.127738
214,7.133333,detected,OK,1,3,detected,TRACKED,MATCHED_EXISTING_ID,0,1,0,830.500000,403.500000,655.500000,503.500000,33.500000,-175.000000,100.000000,201.556444,-2.622447,-150.255119,0.987610
215,7.166667,detected,OK,1,3,detected,TRACKED,MATCHED_EXISTING_ID,0,1,0,828.500000,402.000000,652.500000,503.500000,35.099998,-176.000000,101.500000,203.170495,-2.618478,-150.027756,1.388879
216,7.200000,detected,OK,1,3,detected,TRACKED,MATCHED_EXISTING_ID,0,1,0,827.000000,398.000000,655.500000,504.500000,35.000000,-171.500000,106.500000,201.877438,-2.585881,-148.160081,0.806984
217,7.233333,detected,OK,1,3,detected,TRACKED,MATCHED_EXISTING_ID,0,1,0,827.500000,397.000000,656.500000,501.500000,35.799999,-171.000000,104.500000,200.402720,-2.593043,-148.570434,1.793838
218,7.266667,detected,OK,1,3,detected,TRACKED,MATCHED_EXISTING_ID,0,1,0,825.000000,401.000000,653.500000,510.500000,33.799999,-171.500000,109.500000,203.476043,-2.573356,-147.442421,0.462064
219,7.300000,detected,OK,1,3,detected,TRACKED,MATCHED_EXISTING_ID,0,1,0,800.000000,443.000000,638.500000,566.500000,34.099998,-161.500000,123.500000,203.308878,-2.488746,-142.594643,3.997003
220,7.333333,detected,OK,1,3,detected,TRACKED,MATCHED_EXISTING_ID,0,1,0,795.500000,455.500000,636.500000,581.500000,33.000000,-159.000000,126.000000,202.871881,-2.471471,-141.604835,1.459768
221,7.366667,detected,OK,1,3,detected,TRACKED,MATCHED_EXISTING_ID,0,1,0,795.000000,461.000000,637.500000,588.500000,36.299999,-157.500000,127.500000,202.638841,-2.461071,-141.009006,1.269839
222,7.400000,detected,OK,1,3,detected,TRACKED,MATCHED_EXISTING_ID,0,1,0,796.000000,464.000000,640.500000,592.500000,35.799999,-155.500000,128.500000,201.723821,-2.450980,-140.430811,0.779538
223,7.433333,detected,OK,1,3,detected,TRACKED,MATCHED_EXISTING_ID,0,1,0,794.500000,463.000000,637.500000,596.500000,36.000000,-157.000000,133.500000,206.085540,-2.436914,-139.624872,0.239978
224,7.466667,detected,OK,1,3,detected,TRACKED,MATCHED_EXISTING_ID,0,1,0,794.000000,458.000000,640.500000,593.500000,34.099998,-153.500000,135.500000,204.749847,-2.418398,-138.563991,0.110954
225,7.500000,detected,OK,1,3,detected,TRACKED,MATCHED_EXISTING_ID,0,1,0,793.500000,453.000000,640.500000,589.500000,33.799999,-153.000000,136.500000,205.039630,-2.413128,-138.262033,0.692350
226,7.533333,detected,OK,1,3,detected,TRACKED,MATCHED_EXISTING_ID,0,1,0,792.000000,450.500000,639.500000,589.500000,36.599998,-152.500000,139.000000,206.342555,-2.402474,-137.651598,0.106932
227,7.566667,detected,OK,1,3,detected,TRACKED,MATCHED_EXISTING_ID,0,1,0,791.500000,445.500000,641.500000,585.500000,33.799999,-150.000000,140.000000,205.182845,-2.390664,-136.974934,0.002069
228,7.600000,detected,OK,1,3,detected,TRACKED,MATCHED_EXISTING_ID,0,1,0,790.000000,439.500000,641.500000,581.500000,33.799999,-148.500000,142.000000,205.465934,-2.378566,-136.281792,0.017720
229,7.633333,detected,OK,1,3,detected,TRACKED,MATCHED_EXISTING_ID,0,1,0,769.500000,417.000000,637.500000,573.500000,36.400002,-132.000000,156.500000,204.734584,-2.271476,-130.145974,5.453307
230,7.666667,detected,OK,1,3,detected,TRACKED,MATCHED_EXISTING_ID,0,1,0,767.500000,415.500000,634.500000,572.500000,35.500000,-133.000000,157.000000,205.761998,-2.273624,-130.269061,2.986921
231,7.700000,detected,OK,1,3,detected,TRACKED,MATCHED_EXISTING_ID,0,1,0,768.000000,414.000000,636.500000,573.500000,34.700001,-131.500000,159.500000,206.718408,-2.260270,-129.503924,0.903927
232,7.733333,detected,OK,1,3,detected,TRACKED,MATCHED_EXISTING_ID,0,1,0,765.500000,417.500000,635.500000,580.500000,36.400002,-130.000000,163.000000,208.492206,-2.244039,-128.573972,0.377542
233,7.766667,detected,OK,2,3,lost,LOST,NO_MATCH,1,1,,762.000000,422.500000,,,,,,,,,
234,7.800000,detected,OK,2,3,lost,HOLD,NO_MATCH,2,1,,757.000000,427.000000,,,,,,,,,
235,7.833333,detected,OK,2,3,lost,HOLD,NO_MATCH,3,1,,752.000000,431.000000,,,,,,,,,
236,7.866667,detected,OK,2,3,lost,HOLD,NO_MATCH,4,1,,746.000000,435.500000,,,,,,,,,
237,7.900000,detected,OK,2,3,lost,HOLD,NO_MATCH,5,1,,744.000000,445.500000,,,,,,,,,
238,7.933333,lost,NO_R_CANDIDATE,0,3,lost,HOLD,R_LOST,6,1,,,,,,,,,,,,
239,7.966667,detected,OK,2,3,lost,HOLD,NO_MATCH,7,1,,804.000000,772.500000,,,,,,,,,
240,8.000000,detected,OK,2,3,lost,RELEASED,NO_MATCH,8,0,,810.000000,798.000000,,,,,,,,,
241,8.033333,detected,OK,2,4,detected,ACQUIRED,NEW_TRACK_SEGMENT,0,1,1,811.500000,807.500000,788.500000,646.500000,33.799999,-23.000000,-161.000000,162.634560,1.712693,98.130102,
242,8.066667,detected,OK,2,4,detected,TRACKED,MATCHED_EXISTING_ID,0,1,1,818.000000,778.500000,779.500000,620.500000,32.200001,-38.500000,-158.000000,162.623030,1.809809,103.694438,5.564336
243,8.100000,detected,OK,2,4,detected,TRACKED,MATCHED_EXISTING_ID,0,1,1,819.500000,771.500000,778.500000,614.500000,33.799999,-41.000000,-157.000000,162.265215,1.826238,104.635729,4.623045
244,8.133333,detected,OK,2,4,detected,TRACKED,MATCHED_EXISTING_ID,0,1,1,821.000000,765.000000,782.500000,607.500000,33.200001,-38.500000,-157.500000,162.137288,1.810539,103.736268,4.614579
245,8.166667,detected,OK,2,4,detected,TRACKED,MATCHED_EXISTING_ID,0,1,0,822.000000,715.500000,760.500000,565.500000,32.200001,-61.500000,-150.000000,162.118013,1.959894,112.293629,6.688074
246,8.200000,detected,OK,1,4,lost,LOST,NO_MATCH,1,1,,823.000000,715.500000,,,,,,,,,
247,8.233333,detected,OK,1,4,detected,REACQUIRED,MATCHED_EXISTING_ID,0,1,0,824.000000,717.000000,758.500000,566.500000,32.599998,-65.500000,-150.500000,164.135615,1.981288,113.519444,6.617329
248,8.266667,detected,OK,1,4,detected,TRACKED,MATCHED_EXISTING_ID,0,1,0,825.500000,717.500000,755.500000,571.500000,33.599998,-70.000000,-146.000000,161.913557,2.017871,115.615484,0.502065
249,8.300000,detected,OK,1,4,detected,TRACKED,MATCHED_EXISTING_ID,0,1,0,828.000000,717.000000,754.500000,570.500000,33.799999,-73.500000,-146.500000,163.903935,2.035808,116.643217,1.369547
250,8.333333,detected,OK,1,4,detected,TRACKED,MATCHED_EXISTING_ID,0,1,0,831.500000,715.500000,757.500000,569.500000,31.600000,-74.000000,-146.000000,163.682620,2.039908,116.878140,1.614539
251,8.366667,detected,OK,1,4,detected,TRACKED,MATCHED_EXISTING_ID,0,1,0,834.000000,717.000000,760.500000,571.500000,32.200001,-73.500000,-145.500000,163.010736,2.038559,116.800835,1.280950
252,8.400000,detected,OK,1,4,detected,TRACKED,MATCHED_EXISTING_ID,0,1,0,837.000000,717.500000,762.500000,576.500000,31.500000,-74.500000,-141.000000,159.471784,2.056881,117.850575,0.358475
253,8.433333,detected,OK,1,4,detected,TRACKED,MATCHED_EXISTING_ID,0,1,0,840.000000,719.000000,765.500000,574.500000,34.099998,-74.500000,-144.500000,162.574598,2.046823,117.274316,1.410914
254,8.466667,detected,OK,1,4,detected,TRACKED,MATCHED_EXISTING_ID,0,1,0,846.000000,720.000000,767.500000,577.500000,34.400002,-78.500000,-142.500000,162.691426,2.074313,118.849366,1.304761
255,8.500000,detected,OK,1,4,detected,TRACKED,MATCHED_EXISTING_ID,0,1,0,848.000000,721.000000,769.500000,580.500000,33.799999,-78.500000,-140.500000,160.942536,2.080309,119.192916,0.448644
256,8.533333,detected,OK,1,4,detected,TRACKED,MATCHED_EXISTING_ID,0,1,0,866.000000,711.000000,771.500000,579.500000,33.799999,-94.500000,-131.500000,161.933628,2.193917,125.702202,5.896550
257,8.566667,detected,OK,1,4,detected,TRACKED,MATCHED_EXISTING_ID,0,1,0,867.500000,709.500000,770.500000,575.500000,34.900002,-97.000000,-134.000000,165.423698,2.197370,125.900050,2.773509
258,8.600000,detected,OK,1,4,detected,TRACKED,MATCHED_EXISTING_ID,0,1,0,868.000000,709.000000,768.500000,580.500000,31.900000,-99.500000,-128.500000,162.519230,2.229681,127.751302,0.010701
259,8.633333,detected,OK,1,4,detected,TRACKED,MATCHED_EXISTING_ID,0,1,0,872.000000,696.000000,766.500000,571.500000,32.400002,-105.500000,-124.500000,163.188541,2.273773,130.277593,0.668619
260,8.666667,detected,OK,1,4,detected,TRACKED,MATCHED_EXISTING_ID,0,1,0,872.000000,693.500000,761.500000,568.500000,33.000000,-110.500000,-125.000000,166.838994,2.294701,131.476682,0.926031
261,8.700000,detected,OK,1,4,detected,TRACKED,MATCHED_EXISTING_ID,0,1,0,873.500000,692.000000,763.500000,572.500000,32.099998,-110.000000,-119.500000,162.419980,2.314824,132.629633,0.601757
262,8.733333,detected,OK,1,4,detected,TRACKED,MATCHED_EXISTING_ID,0,1,0,877.000000,685.500000,760.500000,568.500000,33.799999,-116.500000,-117.000000,165.109812,2.354053,134.877311,0.733674
263,8.766667,detected,OK,1,4,detected,TRACKED,MATCHED_EXISTING_ID,0,1,0,877.500000,685.000000,758.500000,570.500000,31.900000,-119.000000,-114.500000,165.140092,2.375464,136.104065,0.580721
264,8.800000,detected,OK,2,4,detected,TRACKED,MATCHED_EXISTING_ID,0,1,1,878.000000,683.500000,755.500000,568.500000,33.799999,-122.500000,-115.000000,168.021576,2.387763,136.808739,0.870511
265,8.833333,detected,OK,1,4,detected,TRACKED,MATCHED_EXISTING_ID,0,1,0,879.000000,683.500000,762.500000,567.500000,32.099998,-116.500000,-116.000000,164.402707,2.358345,135.123217,2.912504
266,8.866667,detected,OK,1,4,detected,TRACKED,MATCHED_EXISTING_ID,0,1,0,880.000000,685.000000,760.500000,570.500000,33.000000,-119.500000,-114.500000,165.500755,2.377559,136.224083,1.038886
267,8.900000,detected,OK,1,4,detected,TRACKED,MATCHED_EXISTING_ID,0,1,0,863.500000,677.000000,739.500000,563.500000,31.900000,-124.000000,-113.500000,168.101904,2.400376,137.531428,0.829811
268,8.933333,detected,OK,1,4,detected,TRACKED,MATCHED_EXISTING_ID,0,1,0,837.500000,674.000000,712.500000,561.500000,34.900002,-125.000000,-112.500000,168.170301,2.408778,138.012788,0.328099
269,8.966667,detected,OK,1,4,detected,TRACKED,MATCHED_EXISTING_ID,0,1,0,803.500000,667.500000,681.500000,557.500000,31.900000,-122.000000,-110.000000,164.268074,2.407873,137.960936,0.730070
270,9.000000,detected,OK,1,4,detected,TRACKED,MATCHED_EXISTING_ID,0,1,0,767.500000,661.000000,642.500000,548.500000,33.000000,-125.000000,-112.500000,168.170301,2.408778,138.012788,0.334339
271,9.033333,detected,OK,1,4,detected,TRACKED,MATCHED_EXISTING_ID,0,1,0,731.500000,650.000000,605.500000,537.500000,34.400002,-126.000000,-112.500000,168.914919,2.412738,138.239700,0.025542
272,9.066667,detected,OK,2,4,detected,TRACKED,MATCHED_EXISTING_ID,0,1,1,448.500000,595.000000,322.500000,479.500000,35.799999,-126.000000,-115.500000,170.927616,2.399645,137.489553,0.992386
273,9.100000,detected,OK,2,4,detected,TRACKED,MATCHED_EXISTING_ID,0,1,1,437.500000,593.500000,309.500000,483.500000,32.200001,-128.000000,-110.000000,168.772036,2.431681,139.325060,1.990224
274,9.133333,detected,OK,2,4,detected,TRACKED,MATCHED_EXISTING_ID,0,1,1,434.500000,595.000000,302.500000,485.500000,35.500000,-132.000000,-109.500000,171.505831,2.449094,140.322751,0.356317
275,9.166667,detected,OK,1,4,detected,TRACKED,MATCHED_EXISTING_ID,0,1,0,608.500000,671.500000,472.500000,573.500000,31.400000,-136.000000,-98.000000,167.630546,2.517182,144.223922,3.117271
276,9.200000,lost,NO_R_CANDIDATE,0,4,lost,LOST,R_LOST,1,1,,,,,,,,,,,,
277,9.233333,detected,OK,1,4,detected,REACQUIRED,MATCHED_EXISTING_ID,0,1,0,696.000000,699.500000,557.500000,606.500000,31.500000,-138.500000,-93.000000,166.827006,2.550265,146.119424,2.166116
278,9.266667,detected,OK,1,4,detected,TRACKED,MATCHED_EXISTING_ID,0,1,0,900.500000,751.000000,754.500000,661.500000,32.900002,-146.000000,-89.500000,171.249088,2.591659,148.491132,0.774123
279,9.300000,detected,OK,1,4,detected,TRACKED,MATCHED_EXISTING_ID,0,1,0,920.500000,751.500000,767.500000,665.500000,34.900002,-153.000000,-86.000000,175.513532,2.629514,150.660029,0.261662
280,9.333333,detected,OK,1,4,detected,TRACKED,MATCHED_EXISTING_ID,0,1,0,937.000000,751.500000,787.500000,665.500000,34.299999,-149.500000,-86.000000,172.471012,2.619570,150.090299,2.581630
281,9.366667,detected,OK,1,4,detected,TRACKED,MATCHED_EXISTING_ID,0,1,0,950.500000,749.500000,797.500000,664.500000,32.400002,-153.000000,-85.000000,175.025712,2.634494,150.945396,0.124150
282,9.400000,detected,OK,0,4,lost,LOST,NO_VALID_TARGET,1,1,,914.500000,676.000000,,,,,,,,,
283,9.433333,detected,OK,0,4,lost,HOLD,NO_VALID_TARGET,2,1,,900.000000,665.500000,,,,,,,,,
284,9.466667,detected,OK,0,4,lost,HOLD,NO_VALID_TARGET,3,1,,895.000000,661.000000,,,,,,,,,
285,9.500000,detected,OK,0,4,lost,HOLD,NO_VALID_TARGET,4,1,,611.500000,599.000000,,,,,,,,,
286,9.533333,detected,OK,1,4,lost,HOLD,NO_MATCH,5,1,,581.500000,597.000000,,,,,,,,,
287,9.566667,lost,NO_R_CANDIDATE,0,4,lost,HOLD,R_LOST,6,1,,,,,,,,,,,,
288,9.600000,detected,OK,1,4,lost,HOLD,NO_MATCH,7,1,,464.000000,626.000000,,,,,,,,,
289,9.633333,detected,OK,1,4,lost,RELEASED,NO_MATCH,8,0,,466.000000,629.500000,,,,,,,,,
290,9.666667,detected,OK,1,5,detected,ACQUIRED,NEW_TRACK_SEGMENT,0,1,0,468.500000,633.000000,665.500000,634.500000,33.799999,197.000000,1.500000,197.005711,-0.007614,-0.436254,
291,9.700000,detected,OK,1,5,detected,TRACKED,MATCHED_EXISTING_ID,0,1,0,500.000000,646.500000,698.500000,640.500000,35.700001,198.500000,-6.000000,198.590659,0.030217,1.731335,2.167589
292,9.733333,detected,OK,1,5,detected,TRACKED,MATCHED_EXISTING_ID,0,1,0,504.500000,647.000000,702.500000,638.500000,34.299999,198.000000,-8.500000,198.182366,0.042903,2.458158,1.440766
293,9.766667,detected,OK,1,5,detected,TRACKED,MATCHED_EXISTING_ID,0,1,0,510.000000,646.500000,704.500000,639.500000,34.900002,194.500000,-7.000000,194.625923,0.035974,2.061169,1.988271
294,9.800000,detected,OK,1,5,detected,TRACKED,MATCHED_EXISTING_ID,0,1,0,521.500000,635.500000,715.500000,622.500000,33.599998,194.000000,-13.000000,194.435079,0.066910,3.833677,0.976533
295,9.833333,detected,OK,1,5,detected,TRACKED,MATCHED_EXISTING_ID,0,1,0,522.000000,635.000000,714.500000,619.500000,35.299999,192.500000,-15.500000,193.123018,0.080346,4.603495,0.416769
296,9.866667,detected,OK,1,5,detected,TRACKED,MATCHED_EXISTING_ID,0,1,0,522.000000,633.500000,715.500000,617.500000,35.200001,193.500000,-16.000000,194.160372,0.082500,4.726882,0.896492
297,9.900000,detected,OK,1,5,detected,TRACKED,MATCHED_EXISTING_ID,0,1,0,523.000000,637.500000,719.500000,619.500000,35.500000,196.500000,-18.000000,197.322705,0.091348,5.233862,0.154303
298,9.933333,detected,OK,1,5,detected,TRACKED,MATCHED_EXISTING_ID,0,1,0,524.000000,639.000000,717.500000,620.500000,33.000000,193.500000,-18.500000,194.382355,0.095318,5.461291,0.372132
299,9.966667,detected,OK,1,5,detected,TRACKED,MATCHED_EXISTING_ID,0,1,0,524.000000,639.500000,718.500000,621.500000,33.799999,194.500000,-18.000000,195.331129,0.092282,5.287377,0.624623
300,10.000000,detected,OK,1,5,detected,TRACKED,MATCHED_EXISTING_ID,0,1,0,528.000000,654.500000,719.500000,629.500000,34.700001,191.500000,-25.000000,193.124960,0.129814,7.437803,1.949567
301,10.033333,detected,OK,1,5,detected,TRACKED,MATCHED_EXISTING_ID,0,1,0,528.000000,655.000000,722.500000,630.500000,35.299999,194.500000,-24.500000,196.036986,0.125304,7.179394,1.239096
302,10.066667,detected,OK,1,5,detected,TRACKED,MATCHED_EXISTING_ID,0,1,0,528.000000,655.000000,719.500000,628.500000,34.900002,191.500000,-26.500000,193.324856,0.137508,7.878623,0.214181
303,10.100000,detected,OK,1,5,detected,TRACKED,MATCHED_EXISTING_ID,0,1,0,528.000000,653.500000,719.500000,620.500000,34.900002,191.500000,-33.000000,194.322541,0.170648,9.777397,1.328054
304,10.133333,detected,OK,1,5,detected,TRACKED,MATCHED_EXISTING_ID,0,1,0,528.000000,653.000000,718.500000,624.500000,34.299999,190.500000,-28.500000,192.620092,0.148505,8.508703,2.370636
305,10.166667,detected,OK,1,5,detected,TRACKED,MATCHED_EXISTING_ID,0,1,0,528.000000,652.500000,721.500000,620.500000,34.200001,193.500000,-32.000000,196.128147,0.163891,9.390282,0.727891
306,10.200000,detected,OK,1,5,detected,TRACKED,MATCHED_EXISTING_ID,0,1,0,528.000000,649.500000,719.500000,614.500000,35.200001,191.500000,-35.000000,194.672160,0.180772,10.357496,0.522369
307,10.233333,detected,OK,1,5,detected,TRACKED,MATCHED_EXISTING_ID,0,1,0,528.500000,649.500000,718.500000,612.500000,34.000000,190.000000,-37.000000,193.569109,0.192330,11.019683,0.008395
308,10.266667,detected,OK,1,5,detected,TRACKED,MATCHED_EXISTING_ID,0,1,0,529.000000,650.000000,717.500000,613.500000,34.599998,188.500000,-36.500000,192.001302,0.191267,10.958788,0.718045
309,10.300000,detected,OK,1,5,detected,TRACKED,MATCHED_EXISTING_ID,0,1,0,530.000000,661.000000,716.500000,619.500000,35.099998,186.500000,-41.500000,191.061508,0.218953,12.545071,1.216351
310,10.333333,detected,OK,1,5,detected,TRACKED,MATCHED_EXISTING_ID,0,1,0,530.000000,662.500000,716.500000,621.500000,34.799999,186.500000,-41.000000,190.953528,0.216397,12.398627,1.002916
311,10.366667,detected,OK,1,5,detected,TRACKED,MATCHED_EXISTING_ID,0,1,0,530.000000,663.500000,716.500000,623.500000,36.500000,186.500000,-40.000000,190.741317,0.211276,12.105247,0.748686
312,10.400000,detected,OK,1,5,detected,TRACKED,MATCHED_EXISTING_ID,0,1,0,531.000000,667.000000,717.500000,624.500000,33.700001,186.500000,-42.500000,191.281207,0.224056,12.837458,0.576379
313,10.433333,detected,OK,1,5,detected,TRACKED,MATCHED_EXISTING_ID,0,1,0,531.000000,668.000000,716.500000,623.500000,35.099998,185.500000,-44.500000,190.762942,0.235443,13.489892,0.266051
314,10.466667,detected,OK,1,5,detected,TRACKED,MATCHED_EXISTING_ID,0,1,0,530.500000,669.500000,714.500000,625.500000,34.099998,184.000000,-44.000000,189.187737,0.234723,13.448615,0.534081
315,10.500000,detected,OK,1,5,detected,TRACKED,MATCHED_EXISTING_ID,0,1,0,530.500000,671.500000,719.500000,627.500000,34.400002,189.000000,-44.000000,194.054116,0.228730,13.105269,0.622517
316,10.533333,detected,OK,1,5,detected,TRACKED,MATCHED_EXISTING_ID,0,1,0,530.500000,673.500000,716.500000,631.500000,34.000000,186.000000,-42.000000,190.682983,0.222082,12.724356,0.411078
317,10.566667,detected,OK,1,5,detected,TRACKED,MATCHED_EXISTING_ID,0,1,0,530.500000,677.000000,717.500000,630.500000,33.799999,187.000000,-46.500000,192.694707,0.243720,13.964128,1.374039
318,10.600000,detected,OK,1,5,detected,TRACKED,MATCHED_EXISTING_ID,0,1,0,530.500000,688.000000,713.500000,640.500000,33.799999,183.000000,-47.500000,189.064143,0.253959,14.550752,0.171275
319,10.633333,detected,OK,2,5,lost,LOST,NO_MATCH,1,1,,530.000000,691.000000,,,,,,,,,
320,10.666667,detected,OK,2,5,lost,HOLD,NO_MATCH,2,1,,530.500000,693.500000,,,,,,,,,
321,10.700000,detected,OK,2,5,lost,HOLD,NO_MATCH,3,1,,531.000000,695.000000,,,,,,,,,
322,10.733333,detected,OK,2,5,lost,HOLD,NO_MATCH,4,1,,532.000000,697.000000,,,,,,,,,
323,10.766667,detected,OK,2,5,lost,HOLD,NO_MATCH,5,1,,532.500000,699.000000,,,,,,,,,
324,10.800000,detected,OK,2,5,lost,HOLD,NO_MATCH,6,1,,748.000000,821.500000,,,,,,,,,
325,10.833333,detected,OK,2,5,lost,HOLD,NO_MATCH,7,1,,759.000000,821.000000,,,,,,,,,
326,10.866667,detected,OK,2,5,lost,RELEASED,NO_MATCH,8,0,,762.000000,821.000000,,,,,,,,,
327,10.900000,detected,OK,2,6,detected,ACQUIRED,NEW_TRACK_SEGMENT,0,1,1,776.000000,767.000000,747.500000,611.500000,31.799999,-28.500000,-155.500000,158.090164,1.752064,100.385887,
328,10.933333,detected,OK,2,6,detected,TRACKED,MATCHED_EXISTING_ID,0,1,1,775.000000,761.000000,741.500000,605.500000,33.000000,-33.500000,-155.500000,159.067596,1.782987,102.157650,1.771763
329,10.966667,detected,OK,2,6,detected,TRACKED,MATCHED_EXISTING_ID,0,1,1,774.000000,758.500000,744.500000,601.500000,33.799999,-29.500000,-157.000000,159.747457,1.756529,100.641688,3.287726
330,11.000000,detected,OK,2,6,detected,TRACKED,MATCHED_EXISTING_ID,0,1,1,790.000000,744.000000,751.500000,588.500000,33.299999,-38.500000,-155.500000,160.195193,1.813504,103.906125,2.807764
331,11.033333,detected,OK,2,6,detected,TRACKED,MATCHED_EXISTING_ID,0,1,1,792.000000,745.000000,747.500000,591.500000,33.299999,-44.500000,-153.500000,159.820211,1.852964,106.166994,0.681091
332,11.066667,detected,OK,2,6,detected,TRACKED,MATCHED_EXISTING_ID,0,1,1,793.500000,744.500000,746.500000,591.500000,32.200001,-47.000000,-153.000000,160.056240,1.868836,107.076410,0.942799
333,11.100000,detected,OK,2,6,detected,TRACKED,MATCHED_EXISTING_ID,0,1,1,820.000000,749.000000,765.500000,596.500000,31.600000,-54.500000,-152.500000,161.945979,1.914028,109.665723,1.114218
334,11.133333,detected,OK,1,6,detected,TRACKED,MATCHED_EXISTING_ID,0,1,0,821.500000,749.000000,766.500000,596.500000,31.500000,-55.000000,-152.500000,162.114928,1.916932,109.832130,1.754376
335,11.166667,detected,OK,1,6,detected,TRACKED,MATCHED_EXISTING_ID,0,1,0,823.500000,747.500000,769.500000,597.500000,33.000000,-54.000000,-150.000000,159.423963,1.916352,109.798876,1.252286
336,11.200000,detected,OK,1,6,detected,TRACKED,MATCHED_EXISTING_ID,0,1,0,839.500000,731.000000,777.500000,584.500000,33.599998,-62.000000,-146.500000,159.079383,1.971148,112.938479,2.421485
337,11.233333,detected,OK,1,6,detected,TRACKED,MATCHED_EXISTING_ID,0,1,0,842.500000,726.000000,778.500000,579.500000,33.000000,-64.000000,-146.500000,159.869478,1.982670,113.598596,1.026596
338,11.266667,detected,OK,1,6,detected,TRACKED,MATCHED_EXISTING_ID,0,1,0,845.500000,725.000000,775.500000,580.500000,33.000000,-70.000000,-144.500000,160.562293,2.021910,115.846897,0.972227
339,11.300000,detected,OK,1,6,detected,TRACKED,MATCHED_EXISTING_ID,0,1,0,852.000000,718.000000,781.500000,573.500000,33.000000,-70.500000,-144.500000,160.780907,2.024708,116.007252,1.504609
340,11.333333,detected,OK,1,6,detected,TRACKED,MATCHED_EXISTING_ID,0,1,0,853.500000,716.000000,778.500000,574.500000,33.599998,-75.000000,-141.500000,160.147588,2.058182,117.925170,0.854798
341,11.366667,detected,OK,1,6,detected,TRACKED,MATCHED_EXISTING_ID,0,1,0,855.500000,715.000000,780.500000,570.500000,32.200001,-75.000000,-144.500000,162.804330,2.049553,117.430718,1.899492
342,11.400000,detected,OK,1,6,detected,TRACKED,MATCHED_EXISTING_ID,0,1,0,857.500000,713.000000,781.500000,569.500000,31.799999,-76.000000,-143.500000,162.383035,2.057856,117.906443,0.169519
343,11.433333,detected,OK,1,6,detected,TRACKED,MATCHED_EXISTING_ID,0,1,0,858.000000,711.500000,784.500000,569.500000,32.700001,-73.500000,-142.000000,159.894496,2.048429,117.366339,1.117540
344,11.466667,detected,OK,1,6,detected,TRACKED,MATCHED_EXISTING_ID,0,1,0,859.500000,710.000000,777.500000,570.500000,31.500000,-82.000000,-139.500000,161.815481,2.102207,120.447592,2.950834
345,11.500000,detected,OK,1,6,detected,TRACKED,MATCHED_EXISTING_ID,0,1,0,870.500000,697.500000,781.500000,560.500000,31.900000,-89.000000,-137.000000,163.370744,2.146915,123.009165,1.250819
346,11.533333,detected,OK,1,6,detected,TRACKED,MATCHED_EXISTING_ID,0,1,0,871.000000,697.500000,781.500000,566.500000,32.200001,-89.500000,-131.000000,158.654499,2.170162,124.341128,0.479118
347,11.566667,detected,OK,1,6,detected,TRACKED,MATCHED_EXISTING_ID,0,1,0,871.500000,697.000000,781.500000,561.500000,34.299999,-90.000000,-135.500000,162.666069,2.157094,123.592377,2.368185
348,11.600000,detected,OK,1,6,detected,TRACKED,MATCHED_EXISTING_ID,0,1,0,878.000000,685.500000,776.500000,557.500000,34.299999,-101.500000,-128.000000,163.359267,2.241235,128.413317,4.148781
349,11.633333,detected,OK,1,6,detected,TRACKED,MATCHED_EXISTING_ID,0,1,0,879.500000,685.000000,775.500000,562.500000,32.200001,-104.000000,-122.500000,160.693030,2.274698,130.330577,0.414412
350,11.666667,detected,OK,1,6,detected,TRACKED,MATCHED_EXISTING_ID,0,1,0,880.000000,685.000000,776.500000,561.500000,33.000000,-103.500000,-123.500000,161.135037,2.268316,129.964915,2.531570
351,11.700000,detected,OK,1,6,detected,TRACKED,MATCHED_EXISTING_ID,0,1,0,888.000000,665.000000,768.500000,550.500000,33.299999,-119.500000,-114.500000,165.500755,2.377559,136.224083,5.105888
352,11.733333,detected,OK,1,6,detected,TRACKED,MATCHED_EXISTING_ID,0,1,0,890.000000,663.500000,769.500000,547.500000,32.500000,-120.500000,-116.000000,167.261024,2.375220,136.090063,3.329654
353,11.766667,detected,OK,1,6,detected,TRACKED,MATCHED_EXISTING_ID,0,1,0,890.000000,663.500000,772.500000,549.500000,32.099998,-117.500000,-114.000000,163.713927,2.371312,135.866177,2.087659
354,11.800000,detected,OK,1,6,detected,TRACKED,MATCHED_EXISTING_ID,0,1,0,892.000000,653.000000,764.500000,548.500000,31.900000,-127.500000,-104.500000,164.852965,2.455010,140.661685,3.766799
355,11.833333,detected,OK,1,6,detected,TRACKED,MATCHED_EXISTING_ID,0,1,0,893.000000,651.500000,765.500000,546.500000,33.799999,-127.500000,-105.000000,165.170367,2.452668,140.527540,2.669574
356,11.866667,detected,OK,1,6,detected,TRACKED,MATCHED_EXISTING_ID,0,1,0,893.500000,650.500000,761.500000,548.500000,34.299999,-132.000000,-102.000000,166.817265,2.483704,142.305760,0.310620
357,11.900000,detected,OK,1,6,detected,TRACKED,MATCHED_EXISTING_ID,0,1,0,893.500000,649.000000,761.500000,544.500000,31.900000,-132.000000,-104.500000,168.357507,2.471954,141.632515,2.265092
358,11.933333,detected,OK,1,6,detected,TRACKED,MATCHED_EXISTING_ID,0,1,0,902.000000,624.000000,755.500000,540.500000,31.400000,-146.500000,-83.500000,168.625324,2.623550,150.318336,8.000011
359,11.966667,detected,OK,0,6,lost,LOST,NO_VALID_TARGET,1,1,,902.000000,625.000000,,,,,,,,,
360,12.000000,detected,OK,0,6,lost,HOLD,NO_VALID_TARGET,2,1,,902.000000,625.000000,,,,,,,,,
361,12.033333,detected,OK,0,6,lost,HOLD,NO_VALID_TARGET,3,1,,755.500000,707.500000,,,,,,,,,
362,12.066667,detected,OK,0,6,lost,HOLD,NO_VALID_TARGET,4,1,,679.000000,732.000000,,,,,,,,,
363,12.100000,detected,OK,0,6,lost,HOLD,NO_VALID_TARGET,5,1,,645.500000,741.000000,,,,,,,,,
364,12.133333,detected,OK,1,6,lost,HOLD,NO_MATCH,6,1,,514.000000,782.500000,,,,,,,,,
365,12.166667,detected,OK,1,6,lost,HOLD,NO_MATCH,7,1,,516.500000,777.000000,,,,,,,,,
366,12.200000,detected,OK,1,6,lost,RELEASED,NO_MATCH,8,0,,518.000000,771.500000,,,,,,,,,
367,12.233333,detected,OK,1,7,detected,ACQUIRED,NEW_TRACK_SEGMENT,0,1,0,578.500000,757.000000,765.500000,719.500000,34.900002,187.000000,-37.500000,190.722967,0.197910,11.339390,
368,12.266667,detected,OK,1,7,detected,TRACKED,MATCHED_EXISTING_ID,0,1,0,582.500000,757.000000,770.500000,720.500000,33.799999,188.000000,-36.500000,191.510444,0.191763,10.987225,0.352165
369,12.300000,detected,OK,1,7,detected,TRACKED,MATCHED_EXISTING_ID,0,1,0,586.000000,757.500000,772.500000,716.500000,35.099998,186.500000,-41.000000,190.953528,0.216397,12.398627,1.763567
370,12.333333,detected,OK,1,7,detected,TRACKED,MATCHED_EXISTING_ID,0,1,0,611.000000,775.500000,791.500000,713.500000,34.900002,180.500000,-62.000000,190.851382,0.330864,18.957100,6.205211
371,12.366667,detected,OK,1,7,detected,TRACKED,MATCHED_EXISTING_ID,0,1,0,612.000000,777.500000,790.500000,712.500000,32.900002,178.500000,-65.000000,189.966444,0.349221,20.008875,1.783571
372,12.400000,detected,OK,1,7,detected,TRACKED,MATCHED_EXISTING_ID,0,1,0,614.000000,779.500000,788.500000,712.500000,35.099998,174.500000,-67.000000,186.920438,0.366598,21.004500,1.126292
373,12.433333,detected,OK,1,7,detected,TRACKED,MATCHED_EXISTING_ID,0,1,0,616.000000,785.500000,786.500000,714.500000,33.799999,170.500000,-71.000000,184.692312,0.394583,22.607933,0.067968
374,12.466667,detected,OK,1,7,detected,TRACKED,MATCHED_EXISTING_ID,0,1,0,616.000000,791.000000,787.500000,717.500000,34.299999,171.500000,-73.500000,186.586441,0.404892,23.198591,1.053556
375,12.500000,detected,OK,1,7,detected,TRACKED,MATCHED_EXISTING_ID,0,1,0,617.000000,797.000000,786.500000,722.500000,35.500000,169.500000,-74.500000,185.149939,0.414111,23.726835,0.694547
376,12.533333,detected,OK,1,7,detected,TRACKED,MATCHED_EXISTING_ID,0,1,0,620.000000,802.500000,786.500000,724.500000,33.599998,166.500000,-78.000000,183.864760,0.438106,25.101609,0.429802
377,12.566667,detected,OK,1,7,detected,TRACKED,MATCHED_EXISTING_ID,0,1,0,622.000000,806.500000,790.500000,730.500000,34.200001,168.500000,-76.000000,184.846558,0.423717,24.277211,1.941290
378,12.600000,detected,OK,1,7,detected,TRACKED,MATCHED_EXISTING_ID,0,1,0,624.000000,809.500000,791.500000,724.500000,35.099998,167.500000,-85.000000,187.833038,0.469600,26.906093,2.288505
379,12.633333,detected,OK,1,7,detected,TRACKED,MATCHED_EXISTING_ID,0,1,0,653.500000,803.500000,813.500000,710.500000,34.400002,160.000000,-93.000000,185.064853,0.526519,30.167296,2.005423
380,12.666667,detected,OK,1,7,detected,TRACKED,MATCHED_EXISTING_ID,0,1,0,656.000000,803.500000,809.500000,708.500000,33.200001,153.500000,-95.000000,180.519390,0.554195,31.753055,0.472189
381,12.700000,detected,OK,1,7,detected,TRACKED,MATCHED_EXISTING_ID,0,1,0,658.500000,803.500000,813.500000,709.500000,33.799999,155.000000,-94.000000,181.276033,0.545150,31.234785,2.387342
382,12.733333,detected,OK,1,7,detected,TRACKED,MATCHED_EXISTING_ID,0,1,0,666.000000,793.500000,811.500000,686.500000,33.799999,145.500000,-107.000000,180.608001,0.634088,36.330585,4.181664
383,12.766667,detected,OK,1,7,detected,TRACKED,MATCHED_EXISTING_ID,0,1,0,668.000000,793.000000,808.500000,684.500000,33.299999,140.500000,-108.500000,177.517605,0.657585,37.676827,1.240559
384,12.800000,detected,OK,1,7,detected,TRACKED,MATCHED_EXISTING_ID,0,1,0,669.500000,793.000000,815.500000,683.500000,32.400002,146.000000,-109.500000,182.500000,0.643501,36.869898,2.897507
385,12.833333,detected,OK,1,7,detected,TRACKED,MATCHED_EXISTING_ID,0,1,0,670.000000,793.000000,810.500000,683.500000,32.500000,140.500000,-109.500000,178.130570,0.662028,37.931405,0.129932
386,12.866667,detected,OK,1,7,detected,TRACKED,MATCHED_EXISTING_ID,0,1,0,680.000000,793.000000,814.500000,679.500000,34.099998,134.500000,-113.500000,175.990057,0.700922,40.159888,1.244935
387,12.900000,detected,OK,1,7,detected,TRACKED,MATCHED_EXISTING_ID,0,1,0,682.000000,793.000000,814.500000,674.500000,33.500000,132.500000,-118.500000,177.759669,0.729679,41.807527,0.166118
388,12.933333,detected,OK,1,7,detected,TRACKED,MATCHED_EXISTING_ID,0,1,0,684.500000,792.500000,818.500000,673.500000,33.000000,134.000000,-119.000000,179.212165,0.726179,41.606989,1.748507
389,12.966667,detected,OK,1,7,detected,TRACKED,MATCHED_EXISTING_ID,0,1,0,686.000000,793.000000,815.500000,669.500000,33.799999,129.500000,-123.500000,178.948317,0.761687,43.641461,1.185907
390,13.000000,detected,OK,1,7,detected,TRACKED,MATCHED_EXISTING_ID,0,1,0,688.000000,793.500000,813.500000,670.500000,34.299999,125.500000,-123.000000,175.724927,0.775338,44.423603,0.540787
391,13.033333,detected,OK,1,7,detected,TRACKED,MATCHED_EXISTING_ID,0,1,0,690.000000,794.500000,815.500000,673.500000,33.299999,125.500000,-121.000000,174.330864,0.767145,43.954149,1.576068
392,13.066667,detected,OK,1,7,detected,TRACKED,MATCHED_EXISTING_ID,0,1,0,698.000000,795.000000,817.500000,664.500000,33.799999,119.500000,-130.500000,176.947732,0.829370,47.519389,3.089054
393,13.100000,detected,OK,1,7,detected,TRACKED,MATCHED_EXISTING_ID,0,1,0,701.000000,793.500000,816.500000,664.500000,34.700001,115.500000,-129.000000,173.150946,0.840557,48.160362,1.070836
394,13.133333,detected,OK,1,7,detected,TRACKED,MATCHED_EXISTING_ID,0,1,0,704.000000,791.500000,821.500000,663.500000,34.900002,117.500000,-128.000000,173.753417,0.828142,47.449040,1.994796
395,13.166667,detected,OK,1,7,detected,TRACKED,MATCHED_EXISTING_ID,0,1,0,707.000000,791.500000,822.500000,660.500000,30.799999,115.500000,-131.000000,174.646071,0.848196,48.598040,0.663445
396,13.200000,detected,OK,1,7,detected,TRACKED,MATCHED_EXISTING_ID,0,1,0,712.000000,791.000000,822.500000,660.500000,32.900002,110.500000,-130.500000,170.998538,0.868196,49.743966,0.394992
397,13.233333,detected,OK,1,7,detected,TRACKED,MATCHED_EXISTING_ID,0,1,0,715.500000,791.000000,824.500000,657.500000,34.900002,109.000000,-133.500000,172.346308,0.886087,50.769070,0.116174
398,13.266667,detected,OK,1,7,detected,TRACKED,MATCHED_EXISTING_ID,0,1,0,731.000000,769.000000,820.500000,625.500000,32.700001,89.500000,-143.500000,169.122736,1.013137,58.048483,6.324013
399,13.300000,detected,OK,1,7,detected,TRACKED,MATCHED_EXISTING_ID,0,1,0,732.000000,766.500000,819.500000,618.500000,33.799999,87.500000,-148.000000,171.930945,1.036861,59.407732,2.013991
400,13.333333,detected,OK,1,7,detected,TRACKED,MATCHED_EXISTING_ID,0,1,0,732.000000,765.000000,818.500000,623.500000,33.799999,86.500000,-141.500000,165.844807,1.022104,58.562246,3.413130
401,13.366667,detected,OK,1,7,detected,TRACKED,MATCHED_EXISTING_ID,0,1,0,744.500000,765.500000,809.500000,615.500000,32.200001,65.000000,-150.000000,163.477827,1.161888,66.571307,6.806670
402,13.400000,detected,OK,1,7,detected,TRACKED,MATCHED_EXISTING_ID,0,1,0,747.000000,769.000000,809.500000,615.500000,34.299999,62.500000,-153.500000,165.736236,1.184128,67.845512,2.247230
403,13.433333,detected,OK,1,7,detected,TRACKED,MATCHED_EXISTING_ID,0,1,0,748.000000,769.500000,805.500000,616.500000,32.200001,57.500000,-153.000000,163.448004,1.211310,69.402927,1.065128
404,13.466667,detected,OK,1,7,detected,TRACKED,MATCHED_EXISTING_ID,0,1,0,750.000000,769.500000,801.500000,612.500000,34.099998,51.500000,-157.000000,165.230899,1.253830,71.839192,0.239773
405,13.500000,detected,OK,1,7,detected,TRACKED,MATCHED_EXISTING_ID,0,1,0,752.500000,769.500000,803.500000,615.500000,32.200001,51.000000,-154.000000,162.225152,1.250995,71.676739,2.454854
406,13.533333,detected,OK,1,7,detected,TRACKED,MATCHED_EXISTING_ID,0,1,0,754.000000,770.500000,803.500000,617.500000,32.900002,49.500000,-153.000000,160.808115,1.257895,72.072080,0.915118
407,13.566667,detected,OK,0,7,lost,LOST,NO_VALID_TARGET,1,1,,756.500000,771.500000,,,,,,,,,
408,13.600000,detected,OK,1,7,detected,REACQUIRED,MATCHED_EXISTING_ID,0,1,0,760.000000,771.500000,800.500000,612.500000,33.799999,40.500000,-159.000000,164.076964,1.321383,75.709675,1.748770
409,13.633333,detected,OK,1,7,detected,TRACKED,MATCHED_EXISTING_ID,0,1,0,762.500000,772.500000,804.500000,613.500000,32.099998,42.000000,-159.000000,164.453641,1.312544,75.203238,1.800603
410,13.666667,detected,OK,1,7,detected,TRACKED,MATCHED_EXISTING_ID,0,1,0,768.000000,773.000000,807.500000,615.500000,34.000000,39.500000,-157.500000,162.377646,1.325071,75.920967,0.143804
411,13.700000,detected,OK,1,7,detected,TRACKED,MATCHED_EXISTING_ID,0,1,0,775.000000,772.500000,810.500000,614.500000,33.799999,35.500000,-158.000000,161.939032,1.349783,77.336876,0.784463
412,13.733333,detected,OK,1,7,detected,TRACKED,MATCHED_EXISTING_ID,0,1,0,780.500000,772.000000,808.500000,611.500000,32.900002,28.000000,-160.500000,162.924062,1.398080,80.104065,1.821958
413,13.766667,detected,OK,1,7,detected,TRACKED,MATCHED_EXISTING_ID,0,1,0,783.000000,772.500000,811.500000,613.500000,33.799999,28.500000,-159.000000,161.534052,1.393435,79.837917,1.940163
414,13.800000,detected,OK,1,7,detected,TRACKED,MATCHED_EXISTING_ID,0,1,0,785.500000,772.500000,808.500000,613.500000,30.799999,23.000000,-159.000000,160.654910,1.427139,81.769025,1.033159
415,13.833333,detected,OK,1,7,detected,TRACKED,MATCHED_EXISTING_ID,0,1,0,787.500000,772.500000,811.500000,611.500000,32.099998,24.000000,-161.000000,162.778991,1.422818,81.521448,1.558790
416,13.866667,detected,OK,1,7,detected,TRACKED,MATCHED_EXISTING_ID,0,1,0,789.500000,771.500000,805.500000,609.500000,34.400002,16.000000,-162.000000,162.788206,1.472350,84.359451,2.150306
417,13.900000,detected,OK,1,7,detected,TRACKED,MATCHED_EXISTING_ID,0,1,0,798.000000,761.500000,800.500000,602.500000,31.900000,2.500000,-159.000000,159.019653,1.555074,89.099197,3.191927
418,13.933333,detected,OK,1,7,detected,TRACKED,MATCHED_EXISTING_ID,0,1,0,798.000000,760.500000,798.500000,604.500000,33.500000,0.500000,-156.000000,156.000801,1.567591,89.816360,2.107427
419,13.966667,detected,OK,1,7,detected,TRACKED,MATCHED_EXISTING_ID,0,1,0,799.500000,758.500000,794.500000,596.500000,31.600000,-5.000000,-162.000000,162.077142,1.601651,91.767827,0.030153
420,14.000000,detected,OK,1,7,detected,TRACKED,MATCHED_EXISTING_ID,0,1,0,799.500000,759.000000,788.500000,601.500000,32.099998,-11.000000,-157.500000,157.883660,1.640524,93.995123,0.257737
421,14.033333,detected,OK,1,7,detected,TRACKED,MATCHED_EXISTING_ID,0,1,0,798.500000,759.500000,781.500000,600.500000,33.599998,-17.000000,-159.000000,159.906223,1.677310,96.102780,0.035004
422,14.066667,detected,OK,1,7,detected,TRACKED,MATCHED_EXISTING_ID,0,1,0,798.000000,759.500000,783.500000,603.500000,34.299999,-14.500000,-156.000000,156.672429,1.663479,95.310312,2.879123
423,14.100000,detected,OK,1,7,detected,TRACKED,MATCHED_EXISTING_ID,0,1,0,797.500000,759.500000,775.500000,600.500000,34.299999,-22.000000,-159.000000,160.514797,1.708288,97.877700,1.632382
424,14.133333,detected,OK,1,7,detected,TRACKED,MATCHED_EXISTING_ID,0,1,0,797.500000,759.500000,775.500000,603.500000,30.700001,-22.000000,-156.000000,157.543645,1.710898,98.027238,1.438421
425,14.166667,detected,OK,0,7,lost,LOST,NO_VALID_TARGET,1,1,,799.500000,757.000000,,,,,,,,,
426,14.200000,detected,OK,0,7,lost,HOLD,NO_VALID_TARGET,2,1,,799.500000,757.000000,,,,,,,,,
427,14.233333,detected,OK,0,7,lost,HOLD,NO_VALID_TARGET,3,1,,799.500000,755.500000,,,,,,,,,
428,14.266667,detected,OK,0,7,lost,HOLD,NO_VALID_TARGET,4,1,,800.000000,755.500000,,,,,,,,,
429,14.300000,detected,OK,0,7,lost,HOLD,NO_VALID_TARGET,5,1,,801.000000,755.000000,,,,,,,,,
430,14.333333,detected,OK,0,7,lost,HOLD,NO_VALID_TARGET,6,1,,802.000000,754.500000,,,,,,,,,
431,14.366667,detected,OK,0,7,lost,HOLD,NO_VALID_TARGET,7,1,,803.500000,753.000000,,,,,,,,,
432,14.400000,detected,OK,0,7,lost,RELEASED,NO_VALID_TARGET,8,0,,804.000000,751.000000,,,,,,,,,
433,14.433333,detected,OK,0,,waiting,NONE,WAITING_FOR_TARGET,0,0,,805.500000,749.500000,,,,,,,,,
434,14.466667,detected,OK,0,,waiting,NONE,WAITING_FOR_TARGET,0,0,,807.000000,748.000000,,,,,,,,,
435,14.500000,detected,OK,0,,waiting,NONE,WAITING_FOR_TARGET,0,0,,808.000000,747.000000,,,,,,,,,
436,14.533333,detected,OK,0,,waiting,NONE,WAITING_FOR_TARGET,0,0,,809.500000,745.500000,,,,,,,,,
437,14.566667,detected,OK,0,,waiting,NONE,WAITING_FOR_TARGET,0,0,,810.000000,745.000000,,,,,,,,,
438,14.600000,detected,OK,0,,waiting,NONE,WAITING_FOR_TARGET,0,0,,810.000000,745.500000,,,,,,,,,
439,14.633333,detected,OK,0,,waiting,NONE,WAITING_FOR_TARGET,0,0,,810.000000,745.500000,,,,,,,,,
440,14.666667,detected,OK,0,,waiting,NONE,WAITING_FOR_TARGET,0,0,,810.000000,745.500000,,,,,,,,,
441,14.700000,detected,OK,0,,waiting,NONE,WAITING_FOR_TARGET,0,0,,810.000000,745.000000,,,,,,,,,
442,14.733333,detected,OK,0,,waiting,NONE,WAITING_FOR_TARGET,0,0,,811.500000,745.000000,,,,,,,,,
443,14.766667,detected,OK,0,,waiting,NONE,WAITING_FOR_TARGET,0,0,,812.000000,745.000000,,,,,,,,,
444,14.800000,detected,OK,0,,waiting,NONE,WAITING_FOR_TARGET,0,0,,812.000000,745.000000,,,,,,,,,
445,14.833333,detected,OK,0,,waiting,NONE,WAITING_FOR_TARGET,0,0,,813.000000,745.000000,,,,,,,,,
446,14.866667,detected,OK,0,,waiting,NONE,WAITING_FOR_TARGET,0,0,,813.500000,745.000000,,,,,,,,,
447,14.900000,detected,OK,0,,waiting,NONE,WAITING_FOR_TARGET,0,0,,813.500000,745.500000,,,,,,,,,
448,14.933333,detected,OK,0,,waiting,NONE,WAITING_FOR_TARGET,0,0,,814.000000,745.500000,,,,,,,,,
449,14.966667,detected,OK,0,,waiting,NONE,WAITING_FOR_TARGET,0,0,,814.000000,745.500000,,,,,,,,,
450,15.000000,detected,OK,0,,waiting,NONE,WAITING_FOR_TARGET,0,0,,816.000000,745.000000,,,,,,,,,
451,15.033333,detected,OK,0,,waiting,NONE,WAITING_FOR_TARGET,0,0,,817.000000,745.000000,,,,,,,,,
452,15.066667,detected,OK,0,,waiting,NONE,WAITING_FOR_TARGET,0,0,,818.000000,746.500000,,,,,,,,,
453,15.100000,detected,OK,2,8,detected,ACQUIRED,NEW_TRACK_SEGMENT,0,1,0,818.000000,747.000000,1008.500000,836.500000,35.099998,190.500000,89.500000,210.476840,-0.439210,-25.164902,
454,15.133333,detected,OK,2,8,detected,TRACKED,MATCHED_EXISTING_ID,0,1,0,819.500000,747.500000,1007.500000,834.500000,38.000000,188.000000,87.000000,207.154532,-0.433419,-24.833093,0.331809
455,15.166667,detected,OK,1,8,detected,TRACKED,MATCHED_EXISTING_ID,0,1,0,819.500000,747.500000,1009.500000,836.500000,36.400002,190.000000,89.000000,209.811820,-0.438067,-25.099381,0.598096
456,15.200000,detected,OK,2,8,detected,TRACKED,MATCHED_EXISTING_ID,0,1,0,818.500000,749.000000,1009.500000,835.500000,36.400002,191.000000,86.500000,209.674152,-0.425246,-24.364801,0.642009
457,15.233333,detected,OK,1,8,detected,TRACKED,MATCHED_EXISTING_ID,0,1,0,613.500000,608.000000,801.500000,681.500000,38.500000,188.000000,73.500000,201.857004,-0.372687,-21.353384,2.662044
458,15.266667,detected,OK,2,8,detected,TRACKED,MATCHED_EXISTING_ID,0,1,0,557.000000,585.000000,741.500000,656.500000,35.200001,184.500000,71.500000,197.869907,-0.369714,-21.183037,1.243845
459,15.300000,detected,OK,2,8,detected,TRACKED,MATCHED_EXISTING_ID,0,1,0,539.000000,571.500000,727.500000,642.500000,38.099998,188.500000,71.000000,201.428027,-0.360223,-20.639276,0.372892
460,15.333333,detected,OK,2,8,detected,TRACKED,MATCHED_EXISTING_ID,0,1,0,723.500000,675.000000,920.500000,728.500000,32.700001,197.000000,53.500000,204.135372,-0.265178,-15.193577,4.678202
461,15.366667,detected,OK,1,8,detected,TRACKED,MATCHED_EXISTING_ID,0,1,0,759.500000,685.500000,956.500000,734.500000,35.200001,197.000000,49.000000,203.002463,-0.243784,-13.967790,1.412991
462,15.400000,detected,OK,2,8,detected,TRACKED,MATCHED_EXISTING_ID,0,1,0,789.500000,695.500000,985.500000,745.500000,36.599998,196.000000,50.000000,202.277038,-0.249775,-14.311041,2.416833
463,15.433333,detected,OK,2,8,detected,TRACKED,MATCHED_EXISTING_ID,0,1,0,812.000000,707.500000,1012.500000,749.500000,34.700001,200.500000,42.000000,204.851776,-0.206491,-11.831038,1.373155
464,15.466667,detected,OK,2,8,detected,TRACKED,MATCHED_EXISTING_ID,0,1,0,788.500000,697.500000,984.500000,735.500000,36.099998,196.000000,38.000000,199.649693,-0.191502,-10.972240,0.797312
465,15.500000,detected,OK,1,8,detected,TRACKED,MATCHED_EXISTING_ID,0,1,0,762.500000,685.000000,962.500000,721.500000,34.900002,200.000000,36.500000,203.303345,-0.180513,-10.342657,0.707602
466,15.533333,detected,OK,1,8,detected,TRACKED,MATCHED_EXISTING_ID,0,1,0,733.500000,671.500000,930.500000,709.500000,37.200001,197.000000,38.000000,200.631503,-0.190553,-10.917885,1.629373
467,15.566667,detected,OK,1,8,detected,TRACKED,MATCHED_EXISTING_ID,0,1,0,701.500000,660.000000,896.500000,697.500000,36.400002,195.000000,37.500000,198.573034,-0.189988,-10.885527,0.370037
468,15.600000,detected,OK,2,8,detected,TRACKED,MATCHED_EXISTING_ID,0,1,0,500.000000,594.000000,693.500000,629.500000,35.099998,193.500000,35.500000,196.729510,-0.181445,-10.396019,0.235127
469,15.633333,detected,OK,2,8,detected,TRACKED,MATCHED_EXISTING_ID,0,1,0,488.000000,591.500000,686.500000,627.500000,35.500000,198.500000,36.000000,201.738073,-0.179410,-10.279444,0.231856
470,15.666667,detected,OK,2,8,detected,TRACKED,MATCHED_EXISTING_ID,0,1,0,472.000000,589.500000,666.500000,623.500000,35.299999,194.500000,34.000000,197.449361,-0.173059,-9.915527,0.108228
471,15.700000,detected,OK,1,8,detected,TRACKED,MATCHED_EXISTING_ID,0,1,0,488.000000,647.000000,682.500000,669.500000,34.900002,194.500000,22.500000,195.797089,-0.115169,-6.598716,3.017831
472,15.733333,detected,OK,1,8,detected,TRACKED,MATCHED_EXISTING_ID,0,1,0,492.000000,652.000000,689.500000,671.500000,34.700001,197.500000,19.500000,198.460323,-0.098415,-5.638776,0.546173
473,15.766667,detected,OK,1,8,detected,TRACKED,MATCHED_EXISTING_ID,0,1,0,494.500000,657.000000,692.500000,674.500000,34.700001,198.000000,17.500000,198.771854,-0.088155,-5.050896,0.699764
474,15.800000,detected,OK,1,8,detected,TRACKED,MATCHED_EXISTING_ID,0,1,0,520.000000,653.000000,717.500000,658.500000,34.400002,197.500000,5.500000,197.576567,-0.027841,-1.595166,2.447992
475,15.833333,detected,OK,1,8,detected,TRACKED,MATCHED_EXISTING_ID,0,1,0,521.000000,651.000000,720.500000,658.500000,34.900002,199.500000,7.500000,199.640928,-0.037576,-2.152963,2.544731
476,15.866667,detected,OK,1,8,detected,TRACKED,MATCHED_EXISTING_ID,0,1,0,522.000000,649.500000,720.500000,656.500000,35.200001,198.500000,7.000000,198.623387,-0.035250,-2.019669,0.835749
477,15.900000,lost,NO_R_CANDIDATE,0,8,lost,LOST,R_LOST,1,1,,,,,,,,,,,,
478,15.933333,lost,NO_R_CANDIDATE,0,8,lost,HOLD,R_LOST,2,1,,,,,,,,,,,,
479,15.966667,detected,OK,1,8,detected,REACQUIRED,MATCHED_EXISTING_ID,0,1,0,521.500000,614.500000,714.500000,612.500000,35.200001,193.000000,-2.000000,193.010362,0.010362,0.593717,0.709158
480,16.000000,detected,OK,2,8,detected,TRACKED,MATCHED_EXISTING_ID,0,1,1,520.000000,625.000000,712.500000,616.500000,34.400002,192.500000,-8.500000,192.687571,0.044127,2.528301,1.205287
481,16.033333,lost,NO_R_CANDIDATE,0,8,lost,LOST,R_LOST,1,1,,,,,,,,,,,,
482,16.066667,lost,NO_R_CANDIDATE,0,8,lost,HOLD,R_LOST,2,1,,,,,,,,,,,,
483,16.100000,detected,OK,1,8,detected,REACQUIRED,MATCHED_EXISTING_ID,0,1,0,521.000000,661.500000,712.500000,647.500000,34.400002,191.500000,-14.000000,192.011067,0.072977,4.181287,1.981250
484,16.133333,lost,NO_R_CANDIDATE,0,8,lost,LOST,R_LOST,1,1,,,,,,,,,,,,
485,16.166667,detected,OK,1,8,detected,REACQUIRED,MATCHED_EXISTING_ID,0,1,0,520.000000,673.500000,716.500000,658.500000,34.700001,196.500000,-15.000000,197.071687,0.076188,4.365258,1.710519
486,16.200000,lost,NO_R_CANDIDATE,0,8,lost,LOST,R_LOST,1,1,,,,,,,,,,,,
487,16.233333,detected,OK,1,8,detected,REACQUIRED,MATCHED_EXISTING_ID,0,1,0,523.000000,690.000000,714.500000,668.500000,37.299999,191.500000,-21.500000,192.703140,0.111803,6.405860,0.830320
488,16.266667,detected,OK,1,8,detected,TRACKED,MATCHED_EXISTING_ID,0,1,0,524.000000,689.000000,717.500000,665.500000,34.900002,193.500000,-23.500000,194.921779,0.120855,6.924491,0.252574
489,16.300000,detected,OK,1,8,detected,TRACKED,MATCHED_EXISTING_ID,0,1,0,524.000000,687.500000,716.500000,661.500000,33.299999,192.500000,-26.000000,194.247909,0.134253,7.692102,0.097435
490,16.333333,detected,OK,1,8,detected,TRACKED,MATCHED_EXISTING_ID,0,1,0,524.000000,687.000000,715.500000,658.500000,34.000000,191.500000,-28.500000,193.609142,0.147741,8.464917,0.063666
491,16.366667,detected,OK,1,8,detected,TRACKED,MATCHED_EXISTING_ID,0,1,0,524.000000,685.500000,714.500000,660.500000,37.200001,190.500000,-25.000000,192.133417,0.130488,7.476406,1.723126
492,16.400000,detected,OK,1,8,detected,TRACKED,MATCHED_EXISTING_ID,0,1,0,524.000000,685.000000,715.500000,655.500000,34.099998,191.500000,-29.500000,193.758871,0.152846,8.757403,1.235632
493,16.433333,detected,OK,1,8,detected,TRACKED,MATCHED_EXISTING_ID,0,1,0,524.000000,684.500000,715.500000,659.500000,33.700001,191.500000,-25.000000,193.124960,0.129814,7.437803,1.859218
494,16.466667,detected,OK,1,8,detected,TRACKED,MATCHED_EXISTING_ID,0,1,0,525.000000,684.000000,715.500000,659.500000,34.400002,190.500000,-24.500000,192.068998,0.127907,7.328520,0.094786
495,16.500000,detected,OK,1,8,detected,TRACKED,MATCHED_EXISTING_ID,0,1,0,526.000000,683.500000,714.500000,653.500000,35.500000,188.500000,-30.000000,190.872340,0.157828,9.042852,1.880486
496,16.533333,detected,OK,1,8,detected,TRACKED,MATCHED_EXISTING_ID,0,1,0,526.000000,683.500000,716.500000,652.500000,32.900002,190.500000,-31.000000,193.005829,0.161316,9.242706,0.386186
497,16.566667,detected,OK,1,8,detected,TRACKED,MATCHED_EXISTING_ID,0,1,0,528.500000,686.000000,716.500000,651.500000,34.900002,188.000000,-34.500000,191.139347,0.181491,10.398686,0.724415
498,16.600000,detected,OK,1,8,detected,TRACKED,MATCHED_EXISTING_ID,0,1,0,529.500000,687.000000,716.500000,653.500000,36.500000,187.000000,-33.500000,189.976972,0.177264,10.156482,0.963535
499,16.633333,detected,OK,1,8,detected,TRACKED,MATCHED_EXISTING_ID,0,1,0,528.000000,687.000000,714.500000,652.500000,35.099998,186.500000,-34.500000,189.664177,0.182919,10.480476,0.011924
500,16.666667,detected,OK,1,8,detected,TRACKED,MATCHED_EXISTING_ID,0,1,0,530.000000,689.000000,717.500000,649.500000,33.500000,187.500000,-39.500000,191.615500,0.207631,11.896358,1.084735
501,16.700000,detected,OK,1,8,detected,TRACKED,MATCHED_EXISTING_ID,0,1,0,530.500000,690.000000,718.500000,648.500000,34.200001,188.000000,-41.500000,192.525972,0.217260,12.448109,0.213290
502,16.733333,detected,OK,1,8,detected,TRACKED,MATCHED_EXISTING_ID,0,1,0,532.000000,691.000000,716.500000,651.500000,34.200001,184.500000,-39.500000,188.680948,0.210908,12.084153,1.043682
503,16.766667,detected,OK,1,8,detected,TRACKED,MATCHED_EXISTING_ID,0,1,0,532.000000,691.500000,716.500000,652.500000,35.099998,184.500000,-39.000000,188.576907,0.208316,11.935603,0.410803
504,16.800000,detected,OK,1,8,detected,TRACKED,MATCHED_EXISTING_ID,0,1,0,532.500000,694.500000,719.500000,654.500000,31.600000,187.000000,-40.000000,191.230228,0.210728,12.073831,0.040297
505,16.833333,detected,OK,1,8,detected,TRACKED,MATCHED_EXISTING_ID,0,1,0,534.000000,696.000000,722.500000,655.500000,34.799999,188.500000,-40.500000,192.801712,0.211637,12.125890,0.061991
506,16.866667,detected,OK,2,8,detected,TRACKED,MATCHED_EXISTING_ID,0,1,0,534.500000,697.500000,718.500000,656.500000,34.900002,184.000000,-41.000000,188.512599,0.219244,12.561774,0.346630
507,16.900000,detected,OK,1,8,detected,TRACKED,MATCHED_EXISTING_ID,0,1,0,535.000000,700.000000,718.500000,656.500000,35.700001,183.500000,-43.500000,188.585524,0.232761,13.336201,0.546521
508,16.933333,detected,OK,1,8,detected,TRACKED,MATCHED_EXISTING_ID,0,1,0,536.000000,701.500000,722.500000,658.500000,35.700001,186.500000,-43.000000,191.392920,0.226603,12.983398,0.799318
509,16.966667,detected,OK,1,8,detected,TRACKED,MATCHED_EXISTING_ID,0,1,0,536.000000,705.000000,721.500000,657.500000,33.799999,185.500000,-47.500000,191.484986,0.250678,14.362815,1.252630
510,17.000000,detected,OK,1,8,detected,TRACKED,MATCHED_EXISTING_ID,0,1,0,536.000000,705.500000,723.500000,661.500000,34.599998,187.500000,-44.000000,192.593484,0.230496,13.206451,1.784203
511,17.033333,detected,OK,1,8,detected,TRACKED,MATCHED_EXISTING_ID,0,1,0,538.000000,709.500000,723.500000,662.500000,34.900002,185.500000,-47.000000,191.361569,0.248147,14.217788,1.097180
512,17.066667,detected,OK,1,8,detected,TRACKED,MATCHED_EXISTING_ID,0,1,0,538.000000,710.000000,718.500000,661.500000,34.099998,180.500000,-48.500000,186.902381,0.262498,15.040025,0.469207
513,17.100000,detected,OK,1,8,detected,TRACKED,MATCHED_EXISTING_ID,0,1,0,538.000000,711.000000,721.500000,660.500000,33.299999,183.500000,-50.500000,190.322095,0.268556,15.387136,0.193601
514,17.133333,detected,OK,1,8,detected,TRACKED,MATCHED_EXISTING_ID,0,1,0,540.000000,711.500000,724.500000,661.500000,34.400002,184.500000,-50.000000,191.155042,0.264646,15.163109,0.687299
515,17.166667,detected,OK,1,8,detected,TRACKED,MATCHED_EXISTING_ID,0,1,0,540.000000,713.000000,725.500000,662.500000,33.799999,185.500000,-50.500000,192.251138,0.265796,15.228980,0.122481
516,17.200000,detected,OK,1,8,detected,TRACKED,MATCHED_EXISTING_ID,0,1,0,540.000000,713.500000,722.500000,660.500000,33.299999,182.500000,-53.000000,190.040127,0.282636,16.193876,0.825536
517,17.233333,detected,OK,1,8,detected,TRACKED,MATCHED_EXISTING_ID,0,1,0,540.000000,714.500000,722.500000,660.500000,33.799999,182.500000,-54.000000,190.321439,0.287682,16.482980,0.180470
518,17.266667,detected,OK,1,8,detected,TRACKED,MATCHED_EXISTING_ID,0,1,0,540.000000,715.500000,724.500000,663.500000,34.400002,184.500000,-52.000000,191.687897,0.274717,15.740109,1.140257
519,17.300000,detected,OK,1,8,detected,TRACKED,MATCHED_EXISTING_ID,0,1,0,541.000000,717.000000,724.500000,664.500000,30.700001,183.500000,-52.500000,190.862516,0.278660,15.966013,0.284621
520,17.333333,detected,OK,1,8,detected,TRACKED,MATCHED_EXISTING_ID,0,1,0,547.500000,723.500000,727.500000,666.500000,33.799999,180.000000,-57.000000,188.809428,0.306676,17.571259,1.550114
521,17.366667,detected,OK,2,8,detected,TRACKED,MATCHED_EXISTING_ID,0,1,1,548.000000,725.000000,727.500000,665.500000,33.799999,179.500000,-59.500000,189.104468,0.320078,18.339137,0.092701
522,17.400000,detected,OK,2,8,detected,TRACKED,MATCHED_EXISTING_ID,0,1,0,548.000000,726.500000,730.500000,669.500000,34.700001,182.500000,-57.000000,191.194273,0.302729,17.345086,1.706308
523,17.433333,detected,OK,2,8,detected,TRACKED,MATCHED_EXISTING_ID,0,1,0,549.000000,727.500000,730.500000,670.500000,34.799999,181.500000,-57.000000,190.239980,0.304296,17.434875,0.060054
524,17.466667,detected,OK,1,8,detected,TRACKED,MATCHED_EXISTING_ID,0,1,0,558.000000,735.500000,732.500000,672.500000,35.200001,174.500000,-63.000000,185.524257,0.346468,19.851180,2.362549
525,17.500000,detected,OK,1,8,detected,TRACKED,MATCHED_EXISTING_ID,0,1,0,558.000000,735.500000,735.500000,670.500000,33.000000,177.500000,-65.000000,189.027114,0.351031,20.112588,0.737367
526,17.533333,detected,OK,2,8,detected,TRACKED,MATCHED_EXISTING_ID,0,1,0,560.000000,735.500000,733.500000,670.500000,34.400002,173.500000,-65.000000,185.276145,0.358455,20.537948,0.278469
527,17.566667,detected,OK,1,8,detected,TRACKED,MATCHED_EXISTING_ID,0,1,0,562.000000,735.000000,733.500000,668.500000,34.900002,171.500000,-66.500000,183.941567,0.369906,21.194056,0.063667
528,17.600000,detected,OK,2,8,detected,TRACKED,MATCHED_EXISTING_ID,0,1,1,562.000000,735.000000,736.500000,665.500000,33.799999,174.500000,-69.500000,187.831041,0.379023,21.716443,0.095522
529,17.633333,detected,OK,2,8,detected,TRACKED,MATCHED_EXISTING_ID,0,1,0,562.500000,735.000000,737.500000,665.500000,33.000000,175.000000,-69.500000,188.295645,0.378041,21.660148,0.635994
530,17.666667,detected,OK,1,8,lost,LOST,NO_MATCH,1,1,,563.000000,735.000000,,,,,,,,,
531,17.700000,detected,OK,1,8,lost,HOLD,NO_MATCH,2,1,,834.500000,576.500000,,,,,,,,,
532,17.733333,detected,OK,1,8,lost,HOLD,NO_MATCH,3,1,,852.000000,571.000000,,,,,,,,,
533,17.766667,detected,OK,1,8,lost,HOLD,NO_MATCH,4,1,,870.500000,565.000000,,,,,,,,,
534,17.800000,detected,OK,1,8,lost,HOLD,NO_MATCH,5,1,,929.500000,507.000000,,,,,,,,,
535,17.833333,detected,OK,1,8,lost,HOLD,NO_MATCH,6,1,,927.500000,503.000000,,,,,,,,,
536,17.866667,detected,OK,0,8,lost,HOLD,NO_VALID_TARGET,7,1,,924.500000,502.500000,,,,,,,,,
537,17.900000,detected,OK,1,8,lost,RELEASED,NO_MATCH,8,0,,923.500000,502.000000,,,,,,,,,
538,17.933333,detected,OK,1,9,detected,ACQUIRED,NEW_TRACK_SEGMENT,0,1,0,914.500000,495.000000,729.500000,521.500000,33.799999,-185.000000,26.500000,186.888336,-2.999317,-171.848219,
539,17.966667,detected,OK,1,9,detected,TRACKED,MATCHED_EXISTING_ID,0,1,0,909.500000,493.000000,721.500000,519.500000,34.900002,-188.000000,26.500000,189.858500,-3.001558,-171.976594,0.128374
540,18.000000,detected,OK,1,9,detected,TRACKED,MATCHED_EXISTING_ID,0,1,0,905.500000,493.000000,720.500000,521.500000,34.900002,-185.000000,28.500000,187.182398,-2.988740,-171.242202,0.862766
541,18.033333,detected,OK,1,9,detected,TRACKED,MATCHED_EXISTING_ID,0,1,0,901.500000,495.000000,715.500000,520.500000,34.299999,-186.000000,25.500000,187.739847,-3.005345,-172.193599,1.168130
542,18.066667,detected,OK,1,9,detected,TRACKED,MATCHED_EXISTING_ID,0,1,0,897.500000,499.000000,711.500000,527.500000,33.599998,-186.000000,28.500000,188.170800,-2.989549,-171.288562,1.155556
543,18.100000,detected,OK,1,9,detected,TRACKED,MATCHED_EXISTING_ID,0,1,0,887.000000,504.500000,701.500000,533.500000,34.000000,-185.500000,29.000000,187.753162,-2.986514,-171.114630,0.037770
544,18.133333,detected,OK,1,9,detected,TRACKED,MATCHED_EXISTING_ID,0,1,0,868.500000,511.500000,680.500000,543.500000,35.099998,-188.000000,32.000000,190.703959,-2.972996,-170.340107,0.577928
545,18.166667,detected,OK,1,9,detected,TRACKED,MATCHED_EXISTING_ID,0,1,0,865.500000,512.500000,680.500000,548.500000,34.000000,-185.000000,36.000000,188.470157,-2.949400,-168.988170,0.924171
546,18.200000,detected,OK,1,9,detected,TRACKED,MATCHED_EXISTING_ID,0,1,0,864.000000,514.000000,679.500000,551.500000,34.000000,-184.500000,37.500000,188.272409,-2.941072,-168.511019,0.320283
547,18.233333,detected,OK,1,9,detected,TRACKED,MATCHED_EXISTING_ID,0,1,0,866.000000,518.500000,681.500000,557.500000,34.099998,-184.500000,39.000000,188.576907,-2.933277,-168.064397,0.222700
548,18.266667,detected,OK,1,9,detected,TRACKED,MATCHED_EXISTING_ID,0,1,0,866.500000,519.000000,682.500000,559.500000,34.900002,-184.000000,40.500000,188.404485,-2.924939,-167.586641,0.102485
549,18.300000,detected,OK,1,9,detected,TRACKED,MATCHED_EXISTING_ID,0,1,0,868.000000,518.500000,681.500000,556.500000,33.599998,-186.500000,38.000000,190.331947,-2.940591,-168.483438,1.436043
550,18.333333,detected,OK,1,9,detected,TRACKED,MATCHED_EXISTING_ID,0,1,0,869.500000,517.000000,684.500000,557.500000,35.500000,-185.000000,40.500000,189.381229,-2.926074,-167.651677,0.866931
551,18.366667,detected,OK,1,9,detected,TRACKED,MATCHED_EXISTING_ID,0,1,0,870.000000,516.000000,686.500000,555.500000,34.400002,-183.500000,39.500000,187.703223,-2.929569,-167.851945,0.511870
552,18.400000,detected,OK,1,9,detected,TRACKED,MATCHED_EXISTING_ID,0,1,0,872.000000,511.000000,687.500000,553.500000,34.400002,-184.500000,42.500000,189.331719,-2.915190,-167.028066,0.717025
553,18.433333,detected,OK,1,9,detected,TRACKED,MATCHED_EXISTING_ID,0,1,0,871.500000,499.000000,687.500000,548.500000,34.299999,-184.000000,49.500000,190.541990,-2.878793,-164.942680,1.691722
554,18.466667,detected,OK,1,9,detected,TRACKED,MATCHED_EXISTING_ID,0,1,0,870.500000,495.000000,686.500000,545.500000,34.599998,-184.000000,50.500000,190.804219,-2.873732,-164.652702,0.780376
555,18.500000,detected,OK,1,9,detected,TRACKED,MATCHED_EXISTING_ID,0,1,0,869.500000,492.500000,685.500000,542.500000,34.299999,-184.000000,50.000000,190.672494,-2.876261,-164.797591,0.903091
556,18.533333,detected,OK,1,9,detected,TRACKED,MATCHED_EXISTING_ID,0,1,0,870.000000,489.000000,685.500000,539.500000,34.200001,-184.500000,50.500000,191.286434,-2.874424,-164.692340,0.291715
557,18.566667,detected,OK,1,9,detected,TRACKED,MATCHED_EXISTING_ID,0,1,0,869.500000,485.500000,686.500000,537.500000,34.400002,-183.000000,52.000000,190.244579,-2.864737,-164.137342,0.274719
558,18.600000,detected,OK,0,9,lost,LOST,NO_VALID_TARGET,1,1,,869.500000,483.000000,,,,,,,,,
559,18.633333,detected,OK,1,9,detected,REACQUIRED,MATCHED_EXISTING_ID,0,1,0,869.500000,480.500000,685.500000,532.500000,35.799999,-184.000000,52.000000,191.206694,-2.866167,-164.219247,0.862240
560,18.666667,detected,OK,1,9,detected,TRACKED,MATCHED_EXISTING_ID,0,1,0,868.000000,478.500000,684.500000,532.500000,33.599998,-183.500000,54.000000,191.280553,-2.855394,-163.602008,0.399519
561,18.700000,detected,OK,1,9,detected,TRACKED,MATCHED_EXISTING_ID,0,1,0,868.000000,472.500000,683.500000,526.500000,34.200001,-184.500000,54.000000,192.240084,-2.856862,-163.686148,0.461667
562,18.733333,detected,OK,1,9,detected,TRACKED,MATCHED_EXISTING_ID,0,1,0,868.000000,463.000000,685.500000,522.500000,33.700001,-182.500000,59.500000,191.954422,-2.826432,-161.942613,1.550675
563,18.766667,detected,OK,1,9,detected,TRACKED,MATCHED_EXISTING_ID,0,1,0,869.000000,461.000000,686.500000,519.500000,34.900002,-182.500000,58.500000,191.646811,-2.831393,-162.226854,1.097372
564,18.800000,detected,OK,1,9,detected,TRACKED,MATCHED_EXISTING_ID,0,1,0,869.500000,459.000000,684.500000,520.500000,35.000000,-185.000000,61.500000,194.954482,-2.820653,-161.611520,0.241153
565,18.833333,detected,OK,1,9,detected,TRACKED,MATCHED_EXISTING_ID,0,1,0,869.000000,457.500000,683.500000,520.500000,33.799999,-185.500000,63.000000,195.906228,-2.814192,-161.241350,0.100473
566,18.866667,detected,OK,1,9,detected,TRACKED,MATCHED_EXISTING_ID,0,1,0,867.000000,456.500000,681.500000,520.500000,34.099998,-185.500000,64.000000,196.230095,-2.809367,-160.964876,0.153980
567,18.900000,detected,OK,1,9,detected,TRACKED,MATCHED_EXISTING_ID,0,1,0,866.000000,455.500000,682.500000,518.500000,33.299999,-183.500000,63.000000,194.013530,-2.810877,-161.051411,0.455397
568,18.933333,detected,OK,1,9,detected,TRACKED,MATCHED_EXISTING_ID,0,1,0,859.500000,454.500000,678.500000,520.500000,34.599998,-181.000000,66.000000,192.657728,-2.791935,-159.966077,0.898631
569,18.966667,detected,OK,1,9,detected,TRACKED,MATCHED_EXISTING_ID,0,1,0,854.000000,454.500000,674.500000,525.500000,33.799999,-179.500000,71.000000,193.031733,-2.764934,-158.419064,1.000858
570,19.000000,detected,OK,1,9,detected,TRACKED,MATCHED_EXISTING_ID,0,1,0,851.500000,455.000000,671.500000,527.500000,34.000000,-180.000000,72.500000,194.052184,-2.758694,-158.061520,0.588954
571,19.033333,detected,OK,1,9,detected,TRACKED,MATCHED_EXISTING_ID,0,1,0,849.500000,455.000000,669.500000,525.500000,34.400002,-180.000000,70.500000,193.313864,-2.768291,-158.611377,1.260774
572,19.066667,detected,OK,1,9,detected,TRACKED,MATCHED_EXISTING_ID,0,1,0,847.500000,455.000000,665.500000,527.500000,36.599998,-182.000000,72.500000,195.908780,-2.762508,-158.280054,0.124717
573,19.100000,detected,OK,1,9,detected,TRACKED,MATCHED_EXISTING_ID,0,1,0,845.500000,455.000000,664.500000,528.500000,33.799999,-181.000000,73.500000,195.354166,-2.755858,-157.899043,0.124517
574,19.133333,detected,OK,1,9,detected,TRACKED,MATCHED_EXISTING_ID,0,1,0,838.000000,450.500000,662.500000,535.500000,33.500000,-175.500000,85.000000,195.000641,-2.690559,-154.157678,3.435064
575,19.166667,lost,NO_R_CANDIDATE,0,9,lost,LOST,R_LOST,1,1,,,,,,,,,,,,
576,19.200000,lost,NO_R_CANDIDATE,0,9,lost,HOLD,R_LOST,2,1,,,,,,,,,,,,
577,19.233333,detected,OK,1,9,detected,REACQUIRED,MATCHED_EXISTING_ID,0,1,0,836.000000,448.500000,661.500000,535.500000,34.400002,-174.500000,87.000000,194.985256,-2.679092,-153.500655,4.383955
578,19.266667,detected,OK,1,9,detected,TRACKED,MATCHED_EXISTING_ID,0,1,0,835.500000,446.500000,659.500000,538.500000,34.599998,-176.000000,92.000000,198.595065,-2.659929,-152.402704,0.002152
579,19.300000,detected,OK,1,9,detected,TRACKED,MATCHED_EXISTING_ID,0,1,0,834.500000,445.000000,659.500000,535.500000,34.400002,-175.000000,90.500000,197.015862,-2.664325,-152.654578,1.348533
580,19.333333,detected,OK,1,9,detected,TRACKED,MATCHED_EXISTING_ID,0,1,0,833.500000,444.000000,661.500000,536.500000,35.400002,-172.000000,92.500000,195.295289,-2.648171,-151.729050,0.368282
581,19.366667,lost,NO_R_CANDIDATE,0,9,lost,LOST,R_LOST,1,1,,,,,,,,,,,,
582,19.400000,detected,OK,1,9,detected,REACQUIRED,MATCHED_EXISTING_ID,0,1,0,831.000000,441.000000,659.500000,534.500000,34.799999,-171.500000,93.500000,195.331769,-2.642450,-151.401245,1.081314
583,19.433333,detected,OK,1,9,detected,TRACKED,MATCHED_EXISTING_ID,0,1,0,827.500000,437.500000,657.500000,537.500000,34.400002,-170.000000,100.000000,197.230829,-2.609869,-149.534455,1.378494
584,19.466667,detected,OK,1,9,detected,TRACKED,MATCHED_EXISTING_ID,0,1,0,806.000000,421.000000,643.500000,533.500000,35.700001,-162.500000,112.500000,197.642354,-2.536048,-145.304846,3.189915
585,19.500000,detected,OK,1,9,detected,TRACKED,MATCHED_EXISTING_ID,0,1,0,805.500000,421.000000,641.500000,535.500000,33.799999,-164.000000,114.500000,200.015624,-2.532095,-145.078382,2.089195
586,19.533333,detected,OK,1,9,detected,TRACKED,MATCHED_EXISTING_ID,0,1,0,804.000000,422.500000,641.500000,539.500000,33.500000,-162.500000,117.000000,200.237983,-2.517570,-144.246113,0.647712
587,19.566667,detected,OK,0,9,lost,LOST,NO_VALID_TARGET,1,1,,789.500000,424.000000,,,,,,,,,
588,19.600000,detected,OK,0,9,lost,HOLD,NO_VALID_TARGET,2,1,,788.000000,424.500000,,,,,,,,,
589,19.633333,detected,OK,0,9,lost,HOLD,NO_VALID_TARGET,3,1,,786.000000,424.500000,,,,,,,,,
590,19.666667,detected,OK,0,9,lost,HOLD,NO_VALID_TARGET,4,1,,785.000000,424.000000,,,,,,,,,
591,19.700000,detected,OK,0,9,lost,HOLD,NO_VALID_TARGET,5,1,,784.000000,423.000000,,,,,,,,,
592,19.733333,detected,OK,0,9,lost,HOLD,NO_VALID_TARGET,6,1,,783.000000,422.500000,,,,,,,,,
593,19.766667,detected,OK,0,9,lost,HOLD,NO_VALID_TARGET,7,1,,782.000000,422.000000,,,,,,,,,
594,19.800000,detected,OK,0,9,lost,RELEASED,NO_VALID_TARGET,8,0,,781.500000,421.000000,,,,,,,,,
595,19.833333,detected,OK,0,,waiting,NONE,WAITING_FOR_TARGET,0,0,,781.500000,420.000000,,,,,,,,,
596,19.866667,detected,OK,0,,waiting,NONE,WAITING_FOR_TARGET,0,0,,780.500000,419.000000,,,,,,,,,
597,19.900000,detected,OK,0,,waiting,NONE,WAITING_FOR_TARGET,0,0,,780.000000,418.500000,,,,,,,,,
598,19.933333,detected,OK,0,,waiting,NONE,WAITING_FOR_TARGET,0,0,,780.000000,417.000000,,,,,,,,,
599,19.966667,detected,OK,0,,waiting,NONE,WAITING_FOR_TARGET,0,0,,780.000000,417.000000,,,,,,,,,
600,20.000000,detected,OK,0,,waiting,NONE,WAITING_FOR_TARGET,0,0,,780.000000,417.000000,,,,,,,,,
601,20.033333,detected,OK,0,,waiting,NONE,WAITING_FOR_TARGET,0,0,,780.000000,416.500000,,,,,,,,,
602,20.066667,detected,OK,0,,waiting,NONE,WAITING_FOR_TARGET,0,0,,780.500000,416.000000,,,,,,,,,
603,20.100000,detected,OK,0,,waiting,NONE,WAITING_FOR_TARGET,0,0,,780.500000,415.500000,,,,,,,,,
604,20.133333,detected,OK,0,,waiting,NONE,WAITING_FOR_TARGET,0,0,,780.500000,415.500000,,,,,,,,,
605,20.166667,detected,OK,0,,waiting,NONE,WAITING_FOR_TARGET,0,0,,780.000000,415.000000,,,,,,,,,
606,20.200000,detected,OK,0,,waiting,NONE,WAITING_FOR_TARGET,0,0,,780.000000,415.000000,,,,,,,,,
607,20.233333,detected,OK,0,,waiting,NONE,WAITING_FOR_TARGET,0,0,,780.000000,416.000000,,,,,,,,,
608,20.266667,detected,OK,0,,waiting,NONE,WAITING_FOR_TARGET,0,0,,780.000000,416.500000,,,,,,,,,
609,20.300000,detected,OK,0,,waiting,NONE,WAITING_FOR_TARGET,0,0,,780.000000,417.000000,,,,,,,,,
610,20.333333,detected,OK,0,,waiting,NONE,WAITING_FOR_TARGET,0,0,,780.500000,417.000000,,,,,,,,,
611,20.366667,detected,OK,0,,waiting,NONE,WAITING_FOR_TARGET,0,0,,781.000000,417.000000,,,,,,,,,
612,20.400000,detected,OK,0,,waiting,NONE,WAITING_FOR_TARGET,0,0,,781.000000,417.000000,,,,,,,,,
613,20.433333,detected,OK,0,,waiting,NONE,WAITING_FOR_TARGET,0,0,,781.500000,417.000000,,,,,,,,,
614,20.466667,detected,OK,0,,waiting,NONE,WAITING_FOR_TARGET,0,0,,781.000000,417.000000,,,,,,,,,
615,20.500000,detected,OK,0,,waiting,NONE,WAITING_FOR_TARGET,0,0,,780.500000,417.500000,,,,,,,,,
616,20.533333,detected,OK,0,,waiting,NONE,WAITING_FOR_TARGET,0,0,,780.000000,417.500000,,,,,,,,,
617,20.566667,detected,OK,0,,waiting,NONE,WAITING_FOR_TARGET,0,0,,780.000000,417.500000,,,,,,,,,
618,20.600000,detected,OK,0,,waiting,NONE,WAITING_FOR_TARGET,0,0,,780.000000,418.000000,,,,,,,,,
619,20.633333,detected,OK,0,,waiting,NONE,WAITING_FOR_TARGET,0,0,,780.000000,418.000000,,,,,,,,,
620,20.666667,detected,OK,0,,waiting,NONE,WAITING_FOR_TARGET,0,0,,780.000000,418.000000,,,,,,,,,
621,20.700000,detected,OK,0,,waiting,NONE,WAITING_FOR_TARGET,0,0,,780.000000,418.000000,,,,,,,,,
622,20.733333,detected,OK,0,,waiting,NONE,WAITING_FOR_TARGET,0,0,,780.000000,419.000000,,,,,,,,,
623,20.766667,detected,OK,0,,waiting,NONE,WAITING_FOR_TARGET,0,0,,780.000000,419.000000,,,,,,,,,
624,20.800000,detected,OK,0,,waiting,NONE,WAITING_FOR_TARGET,0,0,,780.000000,419.000000,,,,,,,,,
625,20.833333,detected,OK,0,,waiting,NONE,WAITING_FOR_TARGET,0,0,,780.000000,419.000000,,,,,,,,,
626,20.866667,detected,OK,0,,waiting,NONE,WAITING_FOR_TARGET,0,0,,780.000000,419.000000,,,,,,,,,
627,20.900000,detected,OK,0,,waiting,NONE,WAITING_FOR_TARGET,0,0,,779.500000,419.000000,,,,,,,,,
628,20.933333,detected,OK,1,10,detected,ACQUIRED,NEW_TRACK_SEGMENT,0,1,0,779.500000,419.000000,598.500000,385.500000,45.900002,-181.000000,-33.500000,184.074034,2.958581,169.514191,
629,20.966667,detected,OK,0,10,lost,LOST,NO_VALID_TARGET,1,1,,779.500000,418.500000,,,,,,,,,
630,21.000000,detected,OK,1,10,lost,HOLD,NO_MATCH,2,1,,779.500000,419.000000,,,,,,,,,
631,21.033333,detected,OK,1,10,lost,HOLD,NO_MATCH,3,1,,779.000000,418.500000,,,,,,,,,
632,21.066667,detected,OK,1,10,lost,HOLD,NO_MATCH,4,1,,779.500000,418.500000,,,,,,,,,
633,21.100000,detected,OK,0,10,lost,HOLD,NO_VALID_TARGET,5,1,,779.000000,418.500000,,,,,,,,,
634,21.133333,detected,OK,0,10,lost,HOLD,NO_VALID_TARGET,6,1,,779.000000,418.500000,,,,,,,,,
635,21.166667,detected,OK,0,10,lost,HOLD,NO_VALID_TARGET,7,1,,778.500000,418.500000,,,,,,,,,
636,21.200000,detected,OK,0,10,lost,RELEASED,NO_VALID_TARGET,8,0,,779.000000,418.500000,,,,,,,,,
637,21.233333,detected,OK,0,,waiting,NONE,WAITING_FOR_TARGET,0,0,,779.500000,418.000000,,,,,,,,,
638,21.266667,detected,OK,0,,waiting,NONE,WAITING_FOR_TARGET,0,0,,780.000000,417.000000,,,,,,,,,
639,21.300000,detected,OK,0,,waiting,NONE,WAITING_FOR_TARGET,0,0,,780.000000,417.000000,,,,,,,,,
640,21.333333,detected,OK,0,,waiting,NONE,WAITING_FOR_TARGET,0,0,,780.500000,417.000000,,,,,,,,,
641,21.366667,detected,OK,0,,waiting,NONE,WAITING_FOR_TARGET,0,0,,780.500000,417.000000,,,,,,,,,
642,21.400000,detected,OK,0,,waiting,NONE,WAITING_FOR_TARGET,0,0,,780.500000,417.000000,,,,,,,,,
643,21.433333,detected,OK,0,,waiting,NONE,WAITING_FOR_TARGET,0,0,,780.500000,417.000000,,,,,,,,,
644,21.466667,detected,OK,0,,waiting,NONE,WAITING_FOR_TARGET,0,0,,780.500000,416.500000,,,,,,,,,
645,21.500000,detected,OK,0,,waiting,NONE,WAITING_FOR_TARGET,0,0,,781.500000,417.000000,,,,,,,,,
646,21.533333,detected,OK,0,,waiting,NONE,WAITING_FOR_TARGET,0,0,,781.500000,417.000000,,,,,,,,,
647,21.566667,detected,OK,0,,waiting,NONE,WAITING_FOR_TARGET,0,0,,782.000000,417.000000,,,,,,,,,
648,21.600000,detected,OK,0,,waiting,NONE,WAITING_FOR_TARGET,0,0,,782.000000,417.000000,,,,,,,,,
649,21.633333,detected,OK,0,,waiting,NONE,WAITING_FOR_TARGET,0,0,,782.000000,418.000000,,,,,,,,,
650,21.666667,detected,OK,0,,waiting,NONE,WAITING_FOR_TARGET,0,0,,782.000000,418.500000,,,,,,,,,
651,21.700000,detected,OK,0,,waiting,NONE,WAITING_FOR_TARGET,0,0,,782.000000,419.000000,,,,,,,,,
652,21.733333,detected,OK,0,,waiting,NONE,WAITING_FOR_TARGET,0,0,,783.000000,419.000000,,,,,,,,,
653,21.766667,detected,OK,0,,waiting,NONE,WAITING_FOR_TARGET,0,0,,783.500000,419.000000,,,,,,,,,
654,21.800000,detected,OK,0,,waiting,NONE,WAITING_FOR_TARGET,0,0,,784.500000,419.500000,,,,,,,,,
655,21.833333,detected,OK,0,,waiting,NONE,WAITING_FOR_TARGET,0,0,,784.000000,420.000000,,,,,,,,,
656,21.866667,detected,OK,2,11,detected,ACQUIRED,NEW_TRACK_SEGMENT,0,1,1,784.000000,421.000000,596.500000,434.500000,43.799999,-187.500000,13.500000,187.985372,-3.069717,-175.881810,
657,21.900000,detected,OK,0,11,lost,LOST,NO_VALID_TARGET,1,1,,784.000000,421.000000,,,,,,,,,
658,21.933333,detected,OK,2,11,detected,REACQUIRED,MATCHED_EXISTING_ID,0,1,1,783.500000,421.000000,596.500000,438.500000,43.599998,-187.000000,17.500000,187.817065,-3.048282,-174.653667,1.228144
659,21.966667,detected,OK,0,11,lost,LOST,NO_VALID_TARGET,1,1,,783.500000,421.000000,,,,,,,,,
660,22.000000,detected,OK,1,11,lost,HOLD,NO_MATCH,2,1,,783.500000,421.000000,,,,,,,,,
661,22.033333,detected,OK,0,11,lost,HOLD,NO_VALID_TARGET,3,1,,782.500000,421.000000,,,,,,,,,
662,22.066667,detected,OK,1,11,detected,REACQUIRED,MATCHED_EXISTING_ID,0,1,0,782.500000,421.000000,594.500000,445.500000,43.799999,-188.000000,24.500000,189.589689,-3.012004,-172.575107,0.377728
663,22.100000,detected,OK,1,11,lost,LOST,NO_MATCH,1,1,,782.000000,421.000000,,,,,,,,,
664,22.133333,detected,OK,1,11,lost,HOLD,NO_MATCH,2,1,,782.000000,421.500000,,,,,,,,,
665,22.166667,detected,OK,1,11,detected,REACQUIRED,MATCHED_EXISTING_ID,0,1,0,782.000000,421.000000,594.500000,452.500000,43.599998,-187.500000,31.500000,190.127589,-2.975147,-170.463364,0.382845
666,22.200000,detected,OK,0,11,lost,LOST,NO_VALID_TARGET,1,1,,782.000000,421.500000,,,,,,,,,
667,22.233333,detected,OK,0,11,lost,HOLD,NO_VALID_TARGET,2,1,,782.000000,421.500000,,,,,,,,,
668,22.266667,detected,OK,1,11,lost,HOLD,NO_MATCH,3,1,,782.000000,421.500000,,,,,,,,,
669,22.300000,detected,OK,1,11,lost,HOLD,NO_MATCH,4,1,,782.000000,422.500000,,,,,,,,,
670,22.333333,detected,OK,0,11,lost,HOLD,NO_VALID_TARGET,5,1,,782.000000,423.000000,,,,,,,,,
671,22.366667,detected,OK,0,11,lost,HOLD,NO_VALID_TARGET,6,1,,782.000000,423.000000,,,,,,,,,
672,22.400000,detected,OK,0,11,lost,HOLD,NO_VALID_TARGET,7,1,,782.000000,422.500000,,,,,,,,,
673,22.433333,detected,OK,0,11,lost,RELEASED,NO_VALID_TARGET,8,0,,782.000000,422.500000,,,,,,,,,
674,22.466667,detected,OK,0,,waiting,NONE,WAITING_FOR_TARGET,0,0,,782.000000,422.500000,,,,,,,,,
675,22.500000,detected,OK,0,,waiting,NONE,WAITING_FOR_TARGET,0,0,,782.000000,422.500000,,,,,,,,,
676,22.533333,detected,OK,0,,waiting,NONE,WAITING_FOR_TARGET,0,0,,781.500000,421.500000,,,,,,,,,
677,22.566667,detected,OK,0,,waiting,NONE,WAITING_FOR_TARGET,0,0,,781.500000,421.500000,,,,,,,,,
678,22.600000,detected,OK,0,,waiting,NONE,WAITING_FOR_TARGET,0,0,,781.500000,421.000000,,,,,,,,,
679,22.633333,detected,OK,0,,waiting,NONE,WAITING_FOR_TARGET,0,0,,782.000000,421.000000,,,,,,,,,
680,22.666667,detected,OK,0,,waiting,NONE,WAITING_FOR_TARGET,0,0,,782.000000,421.000000,,,,,,,,,
681,22.700000,detected,OK,0,,waiting,NONE,WAITING_FOR_TARGET,0,0,,783.500000,419.000000,,,,,,,,,
682,22.733333,detected,OK,0,,waiting,NONE,WAITING_FOR_TARGET,0,0,,783.500000,418.500000,,,,,,,,,
683,22.766667,detected,OK,0,,waiting,NONE,WAITING_FOR_TARGET,0,0,,784.000000,417.000000,,,,,,,,,
684,22.800000,detected,OK,0,,waiting,NONE,WAITING_FOR_TARGET,0,0,,784.000000,417.000000,,,,,,,,,
685,22.833333,detected,OK,0,,waiting,NONE,WAITING_FOR_TARGET,0,0,,784.000000,417.000000,,,,,,,,,
686,22.866667,detected,OK,0,,waiting,NONE,WAITING_FOR_TARGET,0,0,,784.000000,416.500000,,,,,,,,,
687,22.900000,detected,OK,0,,waiting,NONE,WAITING_FOR_TARGET,0,0,,784.500000,416.500000,,,,,,,,,
688,22.933333,detected,OK,0,,waiting,NONE,WAITING_FOR_TARGET,0,0,,785.500000,417.000000,,,,,,,,,
689,22.966667,detected,OK,1,12,detected,ACQUIRED,NEW_TRACK_SEGMENT,0,1,0,785.000000,418.000000,605.500000,495.500000,44.900002,-179.500000,77.500000,195.515984,-2.734015,-156.647492,
690,23.000000,detected,OK,1,12,lost,LOST,NO_MATCH,1,1,,784.000000,419.000000,,,,,,,,,
691,23.033333,detected,OK,0,12,lost,HOLD,NO_VALID_TARGET,2,1,,784.000000,419.500000,,,,,,,,,
692,23.066667,detected,OK,1,12,detected,REACQUIRED,MATCHED_EXISTING_ID,0,1,0,784.500000,419.000000,606.500000,501.500000,44.900002,-178.000000,82.500000,196.189322,-2.707583,-155.133072,1.514420
693,23.100000,detected,OK,1,12,lost,LOST,NO_MATCH,1,1,,785.000000,419.000000,,,,,,,,,
694,23.133333,detected,OK,2,12,detected,REACQUIRED,MATCHED_EXISTING_ID,0,1,0,786.500000,419.500000,607.500000,502.500000,44.900002,-179.000000,83.000000,197.306868,-2.707415,-155.123451,0.999993
695,23.166667,detected,OK,0,12,lost,LOST,NO_VALID_TARGET,1,1,,786.000000,419.500000,,,,,,,,,
696,23.200000,detected,OK,1,12,lost,HOLD,NO_MATCH,2,1,,786.000000,419.500000,,,,,,,,,
697,23.233333,detected,OK,1,12,lost,HOLD,NO_MATCH,3,1,,786.000000,420.000000,,,,,,,,,
698,23.266667,detected,OK,1,12,detected,REACQUIRED,MATCHED_EXISTING_ID,0,1,0,786.500000,420.500000,611.500000,510.500000,45.000000,-175.000000,90.000000,196.786687,-2.666582,-152.783888,1.120330
699,23.300000,lost,NO_R_CANDIDATE,0,12,lost,LOST,R_LOST,1,1,,,,,,,,,,,,
700,23.333333,lost,NO_R_CANDIDATE,0,12,lost,HOLD,R_LOST,2,1,,,,,,,,,,,,
701,23.366667,lost,NO_R_CANDIDATE,0,12,lost,HOLD,R_LOST,3,1,,,,,,,,,,,,
702,23.400000,lost,NO_R_CANDIDATE,0,12,lost,HOLD,R_LOST,4,1,,,,,,,,,,,,
703,23.433333,lost,NO_R_CANDIDATE,0,12,lost,HOLD,R_LOST,5,1,,,,,,,,,,,,
704,23.466667,lost,NO_R_CANDIDATE,0,12,lost,HOLD,R_LOST,6,1,,,,,,,,,,,,
705,23.500000,lost,NO_R_CANDIDATE,0,12,lost,HOLD,R_LOST,7,1,,,,,,,,,,,,
706,23.533333,lost,NO_R_CANDIDATE,0,12,lost,RELEASED,R_LOST,8,0,,,,,,,,,,,,
707,23.566667,lost,NO_R_CANDIDATE,0,,waiting,NONE,R_LOST,0,0,,,,,,,,,,,,
708,23.600000,lost,NO_R_CANDIDATE,0,,waiting,NONE,R_LOST,0,0,,,,,,,,,,,,
709,23.633333,lost,NO_R_CANDIDATE,0,,waiting,NONE,R_LOST,0,0,,,,,,,,,,,,
710,23.666667,lost,NO_R_CANDIDATE,0,,waiting,NONE,R_LOST,0,0,,,,,,,,,,,,
711,23.700000,lost,NO_R_CANDIDATE,0,,waiting,NONE,R_LOST,0,0,,,,,,,,,,,,
712,23.733333,lost,NO_R_CANDIDATE,0,,waiting,NONE,R_LOST,0,0,,,,,,,,,,,,
713,23.766667,lost,NO_R_CANDIDATE,0,,waiting,NONE,R_LOST,0,0,,,,,,,,,,,,
714,23.800000,lost,NO_R_CANDIDATE,0,,waiting,NONE,R_LOST,0,0,,,,,,,,,,,,
715,23.833333,lost,NO_R_CANDIDATE,0,,waiting,NONE,R_LOST,0,0,,,,,,,,,,,,
716,23.866667,lost,NO_R_CANDIDATE,0,,waiting,NONE,R_LOST,0,0,,,,,,,,,,,,
717,23.900000,lost,NO_R_CANDIDATE,0,,waiting,NONE,R_LOST,0,0,,,,,,,,,,,,
718,23.933333,lost,NO_R_CANDIDATE,0,,waiting,NONE,R_LOST,0,0,,,,,,,,,,,,
719,23.966667,lost,NO_R_CANDIDATE,0,,waiting,NONE,R_LOST,0,0,,,,,,,,,,,,
720,24.000000,lost,NO_R_CANDIDATE,0,,waiting,NONE,R_LOST,0,0,,,,,,,,,,,,
721,24.033333,lost,NO_R_CANDIDATE,0,,waiting,NONE,R_LOST,0,0,,,,,,,,,,,,
722,24.066667,lost,NO_R_CANDIDATE,0,,waiting,NONE,R_LOST,0,0,,,,,,,,,,,,
723,24.100000,lost,NO_R_CANDIDATE,0,,waiting,NONE,R_LOST,0,0,,,,,,,,,,,,
724,24.133333,lost,NO_R_CANDIDATE,0,,waiting,NONE,R_LOST,0,0,,,,,,,,,,,,
725,24.166667,lost,NO_R_CANDIDATE,0,,waiting,NONE,R_LOST,0,0,,,,,,,,,,,,
726,24.200000,lost,NO_R_CANDIDATE,0,,waiting,NONE,R_LOST,0,0,,,,,,,,,,,,
727,24.233333,lost,NO_R_CANDIDATE,0,,waiting,NONE,R_LOST,0,0,,,,,,,,,,,,
728,24.266667,lost,NO_R_CANDIDATE,0,,waiting,NONE,R_LOST,0,0,,,,,,,,,,,,
729,24.300000,lost,NO_R_CANDIDATE,0,,waiting,NONE,R_LOST,0,0,,,,,,,,,,,,
730,24.333333,lost,NO_R_CANDIDATE,0,,waiting,NONE,R_LOST,0,0,,,,,,,,,,,,
731,24.366667,lost,NO_R_CANDIDATE,0,,waiting,NONE,R_LOST,0,0,,,,,,,,,,,,
732,24.400000,lost,NO_R_CANDIDATE,0,,waiting,NONE,R_LOST,0,0,,,,,,,,,,,,
733,24.433333,lost,NO_R_CANDIDATE,0,,waiting,NONE,R_LOST,0,0,,,,,,,,,,,,
734,24.466667,lost,NO_R_CANDIDATE,0,,waiting,NONE,R_LOST,0,0,,,,,,,,,,,,
735,24.500000,lost,NO_R_CANDIDATE,0,,waiting,NONE,R_LOST,0,0,,,,,,,,,,,,
736,24.533333,lost,NO_R_CANDIDATE,0,,waiting,NONE,R_LOST,0,0,,,,,,,,,,,,
737,24.566667,lost,NO_R_CANDIDATE,0,,waiting,NONE,R_LOST,0,0,,,,,,,,,,,,
738,24.600000,lost,NO_R_CANDIDATE,0,,waiting,NONE,R_LOST,0,0,,,,,,,,,,,,
739,24.633333,lost,NO_R_CANDIDATE,0,,waiting,NONE,R_LOST,0,0,,,,,,,,,,,,
740,24.666667,lost,NO_R_CANDIDATE,0,,waiting,NONE,R_LOST,0,0,,,,,,,,,,,,
741,24.700000,lost,NO_R_CANDIDATE,0,,waiting,NONE,R_LOST,0,0,,,,,,,,,,,,
742,24.733333,lost,NO_R_CANDIDATE,0,,waiting,NONE,R_LOST,0,0,,,,,,,,,,,,
743,24.766667,lost,NO_R_CANDIDATE,0,,waiting,NONE,R_LOST,0,0,,,,,,,,,,,,
744,24.800000,lost,NO_R_CANDIDATE,0,,waiting,NONE,R_LOST,0,0,,,,,,,,,,,,
745,24.833333,lost,NO_R_CANDIDATE,0,,waiting,NONE,R_LOST,0,0,,,,,,,,,,,,
746,24.866667,lost,NO_R_CANDIDATE,0,,waiting,NONE,R_LOST,0,0,,,,,,,,,,,,
747,24.900000,lost,NO_R_CANDIDATE,0,,waiting,NONE,R_LOST,0,0,,,,,,,,,,,,
748,24.933333,lost,NO_R_CANDIDATE,0,,waiting,NONE,R_LOST,0,0,,,,,,,,,,,,
749,24.966667,lost,NO_R_CANDIDATE,0,,waiting,NONE,R_LOST,0,0,,,,,,,,,,,,
750,25.000000,lost,NO_R_CANDIDATE,0,,waiting,NONE,R_LOST,0,0,,,,,,,,,,,,
751,25.033333,lost,NO_R_CANDIDATE,0,,waiting,NONE,R_LOST,0,0,,,,,,,,,,,,
752,25.066667,lost,NO_R_CANDIDATE,0,,waiting,NONE,R_LOST,0,0,,,,,,,,,,,,
753,25.100000,lost,NO_R_CANDIDATE,0,,waiting,NONE,R_LOST,0,0,,,,,,,,,,,,
754,25.133333,lost,NO_R_CANDIDATE,0,,waiting,NONE,R_LOST,0,0,,,,,,,,,,,,
755,25.166667,lost,NO_R_CANDIDATE,0,,waiting,NONE,R_LOST,0,0,,,,,,,,,,,,
756,25.200000,lost,NO_R_CANDIDATE,0,,waiting,NONE,R_LOST,0,0,,,,,,,,,,,,
757,25.233333,lost,NO_R_CANDIDATE,0,,waiting,NONE,R_LOST,0,0,,,,,,,,,,,,
758,25.266667,lost,NO_R_CANDIDATE,0,,waiting,NONE,R_LOST,0,0,,,,,,,,,,,,
759,25.300000,lost,NO_R_CANDIDATE,0,,waiting,NONE,R_LOST,0,0,,,,,,,,,,,,
760,25.333333,lost,NO_R_CANDIDATE,0,,waiting,NONE,R_LOST,0,0,,,,,,,,,,,,
761,25.366667,lost,NO_R_CANDIDATE,0,,waiting,NONE,R_LOST,0,0,,,,,,,,,,,,
762,25.400000,lost,NO_R_CANDIDATE,0,,waiting,NONE,R_LOST,0,0,,,,,,,,,,,,
763,25.433333,lost,NO_R_CANDIDATE,0,,waiting,NONE,R_LOST,0,0,,,,,,,,,,,,
764,25.466667,lost,NO_R_CANDIDATE,0,,waiting,NONE,R_LOST,0,0,,,,,,,,,,,,
765,25.500000,lost,NO_R_CANDIDATE,0,,waiting,NONE,R_LOST,0,0,,,,,,,,,,,,
766,25.533333,lost,NO_R_CANDIDATE,0,,waiting,NONE,R_LOST,0,0,,,,,,,,,,,,
767,25.566667,lost,NO_R_CANDIDATE,0,,waiting,NONE,R_LOST,0,0,,,,,,,,,,,,
768,25.600000,lost,NO_R_CANDIDATE,0,,waiting,NONE,R_LOST,0,0,,,,,,,,,,,,
769,25.633333,lost,NO_R_CANDIDATE,0,,waiting,NONE,R_LOST,0,0,,,,,,,,,,,,
770,25.666667,lost,NO_R_CANDIDATE,0,,waiting,NONE,R_LOST,0,0,,,,,,,,,,,,
771,25.700000,lost,NO_R_CANDIDATE,0,,waiting,NONE,R_LOST,0,0,,,,,,,,,,,,
772,25.733333,lost,NO_R_CANDIDATE,0,,waiting,NONE,R_LOST,0,0,,,,,,,,,,,,
773,25.766667,lost,NO_R_CANDIDATE,0,,waiting,NONE,R_LOST,0,0,,,,,,,,,,,,
774,25.800000,lost,NO_R_CANDIDATE,0,,waiting,NONE,R_LOST,0,0,,,,,,,,,,,,
775,25.833333,lost,NO_R_CANDIDATE,0,,waiting,NONE,R_LOST,0,0,,,,,,,,,,,,
776,25.866667,lost,NO_R_CANDIDATE,0,,waiting,NONE,R_LOST,0,0,,,,,,,,,,,,
777,25.900000,lost,NO_R_CANDIDATE,0,,waiting,NONE,R_LOST,0,0,,,,,,,,,,,,
778,25.933333,lost,NO_R_CANDIDATE,0,,waiting,NONE,R_LOST,0,0,,,,,,,,,,,,
779,25.966667,lost,NO_R_CANDIDATE,0,,waiting,NONE,R_LOST,0,0,,,,,,,,,,,,
780,26.000000,lost,NO_R_CANDIDATE,0,,waiting,NONE,R_LOST,0,0,,,,,,,,,,,,
781,26.033333,lost,NO_R_CANDIDATE,0,,waiting,NONE,R_LOST,0,0,,,,,,,,,,,,
782,26.066667,lost,NO_R_CANDIDATE,0,,waiting,NONE,R_LOST,0,0,,,,,,,,,,,,
783,26.100000,lost,NO_R_CANDIDATE,0,,waiting,NONE,R_LOST,0,0,,,,,,,,,,,,
784,26.133333,lost,NO_R_CANDIDATE,0,,waiting,NONE,R_LOST,0,0,,,,,,,,,,,,
785,26.166667,lost,NO_R_CANDIDATE,0,,waiting,NONE,R_LOST,0,0,,,,,,,,,,,,
786,26.200000,lost,NO_R_CANDIDATE,0,,waiting,NONE,R_LOST,0,0,,,,,,,,,,,,
787,26.233333,lost,NO_R_CANDIDATE,0,,waiting,NONE,R_LOST,0,0,,,,,,,,,,,,
788,26.266667,lost,NO_R_CANDIDATE,0,,waiting,NONE,R_LOST,0,0,,,,,,,,,,,,
789,26.300000,lost,NO_R_CANDIDATE,0,,waiting,NONE,R_LOST,0,0,,,,,,,,,,,,
790,26.333333,lost,NO_R_CANDIDATE,0,,waiting,NONE,R_LOST,0,0,,,,,,,,,,,,
791,26.366667,lost,NO_R_CANDIDATE,0,,waiting,NONE,R_LOST,0,0,,,,,,,,,,,,
792,26.400000,lost,NO_R_CANDIDATE,0,,waiting,NONE,R_LOST,0,0,,,,,,,,,,,,
793,26.433333,lost,NO_R_CANDIDATE,0,,waiting,NONE,R_LOST,0,0,,,,,,,,,,,,
794,26.466667,lost,NO_R_CANDIDATE,0,,waiting,NONE,R_LOST,0,0,,,,,,,,,,,,
795,26.500000,lost,NO_R_CANDIDATE,0,,waiting,NONE,R_LOST,0,0,,,,,,,,,,,,
796,26.533333,lost,NO_R_CANDIDATE,0,,waiting,NONE,R_LOST,0,0,,,,,,,,,,,,
797,26.566667,lost,NO_R_CANDIDATE,0,,waiting,NONE,R_LOST,0,0,,,,,,,,,,,,
798,26.600000,lost,NO_R_CANDIDATE,0,,waiting,NONE,R_LOST,0,0,,,,,,,,,,,,
799,26.633333,lost,NO_R_CANDIDATE,0,,waiting,NONE,R_LOST,0,0,,,,,,,,,,,,
800,26.666667,lost,NO_R_CANDIDATE,0,,waiting,NONE,R_LOST,0,0,,,,,,,,,,,,
801,26.700000,lost,NO_R_CANDIDATE,0,,waiting,NONE,R_LOST,0,0,,,,,,,,,,,,
802,26.733333,lost,NO_R_CANDIDATE,0,,waiting,NONE,R_LOST,0,0,,,,,,,,,,,,
803,26.766667,lost,NO_R_CANDIDATE,0,,waiting,NONE,R_LOST,0,0,,,,,,,,,,,,
804,26.800000,lost,NO_R_CANDIDATE,0,,waiting,NONE,R_LOST,0,0,,,,,,,,,,,,
805,26.833333,lost,NO_R_CANDIDATE,0,,waiting,NONE,R_LOST,0,0,,,,,,,,,,,,
806,26.866667,lost,NO_R_CANDIDATE,0,,waiting,NONE,R_LOST,0,0,,,,,,,,,,,,
807,26.900000,lost,NO_R_CANDIDATE,0,,waiting,NONE,R_LOST,0,0,,,,,,,,,,,,
808,26.933333,lost,NO_R_CANDIDATE,0,,waiting,NONE,R_LOST,0,0,,,,,,,,,,,,
809,26.966667,lost,NO_R_CANDIDATE,0,,waiting,NONE,R_LOST,0,0,,,,,,,,,,,,
810,27.000000,lost,NO_R_CANDIDATE,0,,waiting,NONE,R_LOST,0,0,,,,,,,,,,,,
811,27.033333,lost,NO_R_CANDIDATE,0,,waiting,NONE,R_LOST,0,0,,,,,,,,,,,,
812,27.066667,lost,NO_R_CANDIDATE,0,,waiting,NONE,R_LOST,0,0,,,,,,,,,,,,
813,27.100000,lost,NO_R_CANDIDATE,0,,waiting,NONE,R_LOST,0,0,,,,,,,,,,,,
814,27.133333,lost,NO_R_CANDIDATE,0,,waiting,NONE,R_LOST,0,0,,,,,,,,,,,,
815,27.166667,lost,NO_R_CANDIDATE,0,,waiting,NONE,R_LOST,0,0,,,,,,,,,,,,
816,27.200000,lost,NO_R_CANDIDATE,0,,waiting,NONE,R_LOST,0,0,,,,,,,,,,,,
817,27.233333,lost,NO_R_CANDIDATE,0,,waiting,NONE,R_LOST,0,0,,,,,,,,,,,,
818,27.266667,lost,NO_R_CANDIDATE,0,,waiting,NONE,R_LOST,0,0,,,,,,,,,,,,
819,27.300000,lost,NO_R_CANDIDATE,0,,waiting,NONE,R_LOST,0,0,,,,,,,,,,,,
820,27.333333,lost,NO_R_CANDIDATE,0,,waiting,NONE,R_LOST,0,0,,,,,,,,,,,,
821,27.366667,lost,NO_R_CANDIDATE,0,,waiting,NONE,R_LOST,0,0,,,,,,,,,,,,
822,27.400000,lost,NO_R_CANDIDATE,0,,waiting,NONE,R_LOST,0,0,,,,,,,,,,,,
823,27.433333,lost,NO_R_CANDIDATE,0,,waiting,NONE,R_LOST,0,0,,,,,,,,,,,,
824,27.466667,lost,NO_R_CANDIDATE,0,,waiting,NONE,R_LOST,0,0,,,,,,,,,,,,
825,27.500000,lost,NO_R_CANDIDATE,0,,waiting,NONE,R_LOST,0,0,,,,,,,,,,,,
826,27.533333,lost,NO_R_CANDIDATE,0,,waiting,NONE,R_LOST,0,0,,,,,,,,,,,,
827,27.566667,lost,NO_R_CANDIDATE,0,,waiting,NONE,R_LOST,0,0,,,,,,,,,,,,
828,27.600000,lost,NO_R_CANDIDATE,0,,waiting,NONE,R_LOST,0,0,,,,,,,,,,,,
829,27.633333,lost,NO_R_CANDIDATE,0,,waiting,NONE,R_LOST,0,0,,,,,,,,,,,,
830,27.666667,lost,NO_R_CANDIDATE,0,,waiting,NONE,R_LOST,0,0,,,,,,,,,,,,
831,27.700000,lost,NO_R_CANDIDATE,0,,waiting,NONE,R_LOST,0,0,,,,,,,,,,,,
832,27.733333,lost,NO_R_CANDIDATE,0,,waiting,NONE,R_LOST,0,0,,,,,,,,,,,,
833,27.766667,lost,NO_R_CANDIDATE,0,,waiting,NONE,R_LOST,0,0,,,,,,,,,,,,
834,27.800000,lost,NO_R_CANDIDATE,0,,waiting,NONE,R_LOST,0,0,,,,,,,,,,,,
835,27.833333,lost,NO_R_CANDIDATE,0,,waiting,NONE,R_LOST,0,0,,,,,,,,,,,,
836,27.866667,lost,NO_R_CANDIDATE,0,,waiting,NONE,R_LOST,0,0,,,,,,,,,,,,
837,27.900000,lost,NO_R_CANDIDATE,0,,waiting,NONE,R_LOST,0,0,,,,,,,,,,,,
838,27.933333,lost,NO_R_CANDIDATE,0,,waiting,NONE,R_LOST,0,0,,,,,,,,,,,,
839,27.966667,lost,NO_R_CANDIDATE,0,,waiting,NONE,R_LOST,0,0,,,,,,,,,,,,
840,28.000000,lost,NO_R_CANDIDATE,0,,waiting,NONE,R_LOST,0,0,,,,,,,,,,,,
841,28.033333,lost,NO_R_CANDIDATE,0,,waiting,NONE,R_LOST,0,0,,,,,,,,,,,,
842,28.066667,lost,NO_R_CANDIDATE,0,,waiting,NONE,R_LOST,0,0,,,,,,,,,,,,
843,28.100000,lost,NO_R_CANDIDATE,0,,waiting,NONE,R_LOST,0,0,,,,,,,,,,,,
844,28.133333,lost,NO_R_CANDIDATE,0,,waiting,NONE,R_LOST,0,0,,,,,,,,,,,,
845,28.166667,lost,NO_R_CANDIDATE,0,,waiting,NONE,R_LOST,0,0,,,,,,,,,,,,
846,28.200000,lost,NO_R_CANDIDATE,0,,waiting,NONE,R_LOST,0,0,,,,,,,,,,,,
847,28.233333,lost,NO_R_CANDIDATE,0,,waiting,NONE,R_LOST,0,0,,,,,,,,,,,,
848,28.266667,lost,NO_R_CANDIDATE,0,,waiting,NONE,R_LOST,0,0,,,,,,,,,,,,
849,28.300000,lost,NO_R_CANDIDATE,0,,waiting,NONE,R_LOST,0,0,,,,,,,,,,,,
850,28.333333,lost,NO_R_CANDIDATE,0,,waiting,NONE,R_LOST,0,0,,,,,,,,,,,,
851,28.366667,lost,NO_R_CANDIDATE,0,,waiting,NONE,R_LOST,0,0,,,,,,,,,,,,
852,28.400000,lost,NO_R_CANDIDATE,0,,waiting,NONE,R_LOST,0,0,,,,,,,,,,,,
853,28.433333,lost,NO_R_CANDIDATE,0,,waiting,NONE,R_LOST,0,0,,,,,,,,,,,,
854,28.466667,lost,NO_R_CANDIDATE,0,,waiting,NONE,R_LOST,0,0,,,,,,,,,,,,
855,28.500000,lost,NO_R_CANDIDATE,0,,waiting,NONE,R_LOST,0,0,,,,,,,,,,,,
856,28.533333,lost,NO_R_CANDIDATE,0,,waiting,NONE,R_LOST,0,0,,,,,,,,,,,,
857,28.566667,lost,NO_R_CANDIDATE,0,,waiting,NONE,R_LOST,0,0,,,,,,,,,,,,
858,28.600000,lost,NO_R_CANDIDATE,0,,waiting,NONE,R_LOST,0,0,,,,,,,,,,,,
859,28.633333,lost,NO_R_CANDIDATE,0,,waiting,NONE,R_LOST,0,0,,,,,,,,,,,,
860,28.666667,lost,NO_R_CANDIDATE,0,,waiting,NONE,R_LOST,0,0,,,,,,,,,,,,
861,28.700000,lost,NO_R_CANDIDATE,0,,waiting,NONE,R_LOST,0,0,,,,,,,,,,,,
862,28.733333,lost,NO_R_CANDIDATE,0,,waiting,NONE,R_LOST,0,0,,,,,,,,,,,,
863,28.766667,lost,NO_R_CANDIDATE,0,,waiting,NONE,R_LOST,0,0,,,,,,,,,,,,
864,28.800000,lost,NO_R_CANDIDATE,0,,waiting,NONE,R_LOST,0,0,,,,,,,,,,,,
865,28.833333,lost,NO_R_CANDIDATE,0,,waiting,NONE,R_LOST,0,0,,,,,,,,,,,,
866,28.866667,lost,NO_R_CANDIDATE,0,,waiting,NONE,R_LOST,0,0,,,,,,,,,,,,
867,28.900000,lost,NO_R_CANDIDATE,0,,waiting,NONE,R_LOST,0,0,,,,,,,,,,,,
868,28.933333,lost,NO_R_CANDIDATE,0,,waiting,NONE,R_LOST,0,0,,,,,,,,,,,,
869,28.966667,lost,NO_R_CANDIDATE,0,,waiting,NONE,R_LOST,0,0,,,,,,,,,,,,
870,29.000000,lost,NO_R_CANDIDATE,0,,waiting,NONE,R_LOST,0,0,,,,,,,,,,,,
871,29.033333,lost,NO_R_CANDIDATE,0,,waiting,NONE,R_LOST,0,0,,,,,,,,,,,,
872,29.066667,lost,NO_R_CANDIDATE,0,,waiting,NONE,R_LOST,0,0,,,,,,,,,,,,
873,29.100000,lost,NO_R_CANDIDATE,0,,waiting,NONE,R_LOST,0,0,,,,,,,,,,,,
874,29.133333,lost,NO_R_CANDIDATE,0,,waiting,NONE,R_LOST,0,0,,,,,,,,,,,,
875,29.166667,lost,NO_R_CANDIDATE,0,,waiting,NONE,R_LOST,0,0,,,,,,,,,,,,
876,29.200000,lost,NO_R_CANDIDATE,0,,waiting,NONE,R_LOST,0,0,,,,,,,,,,,,
877,29.233333,lost,NO_R_CANDIDATE,0,,waiting,NONE,R_LOST,0,0,,,,,,,,,,,,
878,29.266667,lost,NO_R_CANDIDATE,0,,waiting,NONE,R_LOST,0,0,,,,,,,,,,,,
879,29.300000,lost,NO_R_CANDIDATE,0,,waiting,NONE,R_LOST,0,0,,,,,,,,,,,,
880,29.333333,lost,NO_R_CANDIDATE,0,,waiting,NONE,R_LOST,0,0,,,,,,,,,,,,
881,29.366667,lost,NO_R_CANDIDATE,0,,waiting,NONE,R_LOST,0,0,,,,,,,,,,,,
882,29.400000,lost,NO_R_CANDIDATE,0,,waiting,NONE,R_LOST,0,0,,,,,,,,,,,,
883,29.433333,lost,NO_R_CANDIDATE,0,,waiting,NONE,R_LOST,0,0,,,,,,,,,,,,
884,29.466667,lost,NO_R_CANDIDATE,0,,waiting,NONE,R_LOST,0,0,,,,,,,,,,,,
885,29.500000,lost,NO_R_CANDIDATE,0,,waiting,NONE,R_LOST,0,0,,,,,,,,,,,,
886,29.533333,lost,NO_R_CANDIDATE,0,,waiting,NONE,R_LOST,0,0,,,,,,,,,,,,
887,29.566667,lost,NO_R_CANDIDATE,0,,waiting,NONE,R_LOST,0,0,,,,,,,,,,,,
888,29.600000,lost,NO_R_CANDIDATE,0,,waiting,NONE,R_LOST,0,0,,,,,,,,,,,,
889,29.633333,lost,NO_R_CANDIDATE,0,,waiting,NONE,R_LOST,0,0,,,,,,,,,,,,
890,29.666667,lost,NO_R_CANDIDATE,0,,waiting,NONE,R_LOST,0,0,,,,,,,,,,,,
891,29.700000,lost,NO_R_CANDIDATE,0,,waiting,NONE,R_LOST,0,0,,,,,,,,,,,,
892,29.733333,lost,NO_R_CANDIDATE,0,,waiting,NONE,R_LOST,0,0,,,,,,,,,,,,
893,29.766667,lost,NO_R_CANDIDATE,0,,waiting,NONE,R_LOST,0,0,,,,,,,,,,,,
894,29.800000,lost,NO_R_CANDIDATE,0,,waiting,NONE,R_LOST,0,0,,,,,,,,,,,,
895,29.833333,lost,NO_R_CANDIDATE,0,,waiting,NONE,R_LOST,0,0,,,,,,,,,,,,
896,29.866667,lost,NO_R_CANDIDATE,0,,waiting,NONE,R_LOST,0,0,,,,,,,,,,,,
897,29.900000,lost,NO_R_CANDIDATE,0,,waiting,NONE,R_LOST,0,0,,,,,,,,,,,,
898,29.933333,lost,NO_R_CANDIDATE,0,,waiting,NONE,R_LOST,0,0,,,,,,,,,,,,
899,29.966667,lost,NO_R_CANDIDATE,0,,waiting,NONE,R_LOST,0,0,,,,,,,,,,,,
900,30.000000,lost,NO_R_CANDIDATE,0,,waiting,NONE,R_LOST,0,0,,,,,,,,,,,,
901,30.033333,lost,NO_R_CANDIDATE,0,,waiting,NONE,R_LOST,0,0,,,,,,,,,,,,
902,30.066667,lost,NO_R_CANDIDATE,0,,waiting,NONE,R_LOST,0,0,,,,,,,,,,,,
903,30.100000,lost,NO_R_CANDIDATE,0,,waiting,NONE,R_LOST,0,0,,,,,,,,,,,,
904,30.133333,lost,NO_R_CANDIDATE,0,,waiting,NONE,R_LOST,0,0,,,,,,,,,,,,
905,30.166667,lost,NO_R_CANDIDATE,0,,waiting,NONE,R_LOST,0,0,,,,,,,,,,,,
906,30.200000,lost,NO_R_CANDIDATE,0,,waiting,NONE,R_LOST,0,0,,,,,,,,,,,,
907,30.233333,lost,NO_R_CANDIDATE,0,,waiting,NONE,R_LOST,0,0,,,,,,,,,,,,
908,30.266667,lost,NO_R_CANDIDATE,0,,waiting,NONE,R_LOST,0,0,,,,,,,,,,,,
909,30.300000,lost,NO_R_CANDIDATE,0,,waiting,NONE,R_LOST,0,0,,,,,,,,,,,,
910,30.333333,lost,NO_R_CANDIDATE,0,,waiting,NONE,R_LOST,0,0,,,,,,,,,,,,
911,30.366667,lost,NO_R_CANDIDATE,0,,waiting,NONE,R_LOST,0,0,,,,,,,,,,,,
912,30.400000,lost,NO_R_CANDIDATE,0,,waiting,NONE,R_LOST,0,0,,,,,,,,,,,,
913,30.433333,lost,NO_R_CANDIDATE,0,,waiting,NONE,R_LOST,0,0,,,,,,,,,,,,
914,30.466667,detected,OK,2,13,detected,ACQUIRED,NEW_TRACK_SEGMENT,0,1,1,722.000000,491.500000,900.500000,604.500000,36.599998,178.500000,113.000000,211.261094,-0.564369,-32.335987,
915,30.500000,detected,OK,2,13,detected,TRACKED,MATCHED_EXISTING_ID,0,1,1,722.500000,489.500000,900.500000,600.500000,36.400002,178.000000,111.000000,209.773688,-0.557589,-31.947479,0.388508
916,30.533333,detected,OK,2,13,detected,TRACKED,MATCHED_EXISTING_ID,0,1,1,724.000000,485.500000,900.500000,595.500000,37.200001,176.500000,110.000000,207.971753,-0.557325,-31.932376,0.373405
917,30.566667,detected,OK,2,13,detected,TRACKED,MATCHED_EXISTING_ID,0,1,1,724.500000,483.500000,905.500000,594.500000,38.500000,181.000000,111.000000,212.325222,-0.550112,-31.519110,0.174120
918,30.600000,detected,OK,2,13,detected,TRACKED,MATCHED_EXISTING_ID,0,1,1,726.500000,480.000000,904.500000,587.500000,37.299999,178.000000,107.500000,207.942901,-0.543306,-31.129146,0.081170
919,30.633333,detected,OK,2,13,detected,TRACKED,MATCHED_EXISTING_ID,0,1,1,728.000000,478.500000,908.500000,584.500000,39.099998,180.500000,106.000000,209.323315,-0.530997,-30.423911,0.363973
920,30.666667,detected,OK,2,13,detected,TRACKED,MATCHED_EXISTING_ID,0,1,1,729.500000,477.500000,915.500000,585.500000,35.799999,186.000000,108.000000,215.081380,-0.526066,-30.141386,0.204326
921,30.700000,detected,OK,2,13,detected,TRACKED,MATCHED_EXISTING_ID,0,1,1,731.500000,475.500000,912.500000,578.500000,37.500000,181.000000,103.000000,208.254652,-0.517359,-29.642507,0.093758
922,30.733333,detected,OK,1,13,lost,LOST,NO_MATCH,1,1,,732.000000,477.000000,,,,,,,,,
923,30.766667,detected,OK,2,13,detected,REACQUIRED,MATCHED_EXISTING_ID,0,1,1,731.500000,479.500000,913.500000,579.500000,38.000000,182.000000,100.000000,207.663189,-0.502421,-28.786618,0.029360
924,30.800000,detected,OK,2,13,detected,TRACKED,MATCHED_EXISTING_ID,0,1,1,730.000000,483.500000,912.500000,582.500000,37.400002,182.500000,99.000000,207.622855,-0.497040,-28.478315,0.128449
925,30.833333,detected,OK,2,13,detected,TRACKED,MATCHED_EXISTING_ID,0,1,1,728.000000,489.500000,913.500000,587.500000,33.799999,185.500000,98.000000,209.795734,-0.486032,-27.847578,0.245364
926,30.866667,detected,OK,2,13,detected,TRACKED,MATCHED_EXISTING_ID,0,1,1,728.000000,493.000000,912.500000,591.500000,36.000000,184.500000,98.500000,209.147077,-0.490379,-28.096659,0.732599
927,30.900000,detected,OK,2,13,detected,TRACKED,MATCHED_EXISTING_ID,0,1,1,727.500000,495.000000,914.500000,590.500000,38.500000,187.000000,95.500000,209.974403,-0.472167,-27.053182,0.852998
928,30.933333,detected,OK,2,13,detected,TRACKED,MATCHED_EXISTING_ID,0,1,1,728.000000,497.500000,918.500000,590.500000,36.599998,190.500000,93.000000,211.988797,-0.454154,-26.021120,0.500384
929,30.966667,detected,OK,2,13,detected,TRACKED,MATCHED_EXISTING_ID,0,1,1,729.000000,497.500000,917.500000,592.500000,35.799999,188.500000,95.000000,211.085883,-0.466826,-26.747135,1.457846
930,31.000000,detected,OK,2,13,detected,TRACKED,MATCHED_EXISTING_ID,0,1,1,730.500000,496.000000,917.500000,582.500000,37.200001,187.000000,86.500000,206.037011,-0.433255,-24.823696,1.774745
931,31.033333,detected,OK,2,13,detected,TRACKED,MATCHED_EXISTING_ID,0,1,1,731.500000,496.500000,920.500000,583.500000,38.500000,189.000000,87.000000,208.062491,-0.431401,-24.717441,0.752336
932,31.066667,detected,OK,2,13,detected,TRACKED,MATCHED_EXISTING_ID,0,1,1,732.500000,497.500000,919.500000,579.500000,36.599998,187.000000,82.000000,204.188638,-0.413252,-23.677579,0.482205
933,31.100000,detected,OK,2,13,detected,TRACKED,MATCHED_EXISTING_ID,0,1,1,732.500000,497.500000,924.500000,580.500000,38.200001,192.000000,83.000000,209.172178,-0.408031,-23.378426,0.451385
934,31.133333,detected,OK,2,13,detected,TRACKED,MATCHED_EXISTING_ID,0,1,1,732.500000,498.000000,923.500000,579.500000,38.599998,191.000000,81.500000,207.661383,-0.403311,-23.108019,0.299577
935,31.166667,detected,OK,2,13,detected,TRACKED,MATCHED_EXISTING_ID,0,1,1,732.500000,498.500000,922.500000,576.500000,37.000000,190.000000,78.000000,205.387439,-0.389548,-22.319440,0.338425
936,31.200000,detected,OK,2,13,detected,TRACKED,MATCHED_EXISTING_ID,0,1,1,732.000000,499.000000,924.500000,575.500000,37.799999,192.500000,76.500000,207.143670,-0.378265,-21.673001,0.060915
937,31.233333,detected,OK,2,13,detected,TRACKED,MATCHED_EXISTING_ID,0,1,1,732.000000,499.500000,927.500000,575.500000,36.400002,195.500000,76.000000,209.752831,-0.370768,-21.243434,0.180322
938,31.266667,detected,OK,2,13,detected,TRACKED,MATCHED_EXISTING_ID,0,1,1,732.500000,499.500000,928.500000,574.500000,36.400002,196.000000,75.000000,209.859477,-0.365463,-20.939503,0.233830
939,31.300000,detected,OK,2,13,detected,TRACKED,MATCHED_EXISTING_ID,0,1,1,732.500000,500.000000,923.500000,569.500000,36.599998,191.000000,69.500000,203.251691,-0.348981,-19.995149,0.500125
940,31.333333,detected,OK,1,13,lost,LOST,NO_MATCH,1,1,,732.500000,500.000000,,,,,,,,,
941,31.366667,detected,OK,2,13,detected,REACQUIRED,MATCHED_EXISTING_ID,0,1,1,734.000000,500.000000,927.500000,569.500000,35.500000,193.500000,69.500000,205.602772,-0.344823,-19.756924,1.050334
942,31.400000,detected,OK,2,13,detected,TRACKED,MATCHED_EXISTING_ID,0,1,0,734.000000,500.000000,925.500000,564.500000,36.200001,191.500000,64.500000,202.070532,-0.324880,-18.614278,0.708435
943,31.433333,detected,OK,2,13,detected,TRACKED,MATCHED_EXISTING_ID,0,1,1,734.000000,500.500000,932.500000,564.500000,37.000000,198.500000,64.000000,208.562341,-0.311895,-17.870263,0.026429
944,31.466667,detected,OK,2,13,detected,TRACKED,MATCHED_EXISTING_ID,0,1,1,734.000000,501.000000,931.500000,559.500000,35.799999,197.500000,58.500000,205.981795,-0.287969,-16.499423,0.642683
945,31.500000,detected,OK,2,13,detected,TRACKED,MATCHED_EXISTING_ID,0,1,1,734.000000,501.500000,926.500000,557.500000,35.500000,192.500000,56.000000,200.480049,-0.283096,-16.220194,0.706002
946,31.533333,detected,OK,2,13,detected,TRACKED,MATCHED_EXISTING_ID,0,1,1,734.000000,501.500000,931.500000,555.500000,36.000000,197.500000,54.000000,204.749237,-0.266895,-15.291933,0.225430
947,31.566667,detected,OK,2,13,detected,TRACKED,MATCHED_EXISTING_ID,0,1,1,734.000000,502.500000,929.500000,555.500000,37.400002,195.500000,53.000000,202.556782,-0.264737,-15.168288,0.669357
948,31.600000,detected,OK,2,13,detected,TRACKED,MATCHED_EXISTING_ID,0,1,1,734.000000,503.000000,929.500000,552.500000,36.900002,195.500000,49.500000,201.669284,-0.247985,-14.208509,0.434520
949,31.633333,detected,OK,2,13,detected,TRACKED,MATCHED_EXISTING_ID,0,1,1,734.000000,503.000000,934.500000,554.500000,35.799999,200.500000,51.500000,207.008454,-0.251423,-14.405455,0.896013
950,31.666667,detected,OK,2,13,detected,TRACKED,MATCHED_EXISTING_ID,0,1,1,734.000000,503.500000,935.500000,553.500000,35.500000,201.500000,50.000000,207.610814,-0.243226,-13.935842,0.128952
951,31.700000,detected,OK,2,13,detected,TRACKED,MATCHED_EXISTING_ID,0,1,1,734.000000,503.500000,930.500000,548.500000,37.200001,196.500000,45.000000,201.586830,-0.225126,-12.898751,0.644849
952,31.733333,detected,OK,2,13,detected,TRACKED,MATCHED_EXISTING_ID,0,1,1,734.000000,504.000000,931.500000,552.500000,36.299999,197.500000,48.500000,203.367893,-0.240805,-13.797085,1.548516
953,31.766667,detected,OK,2,13,detected,TRACKED,MATCHED_EXISTING_ID,0,1,1,734.000000,504.000000,935.500000,548.500000,36.599998,201.500000,44.500000,206.355276,-0.217355,-12.453518,1.312792
954,31.800000,detected,OK,2,13,detected,TRACKED,MATCHED_EXISTING_ID,0,1,1,734.000000,505.000000,928.500000,542.500000,35.099998,194.500000,37.500000,198.082054,-0.190465,-10.912839,0.984786
955,31.833333,detected,OK,2,13,detected,TRACKED,MATCHED_EXISTING_ID,0,1,1,734.000000,505.000000,934.500000,539.500000,35.200001,200.500000,34.500000,203.446553,-0.170401,-9.763267,0.199766
956,31.866667,detected,OK,2,13,detected,TRACKED,MATCHED_EXISTING_ID,0,1,1,734.000000,505.000000,928.500000,538.500000,35.000000,194.500000,33.500000,197.363877,-0.170563,-9.772542,1.038988
957,31.900000,detected,OK,2,13,detected,TRACKED,MATCHED_EXISTING_ID,0,1,1,734.000000,505.000000,931.500000,540.500000,39.400002,197.500000,35.500000,200.665144,-0.177848,-10.189923,1.031499
958,31.933333,detected,OK,2,13,detected,TRACKED,MATCHED_EXISTING_ID,0,1,1,734.000000,505.500000,929.500000,534.500000,36.099998,195.500000,29.000000,197.639191,-0.147264,-8.437590,1.550815
959,31.966667,detected,OK,2,13,detected,TRACKED,MATCHED_EXISTING_ID,0,1,1,734.000000,505.500000,934.500000,532.500000,35.500000,200.500000,27.000000,202.309787,-0.133858,-7.669503,0.053757
960,32.000000,detected,OK,2,13,detected,TRACKED,MATCHED_EXISTING_ID,0,1,1,734.000000,505.500000,933.500000,532.500000,34.900002,199.500000,27.000000,201.318777,-0.134521,-7.707486,0.838324
961,32.033333,detected,OK,2,13,detected,TRACKED,MATCHED_EXISTING_ID,0,1,1,734.000000,506.500000,935.500000,531.500000,36.599998,201.500000,25.000000,203.044946,-0.123439,-7.072516,0.169958
962,32.066667,detected,OK,2,13,detected,TRACKED,MATCHED_EXISTING_ID,0,1,1,734.000000,506.500000,934.500000,526.500000,40.000000,200.500000,20.000000,201.495037,-0.099422,-5.696446,0.843075
963,32.100000,detected,OK,2,13,detected,TRACKED,MATCHED_EXISTING_ID,0,1,1,734.000000,506.500000,936.500000,529.500000,35.500000,202.500000,23.000000,203.801987,-0.113096,-6.479899,1.653678
964,32.133333,detected,OK,2,13,detected,TRACKED,MATCHED_EXISTING_ID,0,1,1,734.000000,507.000000,934.500000,526.500000,36.500000,200.500000,19.500000,201.446023,-0.096952,-5.554937,0.716209
965,32.166667,detected,OK,2,13,detected,TRACKED,MATCHED_EXISTING_ID,0,1,1,733.000000,507.000000,929.500000,522.500000,36.200001,196.500000,15.500000,197.110375,-0.078717,-4.510176,0.549524
966,32.200000,detected,OK,2,13,detected,TRACKED,MATCHED_EXISTING_ID,0,1,1,733.000000,507.500000,928.500000,520.500000,36.099998,195.500000,13.000000,195.931748,-0.066398,-3.804349,0.009220
967,32.233333,detected,OK,2,13,detected,TRACKED,MATCHED_EXISTING_ID,0,1,1,732.500000,507.500000,928.500000,519.500000,36.400002,196.000000,12.000000,196.367003,-0.061148,-3.503532,0.410542
968,32.266667,detected,OK,2,13,detected,TRACKED,MATCHED_EXISTING_ID,0,1,1,732.500000,507.500000,932.500000,517.500000,34.400002,200.000000,10.000000,200.249844,-0.049958,-2.862405,0.093984
969,32.300000,detected,OK,2,13,detected,TRACKED,MATCHED_EXISTING_ID,0,1,1,732.500000,507.500000,929.500000,518.500000,35.000000,197.000000,11.000000,197.306868,-0.055780,-3.195938,0.918269
970,32.333333,detected,OK,2,13,detected,TRACKED,MATCHED_EXISTING_ID,0,1,1,733.000000,507.500000,929.500000,513.500000,36.099998,196.500000,6.000000,196.591582,-0.030525,-1.748946,1.229564
971,32.366667,detected,OK,2,13,detected,TRACKED,MATCHED_EXISTING_ID,0,1,1,733.000000,508.500000,931.500000,509.500000,36.000000,198.500000,1.000000,198.502519,-0.005038,-0.288641,0.751051
972,32.400000,detected,OK,2,13,detected,TRACKED,MATCHED_EXISTING_ID,0,1,1,732.500000,509.000000,927.500000,509.500000,36.000000,195.000000,0.500000,195.000641,-0.002564,-0.146912,0.867945
973,32.433333,detected,OK,2,13,detected,TRACKED,MATCHED_EXISTING_ID,0,1,1,732.000000,509.000000,927.500000,507.500000,36.500000,195.500000,-1.500000,195.505754,0.007672,0.439601,0.075983
974,32.466667,detected,OK,2,13,detected,TRACKED,MATCHED_EXISTING_ID,0,1,1,732.000000,509.000000,926.500000,508.500000,33.799999,194.500000,-0.500000,194.500643,0.002571,0.147290,0.924414
975,32.500000,detected,OK,2,13,detected,TRACKED,MATCHED_EXISTING_ID,0,1,1,732.000000,509.000000,922.500000,501.500000,33.799999,190.500000,-7.500000,190.647581,0.039350,2.254575,1.844948
976,32.533333,detected,OK,2,13,detected,TRACKED,MATCHED_EXISTING_ID,0,1,1,732.000000,509.000000,923.500000,500.500000,35.000000,191.500000,-8.500000,191.688549,0.044357,2.541487,0.713405
977,32.566667,detected,OK,2,13,detected,TRACKED,MATCHED_EXISTING_ID,0,1,1,732.000000,509.000000,927.500000,500.500000,36.000000,195.500000,-8.500000,195.684695,0.043451,2.489553,0.766888
978,32.600000,detected,OK,2,13,detected,TRACKED,MATCHED_EXISTING_ID,0,1,1,732.000000,509.000000,926.500000,494.500000,34.700001,194.500000,-14.500000,195.039740,0.074412,4.263521,1.365769
979,32.633333,detected,OK,2,13,detected,TRACKED,MATCHED_EXISTING_ID,0,1,1,732.000000,508.500000,926.500000,491.500000,35.700001,194.500000,-17.000000,195.241517,0.087182,4.995163,0.222865
980,32.666667,detected,OK,2,13,detected,TRACKED,MATCHED_EXISTING_ID,0,1,1,732.000000,507.500000,925.500000,488.500000,34.900002,193.500000,-19.000000,194.430579,0.097877,5.607965,0.252559
981,32.700000,detected,OK,2,13,detected,TRACKED,MATCHED_EXISTING_ID,0,1,1,732.000000,508.000000,923.500000,488.500000,35.799999,191.500000,-19.500000,192.490259,0.101478,5.814256,0.558047
982,32.733333,detected,OK,2,13,detected,TRACKED,MATCHED_EXISTING_ID,0,1,1,732.000000,509.000000,922.500000,489.500000,33.500000,190.500000,-19.500000,191.495431,0.102007,5.844566,0.510808
983,32.766667,detected,OK,2,13,detected,TRACKED,MATCHED_EXISTING_ID,0,1,1,732.000000,509.000000,923.500000,482.500000,33.799999,191.500000,-26.500000,193.324856,0.137508,7.878623,1.697262
984,32.800000,detected,OK,2,13,detected,TRACKED,MATCHED_EXISTING_ID,0,1,1,732.000000,508.500000,919.500000,481.500000,36.599998,187.500000,-27.000000,189.434025,0.143017,8.194263,0.700059
985,32.833333,detected,OK,2,13,detected,TRACKED,MATCHED_EXISTING_ID,0,1,1,732.000000,509.000000,919.500000,480.500000,33.799999,187.500000,-28.500000,189.653632,0.150845,8.642803,0.287137
986,32.866667,detected,OK,2,13,detected,TRACKED,MATCHED_EXISTING_ID,0,1,1,732.000000,509.500000,917.500000,477.500000,36.799999,185.500000,-32.000000,188.239874,0.170825,9.787579,0.523955
987,32.900000,detected,OK,2,13,detected,TRACKED,MATCHED_EXISTING_ID,0,1,1,732.000000,509.500000,918.500000,478.500000,33.799999,186.500000,-31.000000,189.058853,0.164714,9.437411,1.180571
988,32.933333,detected,OK,2,13,detected,TRACKED,MATCHED_EXISTING_ID,0,1,1,732.000000,510.500000,917.500000,477.500000,34.299999,185.500000,-33.000000,188.412447,0.176056,10.087251,0.291665
989,32.966667,detected,OK,2,13,detected,TRACKED,MATCHED_EXISTING_ID,0,1,1,732.000000,511.000000,920.500000,472.500000,34.400002,188.500000,-38.500000,192.391528,0.201473,11.543553,0.981461
990,33.000000,detected,OK,2,13,detected,TRACKED,MATCHED_EXISTING_ID,0,1,1,732.000000,509.500000,918.500000,468.500000,35.099998,186.500000,-41.000000,190.953528,0.216397,12.398627,0.012351
991,33.033333,detected,OK,2,13,detected,TRACKED,MATCHED_EXISTING_ID,0,1,1,732.500000,509.000000,916.500000,463.500000,34.000000,184.000000,-45.500000,189.542212,0.242419,13.889614,0.628501
992,33.066667,detected,OK,2,13,detected,TRACKED,MATCHED_EXISTING_ID,0,1,1,733.000000,509.500000,914.500000,464.500000,33.500000,181.500000,-45.000000,186.995321,0.243033,13.924773,1.078726
993,33.100000,detected,OK,2,13,detected,TRACKED,MATCHED_EXISTING_ID,0,1,1,732.500000,511.000000,914.500000,458.500000,34.700001,182.000000,-52.500000,189.420828,0.280838,16.090816,1.483648
994,33.133333,detected,OK,2,13,detected,TRACKED,MATCHED_EXISTING_ID,0,1,1,732.500000,511.500000,912.500000,458.500000,33.799999,180.000000,-53.000000,187.640614,0.286352,16.406772,0.959899
995,33.166667,detected,OK,2,13,detected,TRACKED,MATCHED_EXISTING_ID,0,1,1,732.000000,512.500000,909.500000,457.500000,36.299999,177.500000,-55.000000,185.825859,0.300477,17.216074,0.082593
996,33.200000,detected,OK,2,13,detected,TRACKED,MATCHED_EXISTING_ID,0,1,1,732.500000,513.000000,913.500000,456.500000,33.799999,181.000000,-56.500000,189.613423,0.302570,17.335999,0.738933
997,33.233333,detected,OK,2,13,detected,TRACKED,MATCHED_EXISTING_ID,0,1,1,733.000000,512.500000,904.500000,452.500000,34.400002,171.500000,-60.000000,181.692735,0.336545,19.282605,1.383322
998,33.266667,detected,OK,2,13,detected,TRACKED,MATCHED_EXISTING_ID,0,1,1,734.000000,511.500000,904.500000,450.500000,34.400002,170.500000,-61.000000,181.083544,0.343581,19.685750,0.713469
999,33.300000,detected,OK,2,13,detected,TRACKED,MATCHED_EXISTING_ID,0,1,0,734.000000,512.500000,902.500000,447.500000,33.799999,168.500000,-65.000000,180.602464,0.368168,21.094454,0.577478
1000,33.333333,detected,OK,2,13,detected,TRACKED,MATCHED_EXISTING_ID,0,1,1,734.000000,513.000000,904.500000,446.500000,35.200001,170.500000,-66.500000,183.009563,0.371882,21.307242,0.849429
1001,33.366667,detected,OK,2,13,detected,TRACKED,MATCHED_EXISTING_ID,0,1,1,734.000000,513.000000,900.500000,444.500000,34.099998,166.500000,-68.500000,180.040273,0.390305,22.362825,0.333138
1002,33.400000,detected,OK,2,13,detected,TRACKED,MATCHED_EXISTING_ID,0,1,1,734.000000,513.500000,904.500000,444.500000,36.000000,170.500000,-69.000000,183.932732,0.384545,22.032789,1.185736
1003,33.433333,detected,OK,2,13,detected,TRACKED,MATCHED_EXISTING_ID,0,1,1,734.000000,513.500000,902.500000,438.500000,33.000000,168.500000,-75.000000,184.437659,0.418775,23.994031,1.579835
1004,33.466667,detected,OK,2,13,detected,TRACKED,MATCHED_EXISTING_ID,0,1,1,734.000000,514.000000,902.500000,439.500000,35.000000,168.500000,-74.500000,184.234904,0.416295,23.851971,1.155400
1005,33.500000,detected,OK,2,13,detected,TRACKED,MATCHED_EXISTING_ID,0,1,1,734.000000,514.500000,899.500000,435.500000,33.799999,165.500000,-79.000000,183.388249,0.445357,25.517075,1.113923
1006,33.533333,detected,OK,2,13,detected,TRACKED,MATCHED_EXISTING_ID,0,1,1,734.500000,514.500000,898.500000,434.500000,33.599998,164.000000,-80.000000,182.471916,0.453844,26.003346,0.510478
1007,33.566667,detected,OK,2,13,detected,TRACKED,MATCHED_EXISTING_ID,0,1,1,734.500000,513.500000,892.500000,433.500000,36.299999,158.000000,-80.000000,177.098842,0.468698,26.854421,0.058517
1008,33.600000,detected,OK,2,13,detected,TRACKED,MATCHED_EXISTING_ID,0,1,1,735.000000,513.500000,893.500000,428.500000,35.799999,158.500000,-85.000000,179.853413,0.492247,28.203663,0.533276
1009,33.633333,detected,OK,2,13,detected,TRACKED,MATCHED_EXISTING_ID,0,1,1,735.000000,513.500000,889.500000,428.500000,33.599998,154.500000,-85.000000,176.338453,0.502967,28.817911,0.415027
1010,33.666667,detected,OK,2,13,detected,TRACKED,MATCHED_EXISTING_ID,0,1,1,735.000000,515.000000,894.500000,427.500000,34.299999,159.500000,-87.500000,181.924435,0.501760,28.748703,0.932473
1011,33.700000,detected,OK,2,13,detected,TRACKED,MATCHED_EXISTING_ID,0,1,1,735.000000,515.500000,887.500000,424.500000,35.799999,152.500000,-91.000000,177.587302,0.538005,30.825428,1.586449
1012,33.733333,detected,OK,2,13,detected,TRACKED,MATCHED_EXISTING_ID,0,1,1,734.500000,515.500000,882.500000,423.500000,33.000000,148.000000,-92.000000,174.264167,0.556166,31.865978,0.084306
1013,33.766667,detected,OK,2,13,detected,TRACKED,MATCHED_EXISTING_ID,0,1,0,734.000000,516.500000,881.500000,420.500000,34.299999,147.500000,-96.000000,175.989346,0.576971,33.057988,0.100878
1014,33.800000,detected,OK,2,13,detected,TRACKED,MATCHED_EXISTING_ID,0,1,1,734.500000,515.500000,883.500000,420.500000,32.500000,149.000000,-95.000000,176.708800,0.567597,32.520928,1.668544
1015,33.833333,detected,OK,2,13,detected,TRACKED,MATCHED_EXISTING_ID,0,1,1,734.500000,515.500000,878.500000,418.500000,36.000000,144.000000,-97.000000,173.623155,0.592795,33.964646,0.979651
1016,33.866667,detected,OK,2,13,detected,TRACKED,MATCHED_EXISTING_ID,0,1,1,734.500000,515.500000,884.500000,417.500000,33.000000,150.000000,-98.000000,179.175891,0.578715,33.157924,1.662649
1017,33.900000,detected,OK,2,13,detected,TRACKED,MATCHED_EXISTING_ID,0,1,1,734.500000,517.000000,877.500000,411.500000,33.799999,143.000000,-105.500000,177.705515,0.635623,36.418505,3.069714
1018,33.933333,detected,OK,2,13,detected,TRACKED,MATCHED_EXISTING_ID,0,1,1,734.500000,517.500000,873.500000,413.500000,34.900002,139.000000,-104.000000,173.600115,0.642349,36.803889,1.033369
1019,33.966667,detected,OK,2,13,detected,TRACKED,MATCHED_EXISTING_ID,0,1,1,734.500000,519.000000,873.500000,410.500000,36.599998,139.000000,-108.500000,176.332782,0.662784,37.974728,0.165434
1020,34.000000,detected,OK,2,13,detected,TRACKED,MATCHED_EXISTING_ID,0,1,1,734.500000,521.500000,867.500000,411.500000,34.200001,133.000000,-110.000000,172.594901,0.691029,39.593051,0.546745
1021,34.033333,detected,OK,2,13,detected,TRACKED,MATCHED_EXISTING_ID,0,1,1,734.500000,523.500000,866.500000,412.500000,33.799999,132.000000,-111.000000,172.467388,0.699193,40.060784,0.822543
1022,34.066667,detected,OK,2,13,detected,TRACKED,MATCHED_EXISTING_ID,0,1,1,734.500000,525.500000,866.500000,415.500000,32.500000,132.000000,-110.000000,171.825493,0.694738,39.805571,1.216473
1023,34.100000,detected,OK,2,13,detected,TRACKED,MATCHED_EXISTING_ID,0,1,1,734.000000,533.000000,866.500000,420.500000,35.500000,132.500000,-112.500000,173.817433,0.703946,40.333142,0.052900
1024,34.133333,detected,OK,2,13,detected,TRACKED,MATCHED_EXISTING_ID,0,1,1,734.000000,537.500000,862.500000,424.500000,33.200001,128.500000,-113.000000,171.117650,0.721304,41.327668,0.498696
1025,34.166667,detected,OK,2,13,detected,TRACKED,MATCHED_EXISTING_ID,0,1,1,734.000000,543.000000,859.500000,427.500000,32.200001,125.500000,-115.500000,170.559374,0.743928,42.623945,0.600968
1026,34.200000,detected,OK,2,13,detected,TRACKED,MATCHED_EXISTING_ID,0,1,1,734.000000,553.500000,858.500000,435.500000,35.500000,124.500000,-118.000000,171.534982,0.758600,43.464604,0.095036
1027,34.233333,detected,OK,2,13,detected,TRACKED,MATCHED_EXISTING_ID,0,1,1,734.000000,559.500000,854.500000,440.500000,33.000000,120.500000,-119.000000,169.355396,0.779135,44.641158,0.278873
1028,34.266667,detected,OK,2,13,detected,TRACKED,MATCHED_EXISTING_ID,0,1,1,732.000000,569.500000,853.500000,446.500000,33.799999,121.500000,-123.000000,172.890862,0.791533,45.351503,0.298886
1029,34.300000,detected,OK,2,13,detected,TRACKED,MATCHED_EXISTING_ID,0,1,1,732.000000,573.500000,848.500000,450.500000,32.400002,116.500000,-123.000000,169.414433,0.812531,46.554619,0.313439
1030,34.333333,detected,OK,2,13,detected,TRACKED,MATCHED_EXISTING_ID,0,1,1,732.000000,577.500000,840.500000,450.500000,32.099998,108.500000,-127.000000,167.036673,0.863793,49.491718,1.922047
1031,34.366667,detected,OK,2,13,detected,TRACKED,MATCHED_EXISTING_ID,0,1,1,732.000000,580.500000,840.500000,448.500000,36.500000,108.500000,-132.000000,170.869102,0.882802,50.580831,0.694757
1032,34.400000,detected,OK,2,13,detected,TRACKED,MATCHED_EXISTING_ID,0,1,1,730.500000,580.500000,842.500000,450.500000,33.799999,112.000000,-130.000000,171.592541,0.859642,49.253836,2.832963
1033,34.433333,detected,OK,2,13,detected,TRACKED,MATCHED_EXISTING_ID,0,1,1,730.000000,579.500000,838.500000,449.500000,35.099998,108.500000,-130.000000,169.328822,0.875302,50.151105,0.524486
1034,34.466667,detected,OK,2,13,detected,TRACKED,MATCHED_EXISTING_ID,0,1,1,730.000000,577.000000,827.500000,442.500000,32.200001,97.500000,-134.500000,166.121943,0.943549,54.061379,3.327696
1035,34.500000,detected,OK,2,13,detected,TRACKED,MATCHED_EXISTING_ID,0,1,1,730.000000,575.500000,832.500000,439.500000,33.000000,102.500000,-136.000000,170.300470,0.924946,52.995526,2.979508
1036,34.533333,detected,OK,2,13,detected,TRACKED,MATCHED_EXISTING_ID,0,1,1,730.000000,575.500000,827.500000,437.500000,35.500000,97.500000,-138.000000,168.968192,0.955707,54.757963,1.040584
1037,34.566667,detected,OK,2,13,detected,TRACKED,MATCHED_EXISTING_ID,0,1,1,733.500000,579.500000,826.500000,438.500000,36.099998,93.000000,-141.000000,168.908259,0.987720,56.592175,0.696126
1038,34.600000,detected,OK,1,13,detected,TRACKED,MATCHED_EXISTING_ID,0,1,0,730.000000,620.500000,819.500000,477.500000,36.200001,89.500000,-143.000000,168.698696,1.011569,57.958616,0.050096
1039,34.633333,detected,OK,1,13,detected,TRACKED,MATCHED_EXISTING_ID,0,1,0,730.000000,646.500000,817.500000,503.500000,35.099998,87.500000,-143.000000,167.646205,1.021681,58.538032,0.817082
1040,34.666667,detected,OK,1,13,detected,TRACKED,MATCHED_EXISTING_ID,0,1,0,733.000000,668.500000,817.500000,526.500000,33.799999,84.500000,-142.000000,165.239977,1.034009,59.244375,0.363323
1041,34.700000,detected,OK,1,13,detected,TRACKED,MATCHED_EXISTING_ID,0,1,0,732.000000,708.500000,811.500000,561.500000,34.900002,79.500000,-147.000000,167.120466,1.075031,61.594754,1.426043
1042,34.733333,detected,OK,2,13,detected,TRACKED,MATCHED_EXISTING_ID,0,1,1,726.500000,717.500000,810.500000,571.500000,33.599998,84.000000,-146.000000,168.439900,1.048705,60.086354,3.003153
1043,34.766667,detected,OK,2,13,detected,TRACKED,MATCHED_EXISTING_ID,0,1,1,718.500000,721.500000,794.500000,573.500000,35.099998,76.000000,-148.000000,166.373075,1.096396,62.818889,2.439043
1044,34.800000,detected,OK,2,13,detected,TRACKED,MATCHED_EXISTING_ID,0,1,0,687.000000,722.000000,763.500000,577.500000,33.000000,76.500000,-144.500000,163.500765,1.083897,62.102729,1.985269
1045,34.833333,detected,OK,1,13,detected,TRACKED,MATCHED_EXISTING_ID,0,1,0,667.500000,723.500000,740.500000,573.500000,35.799999,73.000000,-150.000000,166.820263,1.117872,64.049357,1.471627
1046,34.866667,detected,OK,2,13,detected,TRACKED,MATCHED_EXISTING_ID,0,1,1,627.000000,728.000000,696.500000,575.500000,36.000000,69.500000,-152.500000,167.590274,1.143181,65.499457,0.386447
1047,34.900000,detected,OK,2,13,detected,TRACKED,MATCHED_EXISTING_ID,0,1,1,607.000000,730.500000,676.500000,582.500000,32.500000,69.500000,-148.000000,163.506116,1.131768,64.845504,1.872184
1048,34.933333,detected,OK,2,13,detected,TRACKED,MATCHED_EXISTING_ID,0,1,1,589.000000,730.000000,655.500000,576.500000,35.799999,66.500000,-153.500000,167.285684,1.161980,66.576545,1.261684
1049,34.966667,detected,OK,2,13,detected,TRACKED,MATCHED_EXISTING_ID,0,1,1,559.500000,725.000000,622.500000,570.500000,35.099998,63.000000,-154.500000,166.850981,1.183612,67.815987,0.265411
1050,35.000000,detected,OK,2,13,detected,TRACKED,MATCHED_EXISTING_ID,0,1,1,551.000000,722.000000,619.500000,570.500000,33.599998,68.500000,-151.500000,166.266353,1.146160,65.670123,3.226059
1051,35.033333,detected,OK,2,13,detected,TRACKED,MATCHED_EXISTING_ID,0,1,1,536.500000,723.500000,600.500000,570.500000,34.099998,64.000000,-153.000000,165.846314,1.174614,67.300410,1.840515
1052,35.066667,detected,OK,2,13,detected,TRACKED,MATCHED_EXISTING_ID,0,1,1,531.500000,724.000000,590.500000,568.500000,32.900002,59.000000,-155.500000,166.316716,1.208155,69.222192,1.395804
1053,35.100000,detected,OK,2,13,detected,TRACKED,MATCHED_EXISTING_ID,0,1,1,526.500000,728.500000,584.500000,573.500000,29.400000,58.000000,-155.000000,165.496224,1.212733,69.484475,0.822016
1054,35.133333,detected,OK,2,13,detected,TRACKED,MATCHED_EXISTING_ID,0,1,1,526.500000,732.000000,576.500000,575.500000,33.799999,50.000000,-156.500000,164.293183,1.261557,72.281900,2.041932
1055,35.166667,detected,OK,2,13,detected,TRACKED,MATCHED_EXISTING_ID,0,1,1,528.500000,734.000000,576.500000,579.500000,31.600000,48.000000,-154.500000,161.784579,1.269571,72.741046,1.113120
1056,35.200000,detected,OK,2,13,detected,TRACKED,MATCHED_EXISTING_ID,0,1,1,537.000000,737.500000,584.500000,580.500000,34.299999,47.500000,-157.000000,164.028199,1.277004,73.166926,0.701137
1057,35.233333,detected,OK,2,13,detected,TRACKED,MATCHED_EXISTING_ID,0,1,1,541.000000,739.500000,579.500000,579.500000,32.500000,38.500000,-160.000000,164.566856,1.334660,76.470412,2.456923
1058,35.266667,detected,OK,2,13,detected,TRACKED,MATCHED_EXISTING_ID,0,1,1,545.500000,741.500000,589.500000,582.500000,29.400000,44.000000,-159.000000,164.975756,1.300823,74.531660,3.768084
1059,35.300000,detected,OK,2,13,detected,TRACKED,MATCHED_EXISTING_ID,0,1,1,555.000000,747.500000,594.500000,587.500000,33.500000,39.500000,-160.000000,164.803671,1.328761,76.132397,1.278638
1060,35.333333,detected,OK,2,13,detected,TRACKED,MATCHED_EXISTING_ID,0,1,1,559.000000,750.000000,590.500000,586.500000,35.500000,31.500000,-163.500000,166.506757,1.380468,79.094978,2.129027
1061,35.366667,detected,OK,2,13,detected,TRACKED,MATCHED_EXISTING_ID,0,1,1,569.500000,753.000000,597.500000,592.500000,32.400002,28.000000,-160.500000,162.924062,1.398080,80.104065,0.676077
1062,35.400000,detected,OK,2,13,detected,TRACKED,MATCHED_EXISTING_ID,0,1,1,573.500000,755.000000,599.500000,593.500000,31.600000,26.000000,-161.500000,163.579491,1.411175,80.854385,0.664414
1063,35.433333,detected,OK,2,13,detected,TRACKED,MATCHED_EXISTING_ID,0,1,1,580.500000,759.500000,604.500000,596.500000,34.400002,24.000000,-163.000000,164.757397,1.424607,81.623995,0.379358
1064,35.466667,detected,OK,2,13,detected,TRACKED,MATCHED_EXISTING_ID,0,1,1,583.500000,761.500000,599.500000,596.500000,34.599998,16.000000,-165.000000,165.773942,1.474129,84.461362,1.840143
1065,35.500000,detected,OK,2,13,detected,TRACKED,MATCHED_EXISTING_ID,0,1,1,588.500000,766.000000,599.500000,600.500000,34.400002,11.000000,-165.500000,165.865156,1.504429,86.197414,0.002770
1066,35.533333,detected,OK,2,13,detected,TRACKED,MATCHED_EXISTING_ID,0,1,1,590.500000,767.500000,602.500000,605.500000,32.700001,12.000000,-162.000000,162.443836,1.496857,85.763605,2.168199
1067,35.566667,detected,OK,2,13,detected,TRACKED,MATCHED_EXISTING_ID,0,1,1,592.500000,769.500000,601.500000,602.500000,32.400002,9.000000,-167.000000,167.242339,1.516956,86.915188,0.284472
1068,35.600000,detected,OK,2,13,detected,TRACKED,MATCHED_EXISTING_ID,0,1,1,594.500000,773.000000,602.500000,609.500000,34.400002,8.000000,-163.500000,163.695602,1.521906,87.198771,0.697316
1069,35.633333,detected,OK,2,13,detected,TRACKED,MATCHED_EXISTING_ID,0,1,1,596.000000,773.500000,596.500000,608.500000,34.400002,0.500000,-165.000000,165.000758,1.567766,89.826377,1.925633
1070,35.666667,detected,OK,2,13,detected,TRACKED,MATCHED_EXISTING_ID,0,1,1,596.500000,774.000000,596.500000,611.500000,32.400002,0.000000,-162.500000,162.500000,1.570796,90.000000,1.298603
1071,35.700000,detected,OK,2,13,detected,TRACKED,MATCHED_EXISTING_ID,0,1,1,598.500000,774.000000,594.500000,611.500000,32.700001,-4.000000,-162.500000,162.549223,1.595407,91.410073,0.457288
1072,35.733333,detected,OK,2,13,detected,TRACKED,MATCHED_EXISTING_ID,0,1,1,599.000000,774.000000,587.500000,609.500000,32.200001,-11.500000,-164.500000,164.901486,1.640592,93.998974,1.453201
1073,35.766667,detected,OK,2,13,detected,TRACKED,MATCHED_EXISTING_ID,0,1,1,602.000000,775.500000,588.500000,610.500000,34.900002,-13.500000,-165.000000,165.551352,1.652433,94.677418,1.038536
1074,35.800000,detected,OK,2,13,detected,TRACKED,MATCHED_EXISTING_ID,0,1,1,604.500000,777.500000,591.500000,613.500000,34.400002,-13.000000,-164.000000,164.514437,1.649899,94.532262,1.446722
1075,35.833333,detected,OK,2,13,detected,TRACKED,MATCHED_EXISTING_ID,0,1,1,606.500000,778.000000,588.500000,615.500000,32.700001,-18.000000,-162.500000,163.493884,1.681116,96.320842,1.065703
1076,35.866667,detected,OK,2,13,detected,TRACKED,MATCHED_EXISTING_ID,0,1,0,608.500000,778.000000,591.500000,614.500000,34.099998,-17.000000,-163.500000,164.381416,1.674400,95.936029,1.533970
1077,35.900000,detected,OK,2,13,detected,TRACKED,MATCHED_EXISTING_ID,0,1,1,610.500000,779.000000,587.500000,617.500000,33.000000,-23.000000,-161.500000,163.129550,1.712260,98.105267,1.633667
1078,35.933333,detected,OK,2,13,detected,TRACKED,MATCHED_EXISTING_ID,0,1,1,615.500000,780.000000,585.500000,616.500000,34.400002,-30.000000,-163.500000,166.229510,1.752264,100.397334,1.103030
1079,35.966667,detected,OK,2,13,detected,TRACKED,MATCHED_EXISTING_ID,0,1,1,618.000000,780.000000,591.500000,616.500000,34.200001,-26.500000,-163.500000,165.633632,1.731479,99.206412,2.821170
1080,36.000000,detected,OK,2,13,detected,TRACKED,MATCHED_EXISTING_ID,0,1,1,623.500000,780.000000,591.500000,616.500000,34.400002,-32.000000,-163.500000,166.602071,1.764072,101.073871,1.365678
1081,36.033333,detected,OK,2,13,detected,TRACKED,MATCHED_EXISTING_ID,0,1,1,626.000000,779.500000,587.500000,616.500000,34.400002,-38.500000,-163.000000,167.485074,1.802742,103.289491,1.167567
1082,36.066667,detected,OK,2,13,detected,TRACKED,MATCHED_EXISTING_ID,0,1,1,628.500000,780.000000,587.500000,618.500000,35.500000,-41.000000,-161.500000,166.623078,1.819414,104.244742,0.559827
1083,36.100000,detected,OK,2,13,detected,TRACKED,MATCHED_EXISTING_ID,0,1,0,633.500000,782.000000,592.500000,620.500000,34.400002,-41.000000,-161.500000,166.623078,1.819414,104.244742,1.291148
1084,36.133333,detected,OK,2,13,detected,TRACKED,MATCHED_EXISTING_ID,0,1,0,635.000000,783.500000,592.500000,622.500000,34.299999,-42.500000,-161.000000,166.515014,1.828884,104.787347,0.232085
1085,36.166667,detected,OK,2,13,detected,TRACKED,MATCHED_EXISTING_ID,0,1,1,637.000000,784.000000,593.500000,623.500000,33.299999,-43.500000,-160.500000,166.290409,1.835466,105.164461,0.304741
1086,36.200000,detected,OK,2,13,detected,TRACKED,MATCHED_EXISTING_ID,0,1,1,642.000000,784.000000,592.500000,622.500000,35.099998,-49.500000,-161.500000,168.915659,1.868207,107.040383,1.315964
1087,36.233333,detected,OK,2,13,detected,TRACKED,MATCHED_EXISTING_ID,0,1,1,646.000000,784.000000,589.500000,628.500000,33.799999,-56.500000,-155.500000,165.446366,1.919309,109.968313,1.841586
1088,36.266667,detected,OK,2,13,detected,TRACKED,MATCHED_EXISTING_ID,0,1,1,648.000000,784.000000,592.500000,623.500000,35.200001,-55.500000,-160.500000,169.824910,1.903720,109.075098,2.716193
1089,36.300000,detected,OK,2,13,detected,TRACKED,MATCHED_EXISTING_ID,0,1,1,651.000000,785.500000,592.500000,627.500000,33.799999,-58.500000,-158.000000,168.482195,1.925399,110.317231,0.505632
1090,36.333333,detected,OK,2,13,detected,TRACKED,MATCHED_EXISTING_ID,0,1,1,652.500000,784.000000,591.500000,628.500000,34.099998,-61.000000,-155.500000,167.036673,1.944632,111.419231,0.163246
1091,36.366667,detected,OK,2,13,detected,TRACKED,MATCHED_EXISTING_ID,0,1,1,654.500000,784.000000,582.500000,628.500000,32.400002,-72.000000,-155.500000,171.360001,2.004427,114.845199,2.421915
1092,36.400000,detected,OK,2,13,detected,TRACKED,MATCHED_EXISTING_ID,0,1,1,658.000000,784.000000,583.500000,628.500000,33.599998,-74.500000,-155.500000,172.425346,2.017584,115.599066,1.218951
1093,36.433333,detected,OK,2,13,detected,TRACKED,MATCHED_EXISTING_ID,0,1,0,660.000000,785.000000,587.500000,633.500000,32.900002,-72.500000,-151.500000,167.953863,2.017135,115.573346,1.510958
1094,36.466667,detected,OK,2,13,detected,TRACKED,MATCHED_EXISTING_ID,0,1,1,661.500000,785.500000,590.500000,631.500000,34.000000,-71.000000,-154.000000,169.578890,2.002792,114.751543,1.702658
1095,36.500000,detected,OK,2,13,detected,TRACKED,MATCHED_EXISTING_ID,0,1,1,665.500000,787.000000,586.500000,638.500000,33.799999,-79.000000,-148.500000,168.205975,2.059705,118.012376,3.061042
1096,36.533333,detected,OK,2,13,detected,TRACKED,MATCHED_EXISTING_ID,0,1,0,667.000000,787.000000,587.500000,631.500000,33.799999,-79.500000,-155.500000,174.643923,2.043407,117.078572,2.358012
1097,36.566667,detected,OK,2,13,detected,TRACKED,MATCHED_EXISTING_ID,0,1,1,669.500000,786.000000,590.500000,634.500000,34.299999,-79.000000,-151.500000,170.860323,2.051458,117.539885,0.019690
1098,36.600000,detected,OK,2,13,detected,TRACKED,MATCHED_EXISTING_ID,0,1,1,674.000000,785.500000,588.500000,638.500000,32.700001,-85.500000,-147.000000,170.056608,2.097601,120.183681,2.170668
1099,36.633333,detected,OK,2,13,detected,TRACKED,MATCHED_EXISTING_ID,0,1,1,676.000000,785.500000,590.500000,637.500000,30.200001,-85.500000,-148.000000,170.921766,2.094659,120.015142,1.509933
1100,36.666667,detected,OK,2,13,detected,TRACKED,MATCHED_EXISTING_ID,0,1,1,679.500000,786.000000,590.500000,640.500000,35.099998,-89.000000,-145.500000,170.561572,2.119763,121.453452,0.700888
1101,36.700000,detected,OK,2,13,detected,TRACKED,MATCHED_EXISTING_ID,0,1,0,681.500000,786.500000,590.500000,640.500000,35.099998,-91.000000,-146.000000,172.037787,2.128163,121.934778,0.536450
1102,36.733333,detected,OK,2,13,detected,TRACKED,MATCHED_EXISTING_ID,0,1,0,682.500000,786.000000,585.500000,641.500000,34.900002,-97.000000,-144.500000,174.038071,2.161986,123.872683,1.134708
1103,36.766667,detected,OK,2,13,detected,TRACKED,MATCHED_EXISTING_ID,0,1,1,686.500000,784.000000,585.500000,641.500000,35.099998,-101.000000,-142.500000,174.663247,2.187385,125.327944,0.198181
1104,36.800000,detected,OK,2,13,detected,TRACKED,MATCHED_EXISTING_ID,0,1,1,688.500000,783.500000,588.500000,639.500000,37.299999,-100.000000,-144.000000,175.316856,2.177784,124.777831,1.886465
1105,36.833333,detected,OK,2,13,detected,TRACKED,MATCHED_EXISTING_ID,0,1,1,692.500000,781.500000,590.500000,643.500000,32.099998,-102.000000,-138.000000,171.604196,2.207305,126.469234,1.109637
1106,36.866667,detected,OK,2,13,detected,TRACKED,MATCHED_EXISTING_ID,0,1,1,694.000000,781.500000,589.500000,637.500000,34.400002,-104.500000,-144.000000,177.922033,2.198560,125.968184,1.526672
1107,36.900000,detected,OK,2,13,detected,TRACKED,MATCHED_EXISTING_ID,0,1,1,696.000000,780.500000,590.500000,639.500000,32.700001,-105.500000,-141.000000,176.100114,2.213162,126.804826,0.421690
1108,36.933333,detected,OK,2,13,detected,TRACKED,MATCHED_EXISTING_ID,0,1,1,699.500000,779.500000,588.500000,639.500000,33.000000,-111.000000,-140.000000,178.664490,2.241167,128.409391,1.020937
1109,36.966667,detected,OK,2,13,detected,TRACKED,MATCHED_EXISTING_ID,0,1,1,701.500000,778.000000,592.500000,641.500000,35.099998,-109.000000,-136.500000,174.680422,2.244643,128.608583,0.792812
1110,37.000000,detected,OK,2,13,detected,TRACKED,MATCHED_EXISTING_ID,0,1,1,706.000000,776.000000,590.500000,643.500000,37.700001,-115.500000,-132.500000,175.774003,2.287753,131.078601,1.795140
1111,37.033333,detected,OK,2,13,detected,TRACKED,MATCHED_EXISTING_ID,0,1,1,708.000000,776.000000,587.500000,643.500000,34.400002,-120.500000,-132.500000,179.099135,2.308799,132.284449,0.187087
1112,37.066667,detected,OK,2,13,detected,TRACKED,MATCHED_EXISTING_ID,0,1,0,708.500000,776.000000,591.500000,642.500000,33.000000,-117.000000,-133.500000,177.514084,2.290421,131.231470,2.371078
1113,37.100000,detected,OK,2,13,detected,TRACKED,MATCHED_EXISTING_ID,0,1,1,712.500000,777.000000,588.500000,647.500000,35.000000,-124.000000,-129.500000,179.293753,2.334502,133.757091,2.155953
1114,37.133333,detected,OK,2,13,detected,TRACKED,MATCHED_EXISTING_ID,0,1,1,714.500000,776.500000,590.500000,650.500000,33.000000,-124.000000,-126.000000,176.782352,2.348195,134.541644,0.447497
1115,37.166667,detected,OK,2,13,detected,TRACKED,MATCHED_EXISTING_ID,0,1,1,716.500000,776.000000,594.500000,647.500000,35.799999,-122.000000,-128.500000,177.189870,2.330252,133.513617,2.081077
1116,37.200000,detected,OK,2,13,detected,TRACKED,MATCHED_EXISTING_ID,0,1,0,720.500000,775.500000,592.500000,653.500000,33.799999,-128.000000,-122.000000,176.827600,2.380190,136.374835,2.640598
1117,37.233333,detected,OK,2,13,detected,TRACKED,MATCHED_EXISTING_ID,0,1,0,722.000000,776.000000,593.500000,649.500000,33.000000,-128.500000,-126.500000,180.317775,2.364037,135.449369,2.202324
1118,37.266667,detected,OK,2,13,detected,TRACKED,MATCHED_EXISTING_ID,0,1,0,724.000000,776.000000,595.500000,652.500000,34.900002,-128.500000,-123.500000,178.225980,2.376033,136.136672,0.291373
1119,37.300000,detected,OK,2,13,detected,TRACKED,MATCHED_EXISTING_ID,0,1,0,726.500000,776.000000,589.500000,655.500000,34.599998,-137.000000,-120.500000,182.453419,2.420185,138.666368,2.017217
1120,37.333333,detected,OK,2,13,detected,TRACKED,MATCHED_EXISTING_ID,0,1,1,728.000000,776.000000,594.500000,656.500000,30.799999,-133.500000,-119.500000,179.171705,2.411474,138.167287,1.818446
1121,37.366667,detected,OK,2,13,detected,TRACKED,MATCHED_EXISTING_ID,0,1,0,730.000000,775.500000,595.500000,657.500000,34.599998,-134.500000,-118.000000,178.925264,2.421448,138.738765,0.020509
1122,37.400000,detected,OK,2,13,detected,TRACKED,MATCHED_EXISTING_ID,0,1,0,732.000000,775.500000,592.500000,661.500000,33.000000,-139.500000,-114.000000,180.156182,2.456449,140.744158,1.421610
1123,37.433333,detected,OK,2,13,detected,TRACKED,MATCHED_EXISTING_ID,0,1,0,732.500000,776.000000,591.500000,658.500000,33.299999,-141.000000,-117.500000,183.540867,2.446854,140.194429,1.702157
1124,37.466667,detected,OK,2,13,detected,TRACKED,MATCHED_EXISTING_ID,0,1,1,734.500000,777.500000,593.500000,663.500000,35.500000,-141.000000,-114.000000,181.320159,2.461684,141.044092,0.378099
1125,37.500000,detected,OK,2,13,detected,TRACKED,MATCHED_EXISTING_ID,0,1,1,736.000000,778.000000,591.500000,664.500000,33.299999,-144.500000,-113.500000,183.745748,2.475776,141.851530,0.184634
1126,37.533333,detected,OK,2,13,detected,TRACKED,MATCHED_EXISTING_ID,0,1,0,737.500000,779.500000,591.500000,666.500000,33.299999,-146.000000,-113.000000,184.621234,2.482925,142.261111,0.287077
1127,37.566667,detected,OK,2,13,detected,TRACKED,MATCHED_EXISTING_ID,0,1,0,738.500000,783.000000,591.500000,672.500000,33.799999,-147.000000,-110.500000,183.900109,2.497004,143.067790,0.224853
1128,37.600000,detected,OK,2,13,detected,TRACKED,MATCHED_EXISTING_ID,0,1,0,740.000000,783.500000,591.500000,678.500000,33.299999,-148.500000,-105.000000,181.871521,2.526137,144.736988,0.997430
1129,37.633333,detected,OK,2,13,detected,TRACKED,MATCHED_EXISTING_ID,0,1,1,742.000000,784.000000,591.500000,680.500000,33.000000,-150.500000,-103.500000,182.654045,2.539164,145.483399,0.324329
1130,37.666667,detected,OK,2,13,detected,TRACKED,MATCHED_EXISTING_ID,0,1,0,742.500000,783.500000,588.500000,680.500000,35.900002,-154.000000,-103.000000,185.270073,2.552093,146.224160,0.200247
1131,37.700000,detected,OK,2,13,detected,TRACKED,MATCHED_EXISTING_ID,0,1,1,744.500000,781.500000,588.500000,680.500000,35.500000,-156.000000,-101.000000,185.841330,2.567022,147.079531,0.005539
1132,37.733333,detected,OK,2,13,detected,TRACKED,MATCHED_EXISTING_ID,0,1,0,746.000000,780.000000,593.500000,678.500000,35.500000,-152.500000,-101.500000,183.189792,2.554347,146.353306,1.584919
1133,37.766667,detected,OK,2,13,detected,TRACKED,MATCHED_EXISTING_ID,0,1,1,748.000000,780.000000,593.500000,678.500000,36.000000,-154.500000,-101.500000,184.858054,2.560342,146.696770,0.118738
1134,37.800000,detected,OK,2,13,detected,TRACKED,MATCHED_EXISTING_ID,0,1,1,750.500000,780.000000,595.500000,682.500000,34.900002,-155.000000,-97.500000,183.115401,2.580099,147.828783,0.859792
1135,37.833333,detected,OK,2,13,detected,TRACKED,MATCHED_EXISTING_ID,0,1,0,750.500000,780.000000,591.500000,685.500000,37.700001,-159.000000,-94.500000,184.962834,2.605346,149.275307,0.830386
1136,37.866667,detected,OK,2,13,detected,TRACKED,MATCHED_EXISTING_ID,0,1,0,752.500000,778.000000,594.500000,682.500000,36.000000,-158.000000,-95.500000,184.619203,2.597922,148.849960,1.373639
1137,37.900000,detected,OK,2,13,detected,TRACKED,MATCHED_EXISTING_ID,0,1,1,754.000000,778.000000,589.500000,684.500000,35.500000,-164.500000,-93.500000,189.215486,2.624741,150.386574,1.137778
1138,37.933333,detected,OK,2,13,detected,TRACKED,MATCHED_EXISTING_ID,0,1,1,755.000000,778.000000,595.500000,684.500000,35.500000,-159.500000,-93.500000,184.885099,2.611377,149.620874,1.619648
1139,37.966667,detected,OK,2,13,detected,TRACKED,MATCHED_EXISTING_ID,0,1,1,757.000000,777.500000,595.500000,685.500000,36.099998,-161.500000,-92.000000,185.866215,2.623781,150.331590,0.504627
1140,38.000000,detected,OK,2,13,detected,TRACKED,MATCHED_EXISTING_ID,0,1,1,758.000000,777.500000,593.500000,685.500000,33.299999,-164.500000,-92.000000,188.478779,2.631660,150.783002,0.043473
1141,38.033333,detected,OK,2,13,detected,TRACKED,MATCHED_EXISTING_ID,0,1,0,758.500000,777.500000,595.500000,688.500000,35.500000,-163.000000,-89.000000,185.714835,2.641816,151.364918,0.156588
1142,38.066667,detected,OK,2,13,detected,TRACKED,MATCHED_EXISTING_ID,0,1,1,760.000000,777.000000,593.500000,693.500000,33.799999,-166.500000,-83.500000,186.264597,2.676745,153.366166,1.513285
1143,38.100000,detected,OK,2,13,detected,TRACKED,MATCHED_EXISTING_ID,0,1,0,760.500000,777.000000,594.500000,690.500000,36.000000,-166.000000,-86.500000,187.185069,2.661220,152.476686,1.982758
1144,38.133333,detected,OK,2,13,detected,TRACKED,MATCHED_EXISTING_ID,0,1,1,760.500000,777.000000,593.500000,691.500000,35.500000,-167.000000,-85.500000,187.614632,2.668410,152.888641,0.111781
1145,38.166667,detected,OK,2,13,detected,TRACKED,MATCHED_EXISTING_ID,0,1,0,762.000000,777.500000,593.500000,694.500000,36.000000,-168.500000,-83.000000,187.833038,2.683897,153.775991,0.542464
1146,38.200000,detected,OK,2,13,detected,TRACKED,MATCHED_EXISTING_ID,0,1,1,762.500000,777.500000,590.500000,699.500000,37.299999,-172.000000,-78.000000,188.859736,2.715842,155.606261,1.268397
1147,38.233333,detected,OK,2,13,detected,TRACKED,MATCHED_EXISTING_ID,0,1,0,764.000000,777.500000,592.500000,698.500000,35.799999,-171.500000,-79.000000,188.820682,2.709925,155.267246,1.408246
1148,38.266667,detected,OK,2,13,detected,TRACKED,MATCHED_EXISTING_ID,0,1,0,764.500000,777.500000,591.500000,701.500000,33.799999,-173.000000,-76.000000,188.957667,2.727667,156.283811,0.510632
1149,38.300000,detected,OK,2,13,detected,TRACKED,MATCHED_EXISTING_ID,0,1,1,766.000000,777.500000,590.500000,699.500000,34.299999,-175.500000,-78.000000,192.052727,2.723368,156.037511,0.956485
1150,38.333333,detected,OK,2,13,detected,TRACKED,MATCHED_EXISTING_ID,0,1,1,766.500000,777.500000,588.500000,703.500000,35.500000,-178.000000,-74.000000,192.769292,2.747600,157.425862,1.060759
1151,38.366667,detected,OK,2,13,detected,TRACKED,MATCHED_EXISTING_ID,0,1,1,766.500000,777.500000,585.500000,704.500000,34.299999,-181.000000,-73.000000,195.166596,2.758232,158.035044,0.142713
1152,38.400000,detected,OK,2,13,detected,TRACKED,MATCHED_EXISTING_ID,0,1,1,767.000000,777.500000,593.500000,704.500000,35.200001,-173.500000,-73.000000,188.231905,2.743328,157.181111,1.548744
1153,38.433333,detected,OK,2,13,detected,TRACKED,MATCHED_EXISTING_ID,0,1,0,768.000000,777.500000,589.500000,705.500000,33.799999,-178.500000,-72.000000,192.474024,2.758192,158.032757,0.776333
1154,38.466667,detected,OK,2,13,detected,TRACKED,MATCHED_EXISTING_ID,0,1,0,768.500000,777.500000,589.500000,706.500000,33.799999,-179.000000,-71.000000,192.566872,2.763979,158.364344,0.054258
1155,38.500000,detected,OK,2,13,detected,TRACKED,MATCHED_EXISTING_ID,0,1,0,769.500000,777.500000,587.500000,710.500000,35.799999,-182.000000,-67.000000,193.940713,2.788857,159.789731,1.061244
1156,38.533333,detected,OK,2,13,detected,TRACKED,MATCHED_EXISTING_ID,0,1,0,770.500000,777.500000,587.500000,712.500000,35.799999,-183.000000,-65.000000,194.200927,2.800301,160.445406,0.132964
1157,38.566667,detected,OK,2,13,detected,TRACKED,MATCHED_EXISTING_ID,0,1,0,771.500000,777.500000,589.500000,710.500000,34.099998,-182.000000,-67.000000,193.940713,2.788857,159.789731,1.391130
1158,38.600000,detected,OK,2,13,detected,TRACKED,MATCHED_EXISTING_ID,0,1,0,772.000000,778.000000,591.500000,714.500000,36.299999,-180.500000,-63.500000,191.343931,2.803315,160.618100,0.649367
1159,38.633333,detected,OK,2,13,detected,TRACKED,MATCHED_EXISTING_ID,0,1,0,772.500000,778.000000,589.500000,714.500000,33.799999,-183.000000,-63.500000,193.704027,2.807598,160.863505,0.193343
1160,38.666667,detected,OK,2,13,detected,TRACKED,MATCHED_EXISTING_ID,0,1,0,773.500000,777.500000,592.500000,717.500000,35.500000,-181.000000,-60.000000,190.685605,2.821500,161.660069,0.435152
1161,38.700000,detected,OK,2,13,detected,TRACKED,MATCHED_EXISTING_ID,0,1,0,774.000000,777.500000,591.500000,717.500000,36.299999,-182.500000,-60.000000,192.109995,2.823957,161.800835,0.394706
1162,38.733333,detected,OK,2,13,detected,TRACKED,MATCHED_EXISTING_ID,0,1,0,774.000000,776.500000,592.500000,717.500000,35.500000,-181.500000,-59.000000,190.848762,2.827298,161.992269,0.186155
1163,38.766667,detected,OK,2,13,detected,TRACKED,MATCHED_EXISTING_ID,0,1,1,776.000000,775.500000,588.500000,715.500000,39.700001,-187.500000,-60.000000,196.866071,2.831890,162.255328,0.040069
1164,38.800000,detected,OK,2,13,detected,TRACKED,MATCHED_EXISTING_ID,0,1,0,776.000000,775.500000,592.500000,719.500000,35.500000,-183.500000,-56.000000,191.854763,2.845393,163.029010,0.486582
1165,38.833333,detected,OK,2,13,detected,TRACKED,MATCHED_EXISTING_ID,0,1,1,776.500000,775.500000,591.500000,719.500000,36.599998,-185.000000,-56.000000,193.289938,2.847658,163.158794,0.351949
1166,38.866667,detected,OK,2,13,detected,TRACKED,MATCHED_EXISTING_ID,0,1,1,777.000000,775.000000,589.500000,724.500000,33.799999,-187.500000,-50.500000,194.181616,2.878502,164.926033,1.426285
1167,38.900000,detected,OK,2,13,detected,TRACKED,MATCHED_EXISTING_ID,0,1,1,778.000000,774.000000,587.500000,723.500000,36.299999,-190.500000,-50.500000,197.079933,2.882461,165.152855,0.684645
1168,38.933333,detected,OK,2,13,detected,TRACKED,MATCHED_EXISTING_ID,0,1,0,778.000000,773.500000,587.500000,723.500000,36.299999,-190.500000,-50.000000,196.952405,2.884915,165.293455,0.497010
1169,38.966667,detected,OK,2,13,detected,TRACKED,MATCHED_EXISTING_ID,0,1,0,780.000000,773.500000,587.500000,724.500000,35.799999,-192.500000,-49.000000,198.638491,2.892341,165.718904,0.013356
1170,39.000000,detected,OK,2,13,detected,TRACKED,MATCHED_EXISTING_ID,0,1,0,780.000000,773.500000,591.500000,727.500000,33.799999,-188.500000,-46.000000,194.031570,2.902239,166.286042,0.133675
1171,39.033333,detected,OK,2,13,detected,TRACKED,MATCHED_EXISTING_ID,0,1,0,780.500000,772.500000,592.500000,725.500000,36.299999,-188.000000,-47.000000,193.785964,2.896614,165.963757,0.809218
1172,39.066667,detected,OK,2,13,detected,TRACKED,MATCHED_EXISTING_ID,0,1,0,781.000000,771.500000,593.500000,725.500000,36.299999,-187.500000,-46.000000,193.060224,2.901011,166.215684,0.088681
1173,39.100000,detected,OK,2,13,detected,TRACKED,MATCHED_EXISTING_ID,0,1,0,782.000000,770.500000,587.500000,726.500000,35.500000,-194.500000,-44.000000,199.414769,2.919116,167.253042,0.838641
1174,39.133333,detected,OK,2,13,detected,TRACKED,MATCHED_EXISTING_ID,0,1,1,783.000000,769.500000,590.500000,724.500000,33.799999,-192.500000,-45.000000,197.689782,2.911950,166.842457,0.944760
1175,39.166667,detected,OK,2,13,detected,TRACKED,MATCHED_EXISTING_ID,0,1,0,784.500000,768.500000,592.500000,724.500000,38.500000,-192.000000,-44.000000,196.977156,2.916316,167.092591,0.093863
1176,39.200000,detected,OK,2,13,detected,TRACKED,MATCHED_EXISTING_ID,0,1,0,784.500000,769.500000,593.500000,729.500000,33.799999,-191.000000,-40.000000,195.143537,2.935152,168.171828,0.885421
1177,39.233333,detected,OK,2,13,detected,TRACKED,MATCHED_EXISTING_ID,0,1,1,784.500000,768.500000,592.500000,730.500000,33.799999,-192.000000,-38.000000,195.724296,2.946201,168.804889,0.085076
1178,39.266667,detected,OK,2,13,detected,TRACKED,MATCHED_EXISTING_ID,0,1,1,786.000000,767.500000,590.500000,728.500000,36.599998,-195.500000,-39.000000,199.352075,2.944689,168.718250,0.668653
1179,39.300000,detected,OK,2,13,detected,TRACKED,MATCHED_EXISTING_ID,0,1,1,786.500000,767.500000,590.500000,729.500000,36.099998,-196.000000,-38.000000,199.649693,2.950091,169.027760,0.005044
1180,39.333333,detected,OK,2,13,detected,TRACKED,MATCHED_EXISTING_ID,0,1,0,788.000000,767.500000,591.500000,731.500000,36.200001,-196.500000,-36.000000,199.770493,2.960396,169.618195,0.277899
1181,39.366667,detected,OK,2,13,detected,TRACKED,MATCHED_EXISTING_ID,0,1,0,788.500000,768.000000,590.500000,732.500000,35.400002,-198.000000,-35.500000,201.157277,2.964185,169.835272,0.206619
1182,39.400000,detected,OK,1,13,detected,TRACKED,MATCHED_EXISTING_ID,0,1,0,788.500000,768.000000,597.500000,733.500000,35.500000,-191.000000,-34.500000,194.090829,2.962891,169.761162,0.415158
1183,39.433333,detected,OK,2,13,detected,TRACKED,MATCHED_EXISTING_ID,0,1,0,788.500000,767.500000,596.500000,732.500000,35.799999,-192.000000,-35.000000,195.164034,2.961281,169.668895,0.267252
1184,39.466667,detected,OK,2,13,detected,TRACKED,MATCHED_EXISTING_ID,0,1,0,790.000000,766.000000,597.500000,733.500000,36.000000,-192.500000,-32.500000,195.224230,2.974339,170.417055,0.680076
1185,39.500000,detected,OK,2,13,detected,TRACKED,MATCHED_EXISTING_ID,0,1,0,790.500000,765.500000,592.500000,734.500000,35.799999,-198.000000,-31.000000,200.412075,2.986288,171.101687,0.344517
1186,39.533333,detected,OK,2,13,detected,TRACKED,MATCHED_EXISTING_ID,0,1,1,792.000000,765.500000,592.500000,734.500000,35.400002,-199.500000,-31.000000,201.894155,2.987437,171.167533,0.412076
1187,39.566667,detected,OK,2,13,detected,TRACKED,MATCHED_EXISTING_ID,0,1,0,792.500000,765.500000,594.500000,737.500000,36.400002,-198.000000,-28.000000,199.969998,3.001110,171.950938,0.470314
1188,39.600000,detected,OK,2,13,detected,TRACKED,MATCHED_EXISTING_ID,0,1,1,793.000000,766.000000,595.500000,733.500000,35.500000,-197.500000,-32.500000,200.156189,2.978497,170.655328,1.796827
1189,39.633333,detected,OK,2,13,detected,TRACKED,MATCHED_EXISTING_ID,0,1,0,792.500000,766.000000,593.500000,738.500000,36.200001,-199.000000,-27.500000,200.891140,3.004271,172.132073,1.694259
1190,39.666667,detected,OK,2,13,detected,TRACKED,MATCHED_EXISTING_ID,0,1,1,794.000000,765.500000,597.500000,739.500000,38.400002,-196.500000,-26.000000,198.212638,3.010041,172.462662,0.129601
1191,39.700000,detected,OK,2,13,detected,TRACKED,MATCHED_EXISTING_ID,0,1,1,794.000000,765.500000,595.500000,738.500000,34.900002,-198.500000,-27.000000,200.327856,3.006402,172.254156,0.616855
1192,39.733333,detected,OK,2,13,detected,TRACKED,MATCHED_EXISTING_ID,0,1,0,794.000000,766.000000,593.500000,741.500000,36.200001,-200.500000,-24.500000,201.991336,3.020001,173.033307,0.617544
1193,39.766667,detected,OK,2,13,detected,TRACKED,MATCHED_EXISTING_ID,0,1,1,794.000000,767.500000,597.500000,746.500000,34.700001,-196.500000,-21.000000,197.618952,3.035127,173.899940,0.458008
1194,39.800000,detected,OK,1,13,detected,TRACKED,MATCHED_EXISTING_ID,0,1,0,794.000000,768.000000,598.500000,744.500000,36.500000,-195.500000,-23.500000,196.907339,3.021962,173.145670,1.346098
1195,39.833333,detected,OK,2,13,detected,TRACKED,MATCHED_EXISTING_ID,0,1,1,794.500000,768.500000,597.500000,746.500000,32.200001,-197.000000,-22.000000,198.224620,3.030378,173.627889,0.428829
1196,39.866667,detected,OK,1,13,detected,TRACKED,MATCHED_EXISTING_ID,0,1,0,794.500000,768.000000,599.500000,746.500000,36.500000,-195.000000,-21.500000,196.181676,3.031780,173.708186,0.144623
1197,39.900000,detected,OK,2,13,detected,TRACKED,MATCHED_EXISTING_ID,0,1,0,796.000000,768.000000,597.500000,750.500000,34.900002,-198.500000,-17.500000,199.269917,3.053659,174.961761,1.086503
1198,39.933333,detected,OK,2,13,detected,TRACKED,MATCHED_EXISTING_ID,0,1,0,797.500000,768.500000,595.500000,749.500000,36.500000,-202.000000,-19.000000,202.891597,3.047809,174.626602,0.936831
1199,39.966667,detected,OK,2,13,detected,TRACKED,MATCHED_EXISTING_ID,0,1,0,798.000000,769.500000,595.500000,751.500000,36.000000,-202.500000,-18.000000,203.298426,3.052937,174.920392,0.066850
1200,40.000000,detected,OK,2,13,detected,TRACKED,MATCHED_EXISTING_ID,0,1,1,796.500000,771.500000,596.500000,750.500000,34.400002,-200.000000,-21.000000,201.099478,3.036976,174.005907,1.168165
1201,40.033333,detected,OK,2,13,detected,TRACKED,MATCHED_EXISTING_ID,0,1,0,796.500000,771.500000,597.500000,757.500000,34.599998,-199.000000,-14.000000,199.491854,3.071357,175.975772,2.183450
1202,40.066667,detected,OK,2,13,detected,TRACKED,MATCHED_EXISTING_ID,0,1,0,796.500000,771.500000,593.500000,756.500000,36.000000,-203.000000,-15.000000,203.553433,3.067835,175.774002,0.861564
1203,40.100000,detected,OK,2,13,detected,TRACKED,MATCHED_EXISTING_ID,0,1,0,796.500000,771.500000,597.500000,758.500000,34.400002,-199.000000,-13.000000,199.424171,3.076359,176.262370,0.173200
1204,40.133333,detected,OK,2,13,detected,TRACKED,MATCHED_EXISTING_ID,0,1,0,798.000000,771.500000,594.500000,757.500000,36.400002,-203.500000,-14.000000,203.981004,3.072905,176.064477,0.582342
1205,40.166667,detected,OK,2,13,detected,TRACKED,MATCHED_EXISTING_ID,0,1,0,798.500000,771.500000,600.500000,756.500000,36.400002,-198.000000,-15.000000,198.567369,3.065980,175.667686,0.548302
1206,40.200000,detected,OK,2,13,detected,TRACKED,MATCHED_EXISTING_ID,0,1,0,798.500000,771.000000,599.500000,756.500000,37.700001,-199.000000,-14.500000,199.527567,3.068857,175.832547,0.232670
1207,40.233333,detected,OK,2,13,detected,TRACKED,MATCHED_EXISTING_ID,0,1,0,800.000000,771.000000,600.500000,760.500000,34.599998,-199.500000,-10.500000,199.776125,3.089010,176.987212,1.129407
1208,40.266667,detected,OK,2,13,detected,TRACKED,MATCHED_EXISTING_ID,0,1,0,800.500000,773.500000,599.500000,760.500000,34.900002,-201.000000,-13.000000,201.419959,3.077006,176.299457,1.164777
1209,40.300000,detected,OK,2,13,detected,TRACKED,MATCHED_EXISTING_ID,0,1,0,802.000000,774.000000,600.500000,761.500000,34.599998,-201.500000,-12.500000,201.887345,3.079637,176.450220,0.139652
1210,40.333333,detected,OK,2,13,detected,TRACKED,MATCHED_EXISTING_ID,0,1,0,802.000000,773.500000,602.500000,766.500000,34.900002,-199.500000,-7.000000,199.622769,3.106519,177.990446,1.473254
1211,40.366667,detected,OK,2,13,detected,TRACKED,MATCHED_EXISTING_ID,0,1,0,800.500000,773.500000,602.500000,763.500000,36.400002,-198.000000,-10.000000,198.252364,3.091130,177.108730,1.537989
1212,40.400000,detected,OK,2,13,detected,TRACKED,MATCHED_EXISTING_ID,0,1,0,801.500000,771.500000,599.500000,760.500000,35.099998,-202.000000,-11.000000,202.299283,3.087191,176.883011,0.266797
1213,40.433333,detected,OK,0,13,lost,LOST,NO_VALID_TARGET,1,1,,802.000000,770.000000,,,,,,,,,
1214,40.466667,detected,OK,0,13,lost,HOLD,NO_VALID_TARGET,2,1,,800.500000,769.500000,,,,,,,,,
1215,40.500000,detected,OK,0,13,lost,HOLD,NO_VALID_TARGET,3,1,,801.500000,768.500000,,,,,,,,,
1216,40.533333,detected,OK,0,13,lost,HOLD,NO_VALID_TARGET,4,1,,801.500000,768.500000,,,,,,,,,
1217,40.566667,detected,OK,0,13,lost,HOLD,NO_VALID_TARGET,5,1,,801.500000,767.500000,,,,,,,,,
1218,40.600000,detected,OK,0,13,lost,HOLD,NO_VALID_TARGET,6,1,,802.500000,763.500000,,,,,,,,,
1219,40.633333,detected,OK,2,13,lost,HOLD,NO_MATCH,7,1,,803.500000,763.500000,,,,,,,,,
1220,40.666667,detected,OK,2,13,lost,RELEASED,NO_MATCH,8,0,,804.000000,763.500000,,,,,,,,,
1221,40.700000,detected,OK,1,14,detected,ACQUIRED,NEW_TRACK_SEGMENT,0,1,0,804.000000,762.500000,963.500000,917.500000,33.799999,159.500000,155.000000,222.407846,-0.771091,-44.180244,
1222,40.733333,detected,OK,2,14,detected,TRACKED,MATCHED_EXISTING_ID,0,1,1,804.000000,762.000000,963.500000,911.500000,38.000000,159.500000,149.500000,218.610384,-0.753047,-43.146415,1.033829
1223,40.766667,detected,OK,2,14,detected,TRACKED,MATCHED_EXISTING_ID,0,1,0,802.500000,762.000000,960.500000,916.500000,37.799999,158.000000,154.500000,220.984728,-0.774199,-44.358314,2.245728
1224,40.800000,detected,OK,2,14,detected,TRACKED,MATCHED_EXISTING_ID,0,1,0,802.500000,762.000000,959.500000,911.500000,39.599998,157.000000,149.500000,216.793104,-0.760933,-43.598262,0.624514
1225,40.833333,detected,OK,1,14,lost,LOST,NO_MATCH,1,1,,802.500000,762.000000,,,,,,,,,
1226,40.866667,detected,OK,2,14,detected,REACQUIRED,MATCHED_EXISTING_ID,0,1,0,802.000000,763.500000,962.500000,911.500000,37.500000,160.500000,148.000000,218.321437,-0.744902,-42.679722,0.147854
1227,40.900000,detected,OK,2,14,detected,TRACKED,MATCHED_EXISTING_ID,0,1,1,802.000000,765.500000,964.500000,916.500000,38.500000,162.500000,151.000000,221.827072,-0.748732,-42.899183,0.634375
1228,40.933333,detected,OK,2,14,detected,TRACKED,MATCHED_EXISTING_ID,0,1,1,802.500000,765.500000,961.500000,916.500000,38.000000,159.000000,151.000000,219.276082,-0.759597,-43.521727,0.783709
1229,40.966667,detected,OK,2,14,detected,TRACKED,MATCHED_EXISTING_ID,0,1,0,801.500000,765.500000,961.500000,913.500000,40.200001,160.000000,148.000000,217.954124,-0.746457,-42.768825,0.905221
1230,41.000000,detected,OK,2,14,detected,TRACKED,MATCHED_EXISTING_ID,0,1,0,802.000000,763.500000,962.500000,910.500000,40.200001,160.500000,147.000000,217.644779,-0.741524,-42.486190,0.072866
1231,41.033333,detected,OK,2,14,detected,TRACKED,MATCHED_EXISTING_ID,0,1,1,802.000000,762.000000,962.500000,910.500000,41.599998,160.500000,148.500000,218.660696,-0.746583,-42.776039,0.528765
1232,41.066667,detected,OK,2,14,detected,TRACKED,MATCHED_EXISTING_ID,0,1,0,802.000000,763.000000,963.500000,908.500000,40.200001,161.500000,145.500000,217.376402,-0.733328,-42.016600,0.732029
1233,41.100000,detected,OK,2,14,detected,TRACKED,MATCHED_EXISTING_ID,0,1,1,802.500000,763.500000,965.500000,908.500000,40.000000,163.000000,145.000000,218.160491,-0.727023,-41.655350,0.041029
1234,41.133333,detected,OK,2,14,detected,TRACKED,MATCHED_EXISTING_ID,0,1,0,802.000000,764.000000,964.500000,906.500000,39.900002,162.500000,142.500000,216.130747,-0.719918,-41.248271,0.070446
1235,41.166667,detected,OK,2,14,detected,TRACKED,MATCHED_EXISTING_ID,0,1,1,802.000000,764.000000,964.500000,911.500000,37.700001,162.500000,147.500000,219.459563,-0.737049,-42.229784,1.346325
1236,41.200000,detected,OK,2,14,detected,TRACKED,MATCHED_EXISTING_ID,0,1,1,803.000000,763.500000,969.500000,904.500000,38.000000,166.500000,141.000000,218.181690,-0.702661,-40.259489,2.144013
1237,41.233333,detected,OK,2,14,detected,TRACKED,MATCHED_EXISTING_ID,0,1,0,804.000000,761.500000,966.500000,904.500000,39.400002,162.500000,143.000000,216.460735,-0.721655,-41.347777,1.772175
1238,41.266667,detected,OK,2,14,detected,TRACKED,MATCHED_EXISTING_ID,0,1,1,804.000000,761.500000,970.500000,902.500000,37.400002,166.500000,141.000000,218.181690,-0.702661,-40.259489,1.113271
1239,41.300000,detected,OK,1,14,detected,TRACKED,MATCHED_EXISTING_ID,0,1,0,804.000000,761.500000,971.500000,901.500000,37.500000,167.500000,140.000000,218.303115,-0.696205,-39.889582,0.050418
1240,41.333333,detected,OK,1,14,lost,LOST,NO_MATCH,1,1,,804.000000,761.500000,,,,,,,,,
1241,41.366667,detected,OK,2,14,detected,REACQUIRED,MATCHED_EXISTING_ID,0,1,1,802.500000,763.000000,969.500000,902.500000,40.700001,167.000000,139.500000,217.598828,-0.695915,-39.872998,0.783731
1242,41.400000,detected,OK,2,14,detected,TRACKED,MATCHED_EXISTING_ID,0,1,0,803.500000,762.000000,968.500000,900.500000,39.799999,165.000000,138.500000,215.423420,-0.698304,-40.009894,0.380308
1243,41.433333,detected,OK,2,14,detected,TRACKED,MATCHED_EXISTING_ID,0,1,0,804.000000,760.500000,969.500000,897.500000,40.000000,165.500000,137.000000,214.847039,-0.691461,-39.617773,0.300833
1244,41.466667,detected,OK,2,14,detected,TRACKED,MATCHED_EXISTING_ID,0,1,1,804.000000,760.500000,970.500000,896.500000,40.000000,166.500000,136.000000,214.984302,-0.684911,-39.242528,0.163623
1245,41.500000,detected,OK,2,14,detected,TRACKED,MATCHED_EXISTING_ID,0,1,0,804.500000,761.500000,971.500000,902.500000,38.599998,167.000000,141.000000,218.563492,-0.701182,-40.174783,1.209326
1246,41.533333,detected,OK,2,14,detected,TRACKED,MATCHED_EXISTING_ID,0,1,1,804.500000,762.000000,976.500000,898.500000,36.900002,172.000000,136.500000,219.581989,-0.670829,-38.435679,1.945763
1247,41.566667,detected,OK,2,14,detected,TRACKED,MATCHED_EXISTING_ID,0,1,0,805.000000,762.000000,973.500000,901.500000,37.200001,168.500000,139.500000,218.752143,-0.691519,-39.621125,1.757092
1248,41.600000,detected,OK,2,14,detected,TRACKED,MATCHED_EXISTING_ID,0,1,0,806.000000,762.000000,973.500000,896.500000,39.200001,167.500000,134.500000,214.817364,-0.676558,-38.763944,0.988372
1249,41.633333,detected,OK,2,14,detected,TRACKED,MATCHED_EXISTING_ID,0,1,0,806.000000,762.000000,977.500000,896.500000,37.200001,171.500000,134.500000,217.950682,-0.665067,-38.105549,0.394238
1250,41.666667,detected,OK,2,14,detected,TRACKED,MATCHED_EXISTING_ID,0,1,0,806.000000,762.000000,975.500000,898.500000,41.299999,169.500000,136.500000,217.629272,-0.677970,-38.844832,1.161136
1251,41.700000,detected,OK,2,14,detected,TRACKED,MATCHED_EXISTING_ID,0,1,0,807.500000,762.000000,976.500000,894.500000,39.299999,169.000000,132.500000,214.749272,-0.664923,-38.097286,0.790147
1252,41.733333,detected,OK,2,14,detected,TRACKED,MATCHED_EXISTING_ID,0,1,1,807.500000,762.500000,980.500000,895.500000,36.900002,173.000000,133.000000,218.215490,-0.655416,-37.552583,0.271245
1253,41.766667,detected,OK,2,14,detected,TRACKED,MATCHED_EXISTING_ID,0,1,0,808.000000,763.500000,980.500000,895.500000,36.900002,172.500000,132.000000,217.210152,-0.653169,-37.423845,0.253218
1254,41.800000,detected,OK,2,14,detected,TRACKED,MATCHED_EXISTING_ID,0,1,0,808.000000,762.500000,978.500000,894.500000,39.200001,170.500000,132.000000,215.625254,-0.658806,-37.746805,0.603629
1255,41.833333,detected,OK,2,14,detected,TRACKED,MATCHED_EXISTING_ID,0,1,0,808.000000,761.500000,982.500000,894.500000,39.099998,174.500000,133.000000,219.406586,-0.651249,-37.313840,0.393749
1256,41.866667,detected,OK,2,14,detected,TRACKED,MATCHED_EXISTING_ID,0,1,1,809.000000,760.500000,984.500000,892.500000,38.599998,175.500000,132.000000,219.600205,-0.644867,-36.948171,0.168953
1257,41.900000,detected,OK,2,14,detected,TRACKED,MATCHED_EXISTING_ID,0,1,0,810.000000,759.500000,981.500000,892.500000,37.700001,171.500000,133.000000,217.028224,-0.659629,-37.793943,1.110070
1258,41.933333,detected,OK,2,14,detected,TRACKED,MATCHED_EXISTING_ID,0,1,0,810.500000,758.500000,982.500000,887.500000,39.099998,172.000000,129.000000,215.000000,-0.643501,-36.869898,1.103776
1259,41.966667,detected,OK,2,14,detected,TRACKED,MATCHED_EXISTING_ID,0,1,0,811.500000,757.500000,987.500000,884.500000,38.599998,176.000000,127.000000,217.036863,-0.625070,-35.813874,0.794244
1260,42.000000,detected,OK,2,14,detected,TRACKED,MATCHED_EXISTING_ID,0,1,0,812.000000,757.500000,984.500000,888.500000,37.700001,172.500000,131.000000,216.603901,-0.649503,-37.213774,1.979378
1261,42.033333,detected,OK,2,14,detected,TRACKED,MATCHED_EXISTING_ID,0,1,0,812.500000,755.500000,986.500000,882.500000,39.599998,174.000000,127.000000,215.418198,-0.630503,-36.125148,1.300900
1262,42.066667,detected,OK,2,14,detected,TRACKED,MATCHED_EXISTING_ID,0,1,0,814.000000,754.000000,988.500000,880.500000,40.500000,174.500000,126.500000,215.528420,-0.627261,-35.939422,0.122360
1263,42.100000,detected,OK,2,14,detected,TRACKED,MATCHED_EXISTING_ID,0,1,0,814.500000,755.000000,989.500000,881.500000,39.400002,175.000000,126.500000,215.933439,-0.625902,-35.861554,0.181274
1264,42.133333,detected,OK,2,14,detected,TRACKED,MATCHED_EXISTING_ID,0,1,0,814.500000,757.000000,992.500000,884.500000,39.099998,178.000000,127.500000,218.952620,-0.621577,-35.613727,0.061194
1265,42.166667,detected,OK,2,14,detected,TRACKED,MATCHED_EXISTING_ID,0,1,0,815.500000,756.500000,993.500000,884.500000,39.299999,178.000000,128.000000,219.244156,-0.623431,-35.719954,0.317337
1266,42.200000,detected,OK,2,14,detected,TRACKED,MATCHED_EXISTING_ID,0,1,1,814.000000,755.500000,988.500000,878.500000,34.299999,174.500000,123.000000,213.492974,-0.613988,-35.178901,0.456878
1267,42.233333,detected,OK,2,14,detected,TRACKED,MATCHED_EXISTING_ID,0,1,0,814.000000,754.000000,992.500000,880.500000,38.900002,178.500000,126.500000,218.779569,-0.616530,-35.324570,0.412595
1268,42.266667,detected,OK,2,14,detected,TRACKED,MATCHED_EXISTING_ID,0,1,0,814.500000,753.500000,989.500000,875.500000,38.900002,175.000000,122.000000,213.328385,-0.608806,-34.882005,0.340676
1269,42.300000,detected,OK,2,14,detected,TRACKED,MATCHED_EXISTING_ID,0,1,0,814.000000,752.500000,993.500000,877.500000,38.700001,179.500000,125.000000,218.735571,-0.608292,-34.852536,0.208690
1270,42.333333,detected,OK,2,14,detected,TRACKED,MATCHED_EXISTING_ID,0,1,0,814.000000,753.500000,994.500000,876.500000,38.599998,180.500000,123.000000,218.424472,-0.598161,-34.272100,0.425754
1271,42.366667,detected,OK,2,14,detected,TRACKED,MATCHED_EXISTING_ID,0,1,0,814.500000,754.000000,995.500000,876.500000,38.500000,181.000000,122.500000,218.557201,-0.594982,-34.089968,0.142853
1272,42.400000,detected,OK,2,14,detected,TRACKED,MATCHED_EXISTING_ID,0,1,0,814.500000,754.000000,995.500000,876.500000,38.599998,181.000000,122.500000,218.557201,-0.594982,-34.089968,0.267843
1273,42.433333,detected,OK,2,14,detected,TRACKED,MATCHED_EXISTING_ID,0,1,0,815.000000,752.500000,995.500000,871.500000,37.000000,180.500000,119.000000,216.197248,-0.582871,-33.396057,0.533205
1274,42.466667,detected,OK,2,14,detected,TRACKED,MATCHED_EXISTING_ID,0,1,0,816.500000,751.500000,998.500000,872.500000,34.200001,182.000000,121.000000,218.552053,-0.586734,-33.617357,0.595288
1275,42.500000,detected,OK,2,14,detected,TRACKED,MATCHED_EXISTING_ID,0,1,0,817.500000,749.500000,996.500000,867.500000,39.400002,179.000000,118.000000,214.394496,-0.582828,-33.393585,0.087900
1276,42.533333,detected,OK,2,14,detected,TRACKED,MATCHED_EXISTING_ID,0,1,0,818.000000,749.500000,997.500000,865.500000,40.000000,179.500000,116.000000,213.720027,-0.573727,-32.872143,0.350409
1277,42.566667,detected,OK,2,14,detected,TRACKED,MATCHED_EXISTING_ID,0,1,1,818.500000,749.500000,1002.500000,868.500000,38.000000,184.000000,119.000000,219.127817,-0.574079,-32.892330,0.331383
1278,42.600000,detected,OK,2,14,detected,TRACKED,MATCHED_EXISTING_ID,0,1,0,820.000000,749.500000,999.500000,865.500000,38.799999,179.500000,116.000000,213.720027,-0.573727,-32.872143,0.158456
1279,42.633333,detected,OK,2,14,detected,TRACKED,MATCHED_EXISTING_ID,0,1,0,820.000000,749.500000,1004.500000,866.500000,38.000000,184.500000,117.000000,218.470250,-0.565149,-32.380678,0.376205
1280,42.666667,detected,OK,2,14,detected,TRACKED,MATCHED_EXISTING_ID,0,1,0,821.500000,748.000000,1001.500000,864.500000,37.200001,180.000000,116.500000,214.411404,-0.574420,-32.911842,0.796906
1281,42.700000,detected,OK,2,14,detected,TRACKED,MATCHED_EXISTING_ID,0,1,0,822.500000,748.000000,1006.500000,864.500000,38.500000,184.000000,116.500000,217.780279,-0.564440,-32.340035,0.624827
1282,42.733333,detected,OK,2,14,detected,TRACKED,MATCHED_EXISTING_ID,0,1,0,822.500000,749.000000,1006.500000,859.500000,37.700001,184.000000,110.500000,214.630496,-0.540819,-30.986647,1.156477
1283,42.766667,detected,OK,2,14,detected,TRACKED,MATCHED_EXISTING_ID,0,1,0,823.500000,749.500000,1009.500000,862.500000,38.799999,186.000000,113.000000,217.635016,-0.545936,-31.279806,0.952660
1284,42.800000,detected,OK,2,14,detected,TRACKED,MATCHED_EXISTING_ID,0,1,0,823.000000,749.500000,1005.500000,860.500000,38.799999,182.500000,111.000000,213.605360,-0.546441,-31.308769,0.307401
1285,42.833333,detected,OK,2,14,detected,TRACKED,MATCHED_EXISTING_ID,0,1,0,824.000000,750.000000,1006.500000,860.500000,38.700001,182.500000,110.500000,213.345963,-0.544439,-31.194044,0.040752
1286,42.866667,detected,OK,1,14,lost,LOST,NO_MATCH,1,1,,824.000000,750.000000,,,,,,,,,
1287,42.900000,detected,OK,1,14,detected,REACQUIRED,MATCHED_EXISTING_ID,0,1,0,824.500000,749.500000,1012.500000,860.500000,34.200001,188.000000,111.000000,218.323155,-0.533350,-30.558687,0.357004
1288,42.933333,detected,OK,2,14,detected,TRACKED,MATCHED_EXISTING_ID,0,1,0,824.000000,748.000000,1012.500000,854.500000,37.700001,188.500000,106.500000,216.505196,-0.514276,-29.465872,0.882238
1289,42.966667,detected,OK,2,14,detected,TRACKED,MATCHED_EXISTING_ID,0,1,0,825.500000,747.500000,1013.500000,855.500000,38.299999,188.000000,108.000000,216.813284,-0.521434,-29.875993,0.973593
1290,43.000000,detected,OK,2,14,detected,TRACKED,MATCHED_EXISTING_ID,0,1,0,826.500000,745.500000,1012.500000,850.500000,39.099998,186.000000,105.000000,213.590730,-0.513920,-29.445429,0.256529
1291,43.033333,detected,OK,2,14,detected,TRACKED,MATCHED_EXISTING_ID,0,1,0,828.000000,744.500000,1016.500000,847.500000,37.200001,188.500000,103.000000,214.805144,-0.500090,-28.653035,0.515747
1292,43.066667,detected,OK,2,14,detected,TRACKED,MATCHED_EXISTING_ID,0,1,0,830.000000,743.500000,1015.500000,846.500000,38.500000,185.500000,103.000000,212.177402,-0.506870,-29.041490,0.871400
1293,43.100000,detected,OK,2,14,detected,TRACKED,MATCHED_EXISTING_ID,0,1,0,832.000000,742.500000,1021.500000,843.500000,37.200001,189.500000,101.000000,214.735302,-0.489683,-28.056792,0.850313
1294,43.133333,detected,OK,2,14,detected,TRACKED,MATCHED_EXISTING_ID,0,1,0,832.500000,741.500000,1020.500000,842.500000,38.700001,188.000000,101.000000,213.412746,-0.492989,-28.246206,0.663925
1295,43.166667,detected,OK,2,14,detected,TRACKED,MATCHED_EXISTING_ID,0,1,1,834.000000,741.000000,1023.500000,842.500000,38.599998,189.500000,101.500000,214.970928,-0.491736,-28.174395,0.137130
1296,43.200000,detected,OK,2,14,detected,TRACKED,MATCHED_EXISTING_ID,0,1,0,836.000000,737.500000,1023.500000,835.500000,38.299999,187.500000,98.000000,211.566183,-0.481616,-27.594569,0.425737
1297,43.233333,detected,OK,1,14,detected,TRACKED,MATCHED_EXISTING_ID,0,1,0,836.500000,735.500000,1028.500000,832.500000,36.599998,192.000000,97.000000,215.111599,-0.467806,-26.803286,0.466899
1298,43.266667,detected,OK,2,14,detected,TRACKED,MATCHED_EXISTING_ID,0,1,0,836.500000,734.500000,1028.500000,830.500000,37.200001,192.000000,96.000000,214.662526,-0.463648,-26.565051,0.272909
1299,43.300000,detected,OK,2,14,detected,TRACKED,MATCHED_EXISTING_ID,0,1,0,838.500000,730.500000,1027.500000,825.500000,38.900002,189.000000,95.000000,211.532503,-0.465762,-26.686184,0.523112
1300,43.333333,detected,OK,1,14,detected,TRACKED,MATCHED_EXISTING_ID,0,1,0,840.000000,729.500000,1032.500000,821.500000,37.200001,192.500000,92.000000,213.354752,-0.445830,-25.544165,0.949284
1301,43.366667,detected,OK,2,14,detected,TRACKED,MATCHED_EXISTING_ID,0,1,0,840.500000,728.000000,1031.500000,823.500000,36.599998,191.000000,95.500000,213.544492,-0.463648,-26.565051,1.593334
1302,43.400000,detected,OK,1,14,detected,TRACKED,MATCHED_EXISTING_ID,0,1,0,842.500000,727.000000,1035.500000,816.500000,36.799999,193.000000,89.500000,212.742215,-0.434213,-24.878596,1.751340
1303,43.433333,detected,OK,2,14,detected,TRACKED,MATCHED_EXISTING_ID,0,1,0,844.000000,727.500000,1034.500000,815.500000,37.799999,190.500000,88.000000,209.843394,-0.432741,-24.794211,0.551265
1304,43.466667,detected,OK,2,14,detected,TRACKED,MATCHED_EXISTING_ID,0,1,0,844.500000,727.500000,1037.500000,817.500000,36.500000,193.000000,90.000000,212.953046,-0.436343,-25.000639,0.621574
1305,43.500000,detected,OK,2,14,detected,TRACKED,MATCHED_EXISTING_ID,0,1,0,846.000000,726.000000,1038.500000,812.500000,38.099998,192.500000,86.500000,211.041465,-0.422314,-24.196798,0.637326
1306,43.533333,detected,OK,2,14,detected,TRACKED,MATCHED_EXISTING_ID,0,1,0,847.000000,725.500000,1042.500000,809.500000,37.000000,195.500000,84.000000,212.782166,-0.405817,-23.251626,0.523727
1307,43.566667,detected,OK,2,14,detected,TRACKED,MATCHED_EXISTING_ID,0,1,0,848.500000,724.500000,1042.500000,806.500000,39.099998,194.000000,82.000000,210.618138,-0.399904,-22.912828,0.292139
1308,43.600000,detected,OK,2,14,detected,TRACKED,MATCHED_EXISTING_ID,0,1,0,850.000000,723.000000,1043.500000,805.500000,38.599998,193.500000,82.500000,210.353274,-0.403019,-23.091295,0.692548
1309,43.633333,detected,OK,2,14,detected,TRACKED,MATCHED_EXISTING_ID,0,1,0,852.000000,721.000000,1045.500000,801.500000,38.500000,193.500000,80.500000,209.576955,-0.394241,-22.588320,0.265913
1310,43.666667,detected,OK,2,14,detected,TRACKED,MATCHED_EXISTING_ID,0,1,0,852.500000,719.500000,1047.500000,799.500000,38.599998,195.000000,80.000000,210.772389,-0.389317,-22.306205,0.061312
1311,43.700000,detected,OK,2,14,detected,TRACKED,MATCHED_EXISTING_ID,0,1,0,854.500000,717.500000,1049.500000,795.500000,38.500000,195.000000,78.000000,210.021427,-0.380506,-21.801409,0.185893
1312,43.733333,detected,OK,2,14,detected,TRACKED,MATCHED_EXISTING_ID,0,1,0,856.000000,717.000000,1050.500000,796.500000,41.400002,194.500000,79.500000,210.120204,-0.388018,-22.231816,0.823666
1313,43.766667,detected,OK,2,14,detected,TRACKED,MATCHED_EXISTING_ID,0,1,0,856.000000,714.500000,1052.500000,792.500000,36.900002,196.500000,78.000000,211.414876,-0.377871,-21.650433,0.517590
1314,43.800000,detected,OK,2,14,detected,TRACKED,MATCHED_EXISTING_ID,0,1,0,858.500000,709.500000,1055.500000,783.500000,38.299999,197.000000,74.000000,210.440015,-0.359327,-20.587912,0.791692
1315,43.833333,detected,OK,2,14,detected,TRACKED,MATCHED_EXISTING_ID,0,1,0,860.500000,707.500000,1056.500000,779.500000,38.799999,196.000000,72.000000,208.806130,-0.352044,-20.170653,0.170248
1316,43.866667,detected,OK,2,14,detected,TRACKED,MATCHED_EXISTING_ID,0,1,0,861.000000,707.000000,1061.500000,779.500000,38.599998,200.500000,72.500000,213.205300,-0.346968,-19.879788,0.228542
1317,43.900000,detected,OK,2,14,detected,TRACKED,MATCHED_EXISTING_ID,0,1,0,862.000000,705.500000,1063.500000,776.500000,38.000000,201.500000,71.000000,213.642809,-0.338773,-19.410282,0.041516
1318,43.933333,detected,OK,2,14,detected,TRACKED,MATCHED_EXISTING_ID,0,1,0,863.500000,703.500000,1064.500000,772.500000,38.099998,201.000000,69.000000,212.513529,-0.330679,-18.946505,0.019181
1319,43.966667,detected,OK,2,14,detected,TRACKED,MATCHED_EXISTING_ID,0,1,0,864.000000,701.000000,1059.500000,765.500000,36.900002,195.500000,64.500000,205.865247,-0.318678,-18.258925,0.235310
1320,44.000000,detected,OK,2,14,detected,TRACKED,MATCHED_EXISTING_ID,0,1,0,864.500000,697.500000,1063.500000,765.500000,36.599998,199.000000,68.000000,210.297408,-0.329269,-18.865736,1.153204
1321,44.033333,detected,OK,2,14,detected,TRACKED,MATCHED_EXISTING_ID,0,1,0,866.500000,691.500000,1064.500000,753.500000,37.700001,198.000000,62.000000,207.480120,-0.303460,-17.386972,1.393652
1322,44.066667,detected,OK,2,14,detected,TRACKED,MATCHED_EXISTING_ID,0,1,0,868.000000,687.500000,1069.500000,750.500000,38.099998,201.500000,63.000000,211.119042,-0.303026,-17.362120,0.617720
1323,44.100000,detected,OK,2,14,detected,TRACKED,MATCHED_EXISTING_ID,0,1,0,868.500000,683.500000,1066.500000,743.500000,37.700001,198.000000,60.000000,206.891276,-0.294235,-16.858399,0.108236
1324,44.133333,detected,OK,2,14,detected,TRACKED,MATCHED_EXISTING_ID,0,1,0,871.000000,677.500000,1073.500000,732.500000,38.000000,202.500000,55.000000,209.836246,-0.265207,-15.195249,1.224371
1325,44.166667,detected,OK,2,14,detected,TRACKED,MATCHED_EXISTING_ID,0,1,0,872.500000,675.000000,1074.500000,733.500000,37.799999,202.000000,58.500000,210.300380,-0.281892,-16.151226,1.884505
1326,44.200000,detected,OK,2,14,detected,TRACKED,MATCHED_EXISTING_ID,0,1,0,875.500000,668.500000,1078.500000,724.500000,37.799999,203.000000,56.000000,210.582525,-0.269167,-15.422161,0.554339
1327,44.233333,detected,OK,2,14,detected,TRACKED,MATCHED_EXISTING_ID,0,1,0,876.000000,666.000000,1075.500000,718.500000,37.500000,199.500000,52.500000,206.292268,-0.257324,-14.743563,0.282137
1328,44.266667,detected,OK,2,14,detected,TRACKED,MATCHED_EXISTING_ID,0,1,0,876.500000,665.000000,1076.500000,719.500000,36.599998,200.000000,54.500000,207.292668,-0.266040,-15.242998,1.008751
1329,44.300000,detected,OK,2,14,detected,TRACKED,MATCHED_EXISTING_ID,0,1,0,878.500000,661.500000,1082.500000,712.500000,38.099998,204.000000,51.000000,210.278387,-0.244979,-14.036243,1.100939
1330,44.333333,detected,OK,2,14,detected,TRACKED,MATCHED_EXISTING_ID,0,1,1,879.500000,660.500000,1083.500000,710.500000,37.400002,204.000000,50.000000,210.038092,-0.240360,-13.771600,0.281547
1331,44.366667,detected,OK,2,14,detected,TRACKED,MATCHED_EXISTING_ID,0,1,0,880.000000,659.500000,1079.500000,705.500000,37.400002,199.500000,46.000000,204.734584,-0.226616,-12.984129,0.353899
1332,44.400000,detected,OK,2,14,detected,TRACKED,MATCHED_EXISTING_ID,0,1,0,880.500000,660.500000,1083.500000,702.500000,36.500000,203.000000,42.000000,207.299301,-0.204018,-11.689369,0.719628
1333,44.433333,detected,OK,2,14,detected,TRACKED,MATCHED_EXISTING_ID,0,1,0,882.000000,661.000000,1081.500000,701.500000,37.400002,199.500000,40.500000,203.569398,-0.200286,-11.475527,0.649140
1334,44.466667,detected,OK,2,14,detected,TRACKED,MATCHED_EXISTING_ID,0,1,1,882.500000,660.000000,1082.500000,699.500000,37.400002,200.000000,39.500000,203.863312,-0.194991,-11.172136,0.299936
1335,44.500000,detected,OK,2,14,detected,TRACKED,MATCHED_EXISTING_ID,0,1,0,884.500000,659.500000,1090.500000,699.500000,37.400002,206.000000,40.000000,209.847564,-0.191788,-10.988651,0.299867
1336,44.533333,detected,OK,2,14,detected,TRACKED,MATCHED_EXISTING_ID,0,1,1,886.000000,659.500000,1087.500000,694.500000,38.400002,201.500000,35.000000,204.517114,-0.171981,-9.853807,0.771439
1337,44.566667,detected,OK,2,14,detected,TRACKED,MATCHED_EXISTING_ID,0,1,0,886.500000,659.000000,1088.500000,692.500000,38.400002,202.000000,33.500000,204.759005,-0.164346,-9.416320,0.234494
1338,44.600000,detected,OK,2,14,detected,TRACKED,MATCHED_EXISTING_ID,0,1,1,888.500000,657.000000,1088.500000,687.500000,37.400002,200.000000,30.500000,202.312259,-0.151334,-8.670801,0.167335
1339,44.633333,detected,OK,2,14,detected,TRACKED,MATCHED_EXISTING_ID,0,1,1,890.500000,653.500000,1087.500000,680.500000,34.700001,197.000000,27.000000,198.841646,-0.136207,-7.804099,0.221585
1340,44.666667,detected,OK,2,14,detected,TRACKED,MATCHED_EXISTING_ID,0,1,0,890.500000,651.500000,1095.500000,678.500000,35.500000,205.000000,27.000000,206.770404,-0.130954,-7.503087,0.432740
1341,44.700000,detected,OK,2,14,detected,TRACKED,MATCHED_EXISTING_ID,0,1,1,892.500000,647.000000,1097.500000,673.500000,37.799999,205.000000,26.500000,206.705709,-0.128555,-7.365681,0.423249
1342,44.733333,detected,OK,2,14,detected,TRACKED,MATCHED_EXISTING_ID,0,1,0,894.000000,643.500000,1095.500000,669.500000,35.500000,201.500000,26.000000,203.170495,-0.128323,-7.352379,0.378054
1343,44.766667,detected,OK,2,14,detected,TRACKED,MATCHED_EXISTING_ID,0,1,1,894.500000,641.000000,1095.500000,663.500000,39.400002,201.000000,22.500000,202.255408,-0.111476,-6.387117,0.725128
1344,44.800000,detected,OK,2,14,detected,TRACKED,MATCHED_EXISTING_ID,0,1,0,894.500000,637.500000,1099.500000,659.500000,37.799999,205.000000,22.000000,206.177108,-0.106908,-6.125372,0.268440
1345,44.833333,detected,OK,2,14,detected,TRACKED,MATCHED_EXISTING_ID,0,1,1,896.000000,630.000000,1100.500000,645.500000,36.599998,204.500000,15.500000,205.086567,-0.075650,-4.334424,1.368138
1346,44.866667,detected,OK,2,14,detected,TRACKED,MATCHED_EXISTING_ID,0,1,0,898.000000,626.000000,1101.500000,639.500000,36.599998,203.500000,13.500000,203.947297,-0.066242,-3.795387,0.431028
1347,44.900000,detected,OK,2,14,detected,TRACKED,MATCHED_EXISTING_ID,0,1,1,900.000000,618.500000,1103.500000,632.500000,37.700001,203.500000,14.000000,203.981004,-0.068688,-3.935523,0.937790
1348,44.933333,detected,OK,2,14,detected,TRACKED,MATCHED_EXISTING_ID,0,1,0,900.500000,615.500000,1100.500000,624.500000,38.000000,200.000000,9.000000,200.202398,-0.044970,-2.576572,0.936414
1349,44.966667,detected,OK,2,14,detected,TRACKED,MATCHED_EXISTING_ID,0,1,0,901.000000,613.000000,1100.500000,621.500000,36.900002,199.500000,8.500000,199.680996,-0.042581,-2.439698,0.660229
1350,45.000000,detected,OK,2,14,detected,TRACKED,MATCHED_EXISTING_ID,0,1,1,903.000000,607.500000,1107.500000,614.500000,37.400002,204.500000,7.000000,204.619769,-0.034216,-1.960459,0.053773
1351,45.033333,detected,OK,2,14,detected,TRACKED,MATCHED_EXISTING_ID,0,1,1,905.000000,602.500000,1103.500000,604.500000,36.900002,198.500000,2.000000,198.510075,-0.010075,-0.577268,0.871689
1352,45.066667,detected,OK,2,14,detected,TRACKED,MATCHED_EXISTING_ID,0,1,0,906.000000,600.500000,1107.500000,600.500000,35.500000,201.500000,0.000000,201.500000,-0.000000,-0.000000,0.282910
1353,45.100000,detected,OK,2,14,detected,TRACKED,MATCHED_EXISTING_ID,0,1,0,906.500000,599.000000,1108.500000,596.500000,35.799999,202.000000,-2.500000,202.015470,0.012376,0.709070,0.037944
1354,45.133333,detected,OK,2,14,detected,TRACKED,MATCHED_EXISTING_ID,0,1,0,907.500000,595.500000,1106.500000,596.500000,36.500000,199.000000,1.000000,199.002513,-0.005025,-0.287916,1.728822
1355,45.166667,detected,OK,2,14,detected,TRACKED,MATCHED_EXISTING_ID,0,1,1,908.000000,593.500000,1105.500000,589.500000,38.200001,197.500000,-4.000000,197.540502,0.020250,1.160262,1.407871
1356,45.200000,detected,OK,2,14,detected,TRACKED,MATCHED_EXISTING_ID,0,1,0,908.500000,591.500000,1111.500000,586.500000,36.299999,203.000000,-5.000000,203.061567,0.024626,1.410941,0.352777
1357,45.233333,detected,OK,2,14,detected,TRACKED,MATCHED_EXISTING_ID,0,1,1,909.500000,585.500000,1105.500000,575.500000,36.099998,196.000000,-10.000000,196.254936,0.050976,2.920722,1.047436
1358,45.266667,detected,OK,2,14,detected,TRACKED,MATCHED_EXISTING_ID,0,1,1,910.500000,583.500000,1110.500000,571.500000,34.900002,200.000000,-12.000000,200.359677,0.059928,3.433630,0.368410
1359,45.300000,detected,OK,2,14,detected,TRACKED,MATCHED_EXISTING_ID,0,1,0,911.000000,581.000000,1110.500000,567.500000,35.099998,199.500000,-13.500000,199.956245,0.067566,3.871256,0.296329
1360,45.333333,detected,OK,2,14,detected,TRACKED,MATCHED_EXISTING_ID,0,1,1,913.000000,578.000000,1108.500000,561.500000,36.400002,195.500000,-16.500000,196.195056,0.084199,4.824272,0.337593
1361,45.366667,detected,OK,2,14,detected,TRACKED,MATCHED_EXISTING_ID,0,1,0,913.500000,575.500000,1108.500000,560.500000,34.400002,195.000000,-15.000000,195.576072,0.076772,4.398705,1.176027
1362,45.400000,detected,OK,2,14,detected,TRACKED,MATCHED_EXISTING_ID,0,1,1,914.000000,572.500000,1109.500000,553.500000,34.700001,195.500000,-19.000000,196.421104,0.096882,5.550955,0.872200
1363,45.433333,detected,OK,2,14,detected,TRACKED,MATCHED_EXISTING_ID,0,1,1,914.500000,571.000000,1107.500000,547.500000,36.599998,193.000000,-23.500000,194.425436,0.121165,6.942255,0.762371
1364,45.466667,detected,OK,2,14,detected,TRACKED,MATCHED_EXISTING_ID,0,1,1,916.500000,567.500000,1112.500000,539.500000,35.099998,196.000000,-28.000000,197.989899,0.141897,8.130102,0.253969
1365,45.500000,detected,OK,2,14,detected,TRACKED,MATCHED_EXISTING_ID,0,1,0,916.500000,565.500000,1108.500000,538.500000,37.700001,192.000000,-27.000000,193.889144,0.139709,8.004729,1.160839
1366,45.533333,detected,OK,2,14,detected,TRACKED,MATCHED_EXISTING_ID,0,1,1,916.500000,563.500000,1110.500000,532.500000,34.900002,194.000000,-31.000000,196.461192,0.158454,9.078758,0.502899
1367,45.566667,detected,OK,2,14,detected,TRACKED,MATCHED_EXISTING_ID,0,1,0,916.500000,559.500000,1110.500000,525.500000,34.900002,194.000000,-34.000000,196.956848,0.173496,9.940573,0.089526
1368,45.600000,detected,OK,2,14,detected,TRACKED,MATCHED_EXISTING_ID,0,1,1,916.500000,557.500000,1105.500000,522.500000,35.799999,189.000000,-35.000000,192.213423,0.183111,10.491477,0.257196
1369,45.633333,detected,OK,2,14,detected,TRACKED,MATCHED_EXISTING_ID,0,1,0,918.000000,555.500000,1107.500000,517.500000,37.200001,189.500000,-38.000000,193.272476,0.197903,11.339002,0.142303
1370,45.666667,detected,OK,2,14,detected,TRACKED,MATCHED_EXISTING_ID,0,1,1,920.000000,549.500000,1111.500000,511.500000,37.200001,191.500000,-38.000000,195.233834,0.195889,11.223600,0.877544
1371,45.700000,detected,OK,2,14,detected,TRACKED,MATCHED_EXISTING_ID,0,1,0,920.500000,546.500000,1107.500000,504.500000,36.400002,187.000000,-42.000000,191.658551,0.220933,12.658509,1.023784
1372,45.733333,detected,OK,2,14,detected,TRACKED,MATCHED_EXISTING_ID,0,1,1,920.000000,543.500000,1110.500000,502.500000,37.200001,190.500000,-41.000000,194.862131,0.211989,12.146097,1.333051
1373,45.766667,detected,OK,2,14,detected,TRACKED,MATCHED_EXISTING_ID,0,1,0,920.500000,537.500000,1103.500000,490.500000,35.799999,183.000000,-47.000000,188.939144,0.251397,14.403991,1.970475
1374,45.800000,detected,OK,2,14,detected,TRACKED,MATCHED_EXISTING_ID,0,1,1,920.500000,531.500000,1106.500000,480.500000,34.200001,186.000000,-51.000000,192.865238,0.267616,15.333285,0.146314
1375,45.833333,detected,OK,2,14,detected,TRACKED,MATCHED_EXISTING_ID,0,1,1,920.000000,529.000000,1100.500000,475.500000,35.099998,180.500000,-53.500000,188.261786,0.288150,16.509765,0.159398
1376,45.866667,detected,OK,2,14,detected,TRACKED,MATCHED_EXISTING_ID,0,1,1,920.000000,526.500000,1099.500000,472.500000,35.200001,179.500000,-54.000000,187.446659,0.292223,16.743160,0.847447
1377,45.900000,detected,OK,2,14,detected,TRACKED,MATCHED_EXISTING_ID,0,1,1,918.500000,521.000000,1098.500000,463.500000,37.099998,180.000000,-57.500000,188.960975,0.309199,17.715793,0.230769
1378,45.933333,detected,OK,2,14,detected,TRACKED,MATCHED_EXISTING_ID,0,1,1,918.500000,517.500000,1099.500000,461.500000,34.599998,181.000000,-56.000000,189.465036,0.300051,17.191663,1.358301
1379,45.966667,detected,OK,2,14,detected,TRACKED,MATCHED_EXISTING_ID,0,1,1,918.000000,516.000000,1100.500000,457.500000,36.900002,182.500000,-58.500000,191.646811,0.310200,17.773146,0.290632
1380,46.000000,detected,OK,2,14,detected,TRACKED,MATCHED_EXISTING_ID,0,1,1,916.000000,512.000000,1090.500000,448.500000,35.200001,174.500000,-63.500000,185.694642,0.349001,19.996287,1.816038
1381,46.033333,detected,OK,2,14,detected,TRACKED,MATCHED_EXISTING_ID,0,1,1,914.000000,509.500000,1091.500000,447.500000,34.099998,177.500000,-62.000000,188.016622,0.336047,19.254093,1.875713
1382,46.066667,detected,OK,2,14,detected,TRACKED,MATCHED_EXISTING_ID,0,1,0,912.000000,507.500000,1087.500000,443.500000,33.799999,175.500000,-64.000000,186.805380,0.349686,20.035515,0.398189
1383,46.100000,detected,OK,2,14,detected,TRACKED,MATCHED_EXISTING_ID,0,1,1,909.000000,505.000000,1081.500000,436.500000,37.099998,172.500000,-68.500000,185.603071,0.378005,21.658099,1.080074
1384,46.133333,detected,OK,2,14,detected,TRACKED,MATCHED_EXISTING_ID,0,1,0,906.500000,505.500000,1080.500000,436.500000,33.799999,174.000000,-69.000000,187.181730,0.377530,21.630887,1.001751
1385,46.166667,detected,OK,2,14,detected,TRACKED,MATCHED_EXISTING_ID,0,1,1,905.000000,505.500000,1073.500000,432.500000,35.200001,168.500000,-73.000000,183.633466,0.408825,23.423921,1.219196
1386,46.200000,detected,OK,2,14,detected,TRACKED,MATCHED_EXISTING_ID,0,1,1,902.000000,509.000000,1071.500000,431.500000,33.799999,169.500000,-77.500000,186.377305,0.428848,24.571165,0.085727
1387,46.233333,detected,OK,0,14,lost,LOST,NO_VALID_TARGET,1,1,,862.500000,562.500000,,,,,,,,,
1388,46.266667,detected,OK,1,14,detected,REACQUIRED,MATCHED_EXISTING_ID,0,1,0,835.500000,596.000000,997.500000,517.500000,33.799999,162.000000,-78.500000,180.017360,0.451226,25.853339,0.909442
1389,46.300000,detected,OK,1,14,detected,TRACKED,MATCHED_EXISTING_ID,0,1,0,808.000000,624.000000,969.500000,544.500000,34.599998,161.500000,-79.500000,180.006944,0.457437,26.209181,0.558077
1390,46.333333,detected,OK,1,14,detected,TRACKED,MATCHED_EXISTING_ID,0,1,0,743.500000,674.500000,906.500000,598.500000,35.799999,163.000000,-76.000000,179.847157,0.436291,24.997647,1.902223
1391,46.366667,detected,OK,1,14,detected,TRACKED,MATCHED_EXISTING_ID,0,1,0,709.500000,696.000000,870.500000,617.500000,33.000000,161.000000,-78.500000,179.117978,0.453660,25.992828,1.065381
1392,46.400000,detected,OK,1,14,detected,TRACKED,MATCHED_EXISTING_ID,0,1,0,683.000000,711.500000,847.500000,630.500000,33.599998,164.500000,-81.000000,183.360983,0.457550,26.215691,0.133089
1393,46.433333,detected,OK,2,14,detected,TRACKED,MATCHED_EXISTING_ID,0,1,0,647.500000,725.500000,805.500000,645.500000,33.799999,158.000000,-80.000000,177.098842,0.468698,26.854421,0.336014
1394,46.466667,detected,OK,1,14,detected,TRACKED,MATCHED_EXISTING_ID,0,1,0,630.500000,733.500000,789.500000,647.500000,33.599998,159.000000,-86.000000,180.767807,0.495815,28.408091,1.116548
1395,46.500000,detected,OK,1,14,detected,TRACKED,MATCHED_EXISTING_ID,0,1,0,616.500000,744.000000,772.500000,662.500000,34.299999,156.000000,-81.500000,176.006392,0.481435,27.584182,1.707650
1396,46.533333,detected,OK,2,14,detected,TRACKED,MATCHED_EXISTING_ID,0,1,1,600.500000,762.000000,753.500000,670.500000,35.500000,153.000000,-91.500000,178.272965,0.538976,30.881079,3.096215
1397,46.566667,detected,OK,2,14,detected,TRACKED,MATCHED_EXISTING_ID,0,1,1,599.500000,769.500000,753.500000,676.500000,33.000000,154.000000,-93.000000,179.902752,0.543279,31.127614,1.192632
1398,46.600000,detected,OK,2,14,detected,TRACKED,MATCHED_EXISTING_ID,0,1,1,600.500000,782.000000,747.500000,686.500000,33.799999,147.000000,-95.500000,175.297604,0.576136,33.010165,0.920436
1399,46.633333,detected,OK,2,14,detected,TRACKED,MATCHED_EXISTING_ID,0,1,1,607.500000,787.500000,757.500000,695.500000,33.799999,150.000000,-92.000000,175.965906,0.550166,31.522177,2.818277
1400,46.666667,detected,OK,2,14,detected,TRACKED,MATCHED_EXISTING_ID,0,1,1,622.500000,795.500000,769.500000,699.500000,33.200001,147.000000,-96.000000,175.570499,0.578524,33.146996,1.421840
1401,46.700000,detected,OK,2,14,detected,TRACKED,MATCHED_EXISTING_ID,0,1,1,630.500000,796.000000,775.500000,698.500000,33.200001,145.000000,-97.500000,174.731938,0.591971,33.917431,0.001280
1402,46.733333,detected,OK,2,14,detected,TRACKED,MATCHED_EXISTING_ID,0,1,1,638.000000,797.500000,783.500000,693.500000,33.000000,145.500000,-104.000000,178.847002,0.620574,35.556298,0.867665
1403,46.766667,detected,OK,2,14,detected,TRACKED,MATCHED_EXISTING_ID,0,1,1,651.000000,802.500000,792.500000,693.500000,33.799999,141.500000,-109.000000,178.614809,0.656378,37.607708,0.933141
1404,46.800000,detected,OK,2,14,detected,TRACKED,MATCHED_EXISTING_ID,0,1,1,658.500000,803.500000,794.500000,694.500000,34.400002,136.000000,-109.000000,174.289988,0.675637,38.711149,0.388085
1405,46.833333,detected,OK,2,14,detected,TRACKED,MATCHED_EXISTING_ID,0,1,1,664.500000,800.000000,800.500000,694.500000,34.099998,136.000000,-105.500000,172.122776,0.659769,37.801995,2.245444
1406,46.866667,detected,OK,2,14,detected,TRACKED,MATCHED_EXISTING_ID,0,1,1,674.000000,789.500000,807.500000,679.500000,32.700001,133.500000,-110.000000,172.980490,0.689187,39.487500,1.247391
1407,46.900000,detected,OK,2,14,detected,TRACKED,MATCHED_EXISTING_ID,0,1,1,680.000000,784.000000,808.500000,670.500000,35.200001,128.500000,-113.500000,171.448243,0.723494,41.453146,1.028576
1408,46.933333,detected,OK,2,14,detected,TRACKED,MATCHED_EXISTING_ID,0,1,1,686.500000,781.500000,816.500000,664.500000,34.700001,130.000000,-117.000000,174.897113,0.732815,41.987212,0.814434
1409,46.966667,detected,OK,2,14,detected,TRACKED,MATCHED_EXISTING_ID,0,1,1,690.000000,781.000000,815.500000,665.500000,33.799999,125.500000,-115.500000,170.559374,0.743928,42.623945,0.385994
1410,47.000000,detected,OK,2,14,detected,TRACKED,MATCHED_EXISTING_ID,0,1,1,694.000000,778.000000,817.500000,658.500000,32.700001,123.500000,-119.500000,171.850225,0.768939,44.056945,0.564671
1411,47.033333,detected,OK,2,14,detected,TRACKED,MATCHED_EXISTING_ID,0,1,1,696.000000,776.500000,817.500000,652.500000,32.700001,121.500000,-124.000000,173.603715,0.795581,45.583440,0.432298
1412,47.066667,detected,OK,2,14,detected,TRACKED,MATCHED_EXISTING_ID,0,1,1,699.500000,773.500000,813.500000,648.500000,34.099998,114.000000,-125.000000,169.177422,0.831391,47.635185,0.784628
1413,47.100000,detected,OK,2,14,detected,TRACKED,MATCHED_EXISTING_ID,0,1,1,700.500000,772.000000,816.500000,648.500000,32.900002,116.000000,-123.500000,169.435091,0.816703,46.793645,2.422507
1414,47.133333,detected,OK,2,14,detected,TRACKED,MATCHED_EXISTING_ID,0,1,1,702.000000,772.000000,815.500000,640.500000,33.799999,113.500000,-131.500000,173.708088,0.858736,49.201936,1.796327
1415,47.166667,detected,OK,2,14,detected,TRACKED,MATCHED_EXISTING_ID,0,1,1,702.000000,771.500000,812.500000,645.500000,33.799999,110.500000,-126.000000,167.589528,0.850844,48.749752,1.782680
1416,47.200000,detected,OK,2,14,detected,TRACKED,MATCHED_EXISTING_ID,0,1,1,702.500000,772.000000,815.500000,641.500000,33.799999,113.000000,-130.500000,172.624593,0.857143,49.110699,0.256476
1417,47.233333,detected,OK,2,14,detected,TRACKED,MATCHED_EXISTING_ID,0,1,1,708.000000,773.000000,809.500000,639.500000,34.299999,101.500000,-133.500000,167.703608,0.920736,52.754286,3.128754
1418,47.266667,detected,OK,2,14,detected,TRACKED,MATCHED_EXISTING_ID,0,1,1,710.500000,774.000000,813.500000,635.500000,34.599998,103.000000,-138.500000,172.601419,0.931351,53.362471,1.158149
1419,47.300000,detected,OK,2,14,detected,TRACKED,MATCHED_EXISTING_ID,0,1,1,714.000000,776.000000,815.500000,639.500000,34.900002,101.500000,-136.500000,170.101440,0.931410,53.365886,1.299660
1420,47.333333,detected,OK,2,14,detected,TRACKED,MATCHED_EXISTING_ID,0,1,1,721.000000,777.000000,819.500000,638.500000,34.400002,98.500000,-138.500000,169.954406,0.952599,54.579892,0.430795
1421,47.366667,detected,OK,2,14,detected,TRACKED,MATCHED_EXISTING_ID,0,1,1,724.500000,776.500000,819.500000,638.500000,32.700001,95.000000,-138.000000,167.538055,0.967894,55.456251,0.079170
1422,47.400000,detected,OK,2,14,detected,TRACKED,MATCHED_EXISTING_ID,0,1,1,732.500000,777.500000,820.500000,635.500000,35.099998,88.000000,-142.000000,167.056877,1.016004,58.212747,1.832636
1423,47.433333,detected,OK,2,14,detected,TRACKED,MATCHED_EXISTING_ID,0,1,1,736.000000,779.000000,827.500000,636.500000,33.799999,91.500000,-142.500000,169.347276,0.999991,57.295266,2.574395
1424,47.466667,detected,OK,1,14,detected,TRACKED,MATCHED_EXISTING_ID,0,1,0,740.500000,781.500000,822.500000,636.500000,34.900002,82.000000,-145.000000,166.580311,1.056118,60.511092,2.588669
1425,47.500000,detected,OK,1,14,detected,TRACKED,MATCHED_EXISTING_ID,0,1,0,742.500000,782.000000,822.500000,636.500000,34.400002,80.000000,-145.500000,166.042916,1.068085,61.196765,0.976952
1426,47.533333,detected,OK,1,14,detected,TRACKED,MATCHED_EXISTING_ID,0,1,0,745.500000,782.000000,822.500000,633.500000,35.099998,77.000000,-148.500000,167.275970,1.092444,62.592425,0.123816
1427,47.566667,detected,OK,1,14,detected,TRACKED,MATCHED_EXISTING_ID,0,1,0,750.500000,785.000000,828.500000,635.500000,34.599998,78.000000,-149.500000,168.624583,1.089909,62.447188,1.466606
1428,47.600000,detected,OK,1,14,detected,TRACKED,MATCHED_EXISTING_ID,0,1,0,754.000000,785.500000,824.500000,634.500000,35.099998,70.500000,-151.000000,166.647082,1.133988,64.972721,1.790805
1429,47.633333,detected,OK,1,14,detected,TRACKED,MATCHED_EXISTING_ID,0,1,0,758.000000,785.500000,826.500000,633.500000,35.099998,68.500000,-152.000000,166.722074,1.147395,65.740916,0.682855
1430,47.666667,detected,OK,1,14,detected,TRACKED,MATCHED_EXISTING_ID,0,1,0,763.000000,785.500000,829.500000,634.500000,32.500000,66.500000,-151.000000,164.994697,1.155957,66.231434,0.687389
1431,47.700000,detected,OK,0,14,lost,LOST,NO_VALID_TARGET,1,1,,767.000000,784.500000,,,,,,,,,
1432,47.733333,detected,OK,1,14,detected,REACQUIRED,MATCHED_EXISTING_ID,0,1,0,770.500000,784.000000,832.500000,633.500000,33.299999,62.000000,-150.500000,162.770544,1.180022,67.610292,0.427047
1433,47.766667,detected,OK,1,14,detected,TRACKED,MATCHED_EXISTING_ID,0,1,0,778.000000,783.500000,832.500000,625.500000,35.799999,54.500000,-158.000000,167.135424,1.238639,70.968806,2.540972
1434,47.800000,detected,OK,1,14,detected,TRACKED,MATCHED_EXISTING_ID,0,1,0,782.500000,783.500000,830.500000,626.500000,33.799999,48.000000,-157.000000,164.173689,1.274089,72.999906,0.197168
1435,47.833333,detected,OK,1,14,detected,TRACKED,MATCHED_EXISTING_ID,0,1,0,784.000000,783.000000,831.500000,623.500000,35.200001,47.500000,-159.500000,166.422655,1.281354,73.416172,1.496533
1436,47.866667,detected,OK,1,14,detected,TRACKED,MATCHED_EXISTING_ID,0,1,0,786.000000,782.000000,832.500000,626.500000,31.600000,46.500000,-155.500000,162.303728,1.280225,73.351475,1.378882
1437,47.900000,detected,OK,1,14,detected,TRACKED,MATCHED_EXISTING_ID,0,1,0,790.500000,780.000000,834.500000,623.500000,33.000000,44.000000,-156.500000,162.567678,1.296721,74.296663,0.182556
1438,47.933333,detected,OK,1,14,detected,TRACKED,MATCHED_EXISTING_ID,0,1,0,793.000000,779.500000,836.500000,620.500000,35.000000,43.500000,-159.000000,164.843107,1.303746,74.699154,0.433164
1439,47.966667,detected,OK,1,14,detected,TRACKED,MATCHED_EXISTING_ID,0,1,0,795.000000,778.000000,836.500000,619.500000,35.099998,41.500000,-158.500000,163.842913,1.314715,75.327634,0.033910
1440,48.000000,detected,OK,1,14,detected,TRACKED,MATCHED_EXISTING_ID,0,1,0,800.000000,777.500000,831.500000,615.500000,35.099998,31.500000,-162.000000,165.034087,1.378748,78.996459,3.020000
1441,48.033333,detected,OK,1,14,detected,TRACKED,MATCHED_EXISTING_ID,0,1,0,802.000000,777.500000,834.500000,614.500000,32.900002,32.500000,-163.000000,166.208453,1.373991,78.723870,2.129414
1442,48.066667,detected,OK,1,14,detected,TRACKED,MATCHED_EXISTING_ID,0,1,0,806.000000,776.000000,831.500000,611.500000,35.099998,25.500000,-164.500000,166.464711,1.417005,81.188417,1.459487
1443,48.100000,detected,OK,2,14,detected,TRACKED,MATCHED_EXISTING_ID,0,1,1,808.500000,774.500000,832.500000,614.500000,32.200001,24.000000,-160.000000,161.789987,1.421906,81.469234,1.308037
1444,48.133333,detected,OK,2,14,detected,TRACKED,MATCHED_EXISTING_ID,0,1,1,810.500000,772.500000,830.500000,610.500000,35.000000,20.000000,-162.000000,163.229899,1.447961,82.962059,0.427185
1445,48.166667,detected,OK,2,14,detected,TRACKED,MATCHED_EXISTING_ID,0,1,1,814.500000,769.500000,829.500000,604.500000,34.599998,15.000000,-165.000000,165.680415,1.480136,84.805571,0.606998
1446,48.200000,detected,OK,1,14,detected,TRACKED,MATCHED_EXISTING_ID,0,1,0,816.500000,767.500000,832.500000,606.500000,32.099998,16.000000,-161.000000,161.793078,1.471743,84.324644,1.960240
1447,48.233333,detected,OK,1,14,detected,TRACKED,MATCHED_EXISTING_ID,0,1,0,820.500000,765.500000,831.500000,603.500000,32.099998,11.000000,-162.000000,162.373027,1.502999,86.115508,1.095647
1448,48.266667,detected,OK,1,14,detected,TRACKED,MATCHED_EXISTING_ID,0,1,0,822.000000,764.500000,828.500000,600.500000,34.400002,6.500000,-164.000000,164.128760,1.531183,87.730319,0.481334
1449,48.300000,detected,OK,1,14,detected,TRACKED,MATCHED_EXISTING_ID,0,1,0,824.000000,763.500000,828.500000,597.500000,34.400002,4.500000,-166.000000,166.060983,1.543695,88.447181,0.609147
1450,48.333333,detected,OK,1,14,detected,TRACKED,MATCHED_EXISTING_ID,0,1,0,828.000000,761.000000,829.500000,598.500000,32.099998,1.500000,-162.500000,162.506923,1.561566,89.471131,0.058401
1451,48.366667,detected,OK,1,14,detected,TRACKED,MATCHED_EXISTING_ID,0,1,0,830.000000,759.000000,829.500000,596.500000,32.500000,-0.500000,-162.500000,162.500769,1.573873,90.176294,0.353827
1452,48.400000,detected,OK,1,14,detected,TRACKED,MATCHED_EXISTING_ID,0,1,0,834.000000,754.000000,826.500000,587.500000,35.299999,-7.500000,-166.500000,166.668833,1.615811,92.579148,1.485394
1453,48.433333,detected,OK,1,14,lost,LOST,NO_MATCH,1,1,,836.000000,752.000000,,,,,,,,,
1454,48.466667,detected,OK,2,14,detected,REACQUIRED,MATCHED_EXISTING_ID,0,1,1,838.000000,750.500000,829.500000,588.500000,32.200001,-8.500000,-162.000000,162.222841,1.623217,93.003506,2.598876
1455,48.500000,detected,OK,2,14,detected,TRACKED,MATCHED_EXISTING_ID,0,1,1,840.500000,748.500000,823.500000,583.500000,33.799999,-17.000000,-165.000000,165.873446,1.673464,95.882446,1.887098
1456,48.533333,detected,OK,2,14,detected,TRACKED,MATCHED_EXISTING_ID,0,1,0,842.000000,747.500000,822.500000,582.500000,33.799999,-19.500000,-165.000000,166.148277,1.688432,96.740056,0.889071
1457,48.566667,detected,OK,2,14,detected,TRACKED,MATCHED_EXISTING_ID,0,1,1,844.000000,747.000000,822.500000,581.500000,35.000000,-21.500000,-165.500000,166.890683,1.699982,97.401805,0.729304
1458,48.600000,detected,OK,2,14,detected,TRACKED,MATCHED_EXISTING_ID,0,1,1,846.500000,745.000000,825.500000,581.500000,34.099998,-21.000000,-163.500000,164.843107,1.698537,97.319019,1.182117
1459,48.633333,detected,OK,2,14,detected,TRACKED,MATCHED_EXISTING_ID,0,1,1,848.500000,743.500000,822.500000,582.500000,32.900002,-26.000000,-161.000000,163.085867,1.730905,99.173535,1.228032
1460,48.666667,detected,OK,2,14,detected,TRACKED,MATCHED_EXISTING_ID,0,1,0,851.500000,741.000000,823.500000,578.500000,34.200001,-28.000000,-162.500000,164.894663,1.741428,99.776503,0.514729
1461,48.700000,detected,OK,2,14,detected,TRACKED,MATCHED_EXISTING_ID,0,1,1,852.500000,740.000000,820.500000,575.500000,32.700001,-32.000000,-164.500000,167.583561,1.762926,101.008202,0.319893
1462,48.733333,detected,OK,1,14,lost,LOST,NO_MATCH,1,1,,856.000000,738.000000,,,,,,,,,
1463,48.766667,detected,OK,2,14,detected,REACQUIRED,MATCHED_EXISTING_ID,0,1,1,858.000000,738.000000,821.500000,576.500000,34.400002,-36.500000,-161.500000,165.573247,1.793068,102.735244,0.352483
1464,48.800000,detected,OK,2,14,detected,TRACKED,MATCHED_EXISTING_ID,0,1,1,860.000000,737.500000,814.500000,575.500000,33.000000,-45.500000,-162.000000,168.268387,1.844606,105.688151,1.983641
1465,48.833333,detected,OK,1,14,lost,LOST,NO_MATCH,1,1,,864.500000,735.500000,,,,,,,,,
1466,48.866667,detected,OK,2,14,detected,REACQUIRED,MATCHED_EXISTING_ID,0,1,1,866.000000,736.000000,815.500000,575.500000,34.599998,-50.500000,-160.500000,168.257244,1.875631,107.465752,1.747844
1467,48.900000,detected,OK,2,14,detected,TRACKED,MATCHED_EXISTING_ID,0,1,1,866.000000,737.500000,820.500000,577.500000,32.900002,-45.500000,-160.000000,166.343771,1.847857,105.874427,3.004479
1468,48.933333,detected,OK,2,14,detected,TRACKED,MATCHED_EXISTING_ID,0,1,1,869.500000,737.500000,817.500000,578.500000,34.599998,-52.000000,-159.000000,167.287178,1.886876,108.110023,2.024235
1469,48.966667,detected,OK,2,14,detected,TRACKED,MATCHED_EXISTING_ID,0,1,1,871.000000,737.500000,812.500000,578.500000,34.700001,-58.500000,-159.000000,169.420335,1.923349,110.199807,1.068727
1470,49.000000,detected,OK,2,14,detected,TRACKED,MATCHED_EXISTING_ID,0,1,1,874.000000,739.500000,810.500000,582.500000,34.599998,-63.500000,-157.000000,169.355396,1.955140,112.021294,0.372940
1471,49.033333,detected,OK,2,14,detected,TRACKED,MATCHED_EXISTING_ID,0,1,1,876.500000,737.500000,810.500000,581.500000,33.799999,-66.000000,-156.000000,169.387131,1.971037,112.932100,0.686916
1472,49.066667,detected,OK,2,14,detected,TRACKED,MATCHED_EXISTING_ID,0,1,1,878.500000,733.500000,809.500000,577.500000,34.900002,-69.000000,-156.000000,170.578428,1.987235,113.860175,0.394882
1473,49.100000,detected,OK,2,14,detected,TRACKED,MATCHED_EXISTING_ID,0,1,1,880.000000,731.500000,814.500000,577.500000,34.400002,-65.500000,-154.000000,167.350680,1.972942,113.041247,1.983932
1474,49.133333,detected,OK,2,14,detected,TRACKED,MATCHED_EXISTING_ID,0,1,1,881.500000,729.500000,810.500000,577.500000,32.500000,-71.000000,-152.000000,167.764716,2.007784,115.037526,1.624848
1475,49.166667,detected,OK,2,14,detected,TRACKED,MATCHED_EXISTING_ID,0,1,1,884.500000,724.000000,812.500000,574.500000,31.500000,-72.000000,-149.500000,165.934475,2.019620,115.715715,0.343181
1476,49.200000,detected,OK,2,14,detected,TRACKED,MATCHED_EXISTING_ID,0,1,0,885.000000,721.500000,812.500000,569.500000,33.599998,-72.500000,-152.000000,168.405018,2.015854,115.499914,1.099899
1477,49.233333,detected,OK,2,14,detected,TRACKED,MATCHED_EXISTING_ID,0,1,1,886.000000,717.500000,805.500000,566.500000,33.799999,-80.500000,-151.000000,171.117650,2.060582,118.062639,2.118587
1478,49.266667,detected,OK,2,14,detected,TRACKED,MATCHED_EXISTING_ID,0,1,1,888.000000,711.500000,806.500000,565.500000,33.200001,-81.500000,-146.000000,167.207207,2.079928,119.171093,0.183119
1479,49.300000,detected,OK,2,14,detected,TRACKED,MATCHED_EXISTING_ID,0,1,1,888.500000,708.500000,804.500000,562.500000,32.900002,-84.000000,-146.000000,168.439900,2.092888,119.913646,0.475772
1480,49.333333,detected,OK,2,14,detected,TRACKED,MATCHED_EXISTING_ID,0,1,1,890.000000,701.500000,805.500000,554.500000,34.599998,-84.500000,-147.000000,169.556038,2.092503,119.891578,1.050084
1481,49.366667,detected,OK,2,14,detected,TRACKED,MATCHED_EXISTING_ID,0,1,1,890.500000,699.500000,804.500000,553.500000,34.000000,-86.000000,-146.000000,169.446157,2.103119,120.499833,0.000272
1482,49.400000,detected,OK,2,14,detected,TRACKED,MATCHED_EXISTING_ID,0,1,1,892.000000,695.500000,802.500000,551.500000,34.099998,-89.500000,-144.000000,169.547191,2.126895,121.862099,0.754174
1483,49.433333,detected,OK,2,14,detected,TRACKED,MATCHED_EXISTING_ID,0,1,1,892.500000,693.500000,800.500000,549.500000,34.599998,-92.000000,-144.000000,170.880075,2.139321,122.574057,0.197804
1484,49.466667,detected,OK,2,14,detected,TRACKED,MATCHED_EXISTING_ID,0,1,1,893.000000,691.000000,798.500000,549.500000,34.099998,-94.500000,-141.500000,170.154342,2.159614,123.736763,0.332066
1485,49.500000,detected,OK,2,14,detected,TRACKED,MATCHED_EXISTING_ID,0,1,1,894.000000,689.500000,790.500000,548.500000,33.599998,-103.500000,-141.000000,174.909262,2.204006,126.280253,1.580024
1486,49.533333,detected,OK,2,14,detected,TRACKED,MATCHED_EXISTING_ID,0,1,1,894.000000,688.500000,794.500000,548.500000,35.200001,-99.500000,-140.000000,171.756368,2.188677,125.401952,2.473777
1487,49.566667,detected,OK,2,14,detected,TRACKED,MATCHED_EXISTING_ID,0,1,1,894.500000,686.500000,792.500000,548.500000,33.799999,-102.000000,-138.000000,171.604196,2.207305,126.469234,0.461317
1488,49.600000,detected,OK,2,14,detected,TRACKED,MATCHED_EXISTING_ID,0,1,1,894.500000,685.000000,784.500000,548.500000,33.799999,-110.000000,-136.500000,175.306161,2.249101,128.863979,1.604253
1489,49.633333,detected,OK,2,14,detected,TRACKED,MATCHED_EXISTING_ID,0,1,1,895.500000,683.000000,783.500000,547.500000,34.900002,-112.000000,-135.500000,175.796047,2.261529,129.576055,0.720117
1490,49.666667,detected,OK,2,14,detected,TRACKED,MATCHED_EXISTING_ID,0,1,1,896.000000,681.500000,786.500000,547.500000,34.400002,-109.500000,-134.000000,173.049848,2.255916,129.254463,1.465738
1491,49.700000,detected,OK,2,14,detected,TRACKED,MATCHED_EXISTING_ID,0,1,1,896.500000,681.500000,783.500000,546.500000,32.200001,-113.000000,-135.000000,176.051129,2.267716,129.930580,0.118266
1492,49.733333,detected,OK,2,14,detected,TRACKED,MATCHED_EXISTING_ID,0,1,1,898.000000,680.500000,781.500000,552.500000,33.299999,-116.500000,-128.000000,173.078739,2.309194,132.307091,1.771354
1493,49.766667,detected,OK,1,14,lost,LOST,NO_MATCH,1,1,,898.500000,679.500000,,,,,,,,,
1494,49.800000,detected,OK,2,14,detected,REACQUIRED,MATCHED_EXISTING_ID,0,1,1,900.000000,675.000000,781.500000,546.500000,34.400002,-118.500000,-128.500000,174.798455,2.315731,132.681599,2.252890
1495,49.833333,detected,OK,2,14,detected,TRACKED,MATCHED_EXISTING_ID,0,1,1,900.500000,673.000000,777.500000,543.500000,33.200001,-123.000000,-129.500000,178.603611,2.330458,133.525385,0.019335
1496,49.866667,detected,OK,2,14,detected,TRACKED,MATCHED_EXISTING_ID,0,1,1,902.500000,668.500000,777.500000,545.500000,32.200001,-125.000000,-123.000000,175.368184,2.364259,135.462053,1.081281
1497,49.900000,detected,OK,2,14,detected,TRACKED,MATCHED_EXISTING_ID,0,1,1,904.000000,667.500000,776.500000,542.500000,37.700001,-127.500000,-125.000000,178.553213,2.366095,135.567266,1.182686
1498,49.933333,detected,OK,2,14,detected,TRACKED,MATCHED_EXISTING_ID,0,1,1,904.500000,665.500000,776.500000,545.500000,32.500000,-128.000000,-120.000000,175.453698,2.388441,136.847610,0.465519
1499,49.966667,detected,OK,2,14,detected,TRACKED,MATCHED_EXISTING_ID,0,1,1,904.500000,663.500000,773.500000,540.500000,33.000000,-131.000000,-123.000000,179.694185,2.387680,136.803995,1.044648
1500,50.000000,detected,OK,2,14,detected,TRACKED,MATCHED_EXISTING_ID,0,1,1,904.000000,657.500000,768.500000,538.500000,33.799999,-135.500000,-119.000000,180.336491,2.420937,138.709466,1.322297
1501,50.033333,detected,OK,2,14,detected,TRACKED,MATCHED_EXISTING_ID,0,1,1,909.000000,638.000000,774.500000,519.500000,32.900002,-134.500000,-118.500000,179.255404,2.419351,138.618629,1.202929
1502,50.066667,detected,OK,2,14,detected,TRACKED,MATCHED_EXISTING_ID,0,1,1,912.000000,632.000000,778.500000,514.500000,35.200001,-133.500000,-117.500000,177.844033,2.419853,138.647386,0.602165
1503,50.100000,detected,OK,2,14,detected,TRACKED,MATCHED_EXISTING_ID,0,1,1,912.000000,627.500000,777.500000,511.500000,34.400002,-134.500000,-116.000000,177.612640,2.429913,139.223757,0.186316
1504,50.133333,detected,OK,2,14,detected,TRACKED,MATCHED_EXISTING_ID,0,1,1,918.000000,613.000000,781.500000,499.500000,34.400002,-136.500000,-113.500000,177.523238,2.447936,140.256415,0.568076
1505,50.166667,detected,OK,2,14,detected,TRACKED,MATCHED_EXISTING_ID,0,1,1,918.500000,605.500000,780.500000,492.500000,34.799999,-138.000000,-113.000000,178.361991,2.455469,140.687991,0.260236
1506,50.200000,detected,OK,2,14,detected,TRACKED,MATCHED_EXISTING_ID,0,1,1,918.500000,595.000000,773.500000,484.500000,35.500000,-145.000000,-110.500000,182.305376,2.490412,142.690100,1.414390
1507,50.233333,detected,OK,2,14,detected,TRACKED,MATCHED_EXISTING_ID,0,1,1,920.000000,589.500000,773.500000,479.500000,35.799999,-146.500000,-110.000000,183.200027,2.497546,143.098827,0.744746
1508,50.266667,detected,OK,2,14,detected,TRACKED,MATCHED_EXISTING_ID,0,1,1,924.000000,581.500000,780.500000,474.500000,34.700001,-143.500000,-107.000000,179.000698,2.500885,143.290146,0.664257
1509,50.300000,detected,OK,2,14,detected,TRACKED,MATCHED_EXISTING_ID,0,1,1,924.000000,583.500000,776.500000,475.500000,33.299999,-147.500000,-108.000000,182.812062,2.509579,143.788285,0.091733
1510,50.333333,detected,OK,2,14,detected,TRACKED,MATCHED_EXISTING_ID,0,1,1,922.500000,586.500000,776.500000,481.500000,34.900002,-146.000000,-105.000000,179.836036,2.518111,144.277139,0.064325
1511,50.366667,detected,OK,2,14,detected,TRACKED,MATCHED_EXISTING_ID,0,1,1,924.000000,589.500000,775.500000,486.500000,35.200001,-148.500000,-103.000000,180.724237,2.535173,145.254719,0.450130
1512,50.400000,detected,OK,2,14,detected,TRACKED,MATCHED_EXISTING_ID,0,1,1,921.500000,591.500000,771.500000,489.500000,35.200001,-150.000000,-102.000000,181.394597,2.544416,145.784298,0.177922
1513,50.433333,detected,OK,2,14,detected,TRACKED,MATCHED_EXISTING_ID,0,1,1,918.000000,593.500000,762.500000,494.500000,34.900002,-155.500000,-99.000000,184.340039,2.574655,147.516888,1.096258
1514,50.466667,detected,OK,2,14,detected,TRACKED,MATCHED_EXISTING_ID,0,1,1,917.500000,595.000000,762.500000,494.500000,33.299999,-155.000000,-100.500000,184.730209,2.566352,147.041145,1.550579
1515,50.500000,detected,OK,2,14,detected,TRACKED,MATCHED_EXISTING_ID,0,1,1,916.500000,597.000000,762.500000,501.500000,32.500000,-154.000000,-95.500000,181.207754,2.586503,148.195713,0.699963
1516,50.533333,detected,OK,2,14,detected,TRACKED,MATCHED_EXISTING_ID,0,1,1,914.000000,599.000000,757.500000,506.500000,33.299999,-156.500000,-92.500000,181.792464,2.607777,149.414606,0.484304
1517,50.566667,detected,OK,2,14,detected,TRACKED,MATCHED_EXISTING_ID,0,1,1,914.000000,599.500000,755.500000,504.500000,32.700001,-158.500000,-95.000000,184.789745,2.601637,149.062831,1.280087
1518,50.600000,detected,OK,2,14,detected,TRACKED,MATCHED_EXISTING_ID,0,1,1,914.500000,603.500000,753.500000,509.500000,32.700001,-161.000000,-94.000000,186.432293,2.613132,149.721441,0.242334
1519,50.633333,detected,OK,2,14,detected,TRACKED,MATCHED_EXISTING_ID,0,1,1,914.000000,603.500000,756.500000,513.500000,33.799999,-157.500000,-90.000000,181.400799,2.622447,150.255119,0.020468
1520,50.666667,detected,OK,2,14,detected,TRACKED,MATCHED_EXISTING_ID,0,1,1,914.000000,603.500000,753.500000,513.500000,35.799999,-160.500000,-90.000000,184.011549,2.630535,150.718573,0.057943
1521,50.700000,detected,OK,2,14,detected,TRACKED,MATCHED_EXISTING_ID,0,1,1,914.500000,603.500000,751.500000,514.500000,33.000000,-163.000000,-89.000000,185.714835,2.641816,151.364918,0.148125
1522,50.733333,detected,OK,2,14,detected,TRACKED,MATCHED_EXISTING_ID,0,1,1,914.000000,602.000000,751.500000,516.500000,35.200001,-162.500000,-85.500000,183.620533,2.657242,152.248726,0.326338
1523,50.766667,detected,OK,2,14,detected,TRACKED,MATCHED_EXISTING_ID,0,1,1,914.500000,601.500000,748.500000,515.500000,33.000000,-166.000000,-86.000000,186.954540,2.663592,152.612578,0.324153
1524,50.800000,detected,OK,2,14,detected,TRACKED,MATCHED_EXISTING_ID,0,1,1,914.500000,601.000000,748.500000,522.500000,35.099998,-166.000000,-78.500000,183.625298,2.699866,154.690928,1.520006
1525,50.833333,detected,OK,2,14,detected,TRACKED,MATCHED_EXISTING_ID,0,1,1,914.500000,597.000000,749.500000,516.500000,35.500000,-165.000000,-80.500000,183.589896,2.687689,153.993234,1.864041
1526,50.866667,detected,OK,2,14,detected,TRACKED,MATCHED_EXISTING_ID,0,1,1,914.500000,594.000000,745.500000,512.500000,33.500000,-169.000000,-81.500000,187.625291,2.692247,154.254380,0.159584
1527,50.900000,detected,OK,2,14,detected,TRACKED,MATCHED_EXISTING_ID,0,1,1,914.500000,590.500000,747.500000,511.500000,35.500000,-167.000000,-79.000000,184.743065,2.699733,154.683328,0.072051
1528,50.933333,detected,OK,2,14,detected,TRACKED,MATCHED_EXISTING_ID,0,1,1,916.000000,587.500000,745.500000,513.500000,33.000000,-170.500000,-74.000000,185.866215,2.732109,156.538308,1.469264
1529,50.966667,detected,OK,2,14,detected,TRACKED,MATCHED_EXISTING_ID,0,1,1,916.500000,585.500000,748.500000,509.500000,34.700001,-168.000000,-76.000000,184.390889,2.716760,155.658910,1.852821
1530,51.000000,detected,OK,2,14,detected,TRACKED,MATCHED_EXISTING_ID,0,1,1,916.000000,581.000000,746.500000,506.500000,34.700001,-169.500000,-74.500000,185.149939,2.727481,156.273165,0.381961
1531,51.033333,detected,OK,2,14,detected,TRACKED,MATCHED_EXISTING_ID,0,1,1,916.500000,575.500000,744.500000,505.500000,32.700001,-172.000000,-70.000000,185.698681,2.755086,157.854820,1.196576
1532,51.066667,detected,OK,2,14,detected,TRACKED,MATCHED_EXISTING_ID,0,1,1,917.000000,573.500000,740.500000,502.500000,35.799999,-176.500000,-71.000000,190.245236,2.759134,158.086739,0.631790
1533,51.100000,detected,OK,2,14,detected,TRACKED,MATCHED_EXISTING_ID,0,1,1,916.500000,571.500000,743.500000,501.500000,35.400002,-173.000000,-70.000000,186.625293,2.757106,157.970549,0.727184
1534,51.133333,detected,OK,2,14,detected,TRACKED,MATCHED_EXISTING_ID,0,1,1,916.500000,570.500000,741.500000,504.500000,32.700001,-175.000000,-66.000000,187.032083,2.780945,159.336391,1.045722
1535,51.166667,detected,OK,2,14,detected,TRACKED,MATCHED_EXISTING_ID,0,1,1,916.500000,569.500000,741.500000,504.500000,32.700001,-175.000000,-65.000000,186.681547,2.785957,159.623565,0.451235
1536,51.200000,detected,OK,2,14,detected,TRACKED,MATCHED_EXISTING_ID,0,1,1,916.000000,569.000000,738.500000,500.500000,33.299999,-177.500000,-68.500000,190.259034,2.773287,158.897626,1.283854
1537,51.233333,detected,OK,2,14,detected,TRACKED,MATCHED_EXISTING_ID,0,1,1,916.000000,567.500000,738.500000,504.500000,37.700001,-177.500000,-63.000000,188.348746,2.800533,160.458721,1.516722
1538,51.266667,detected,OK,2,14,detected,TRACKED,MATCHED_EXISTING_ID,0,1,1,916.500000,566.500000,738.500000,504.500000,37.700001,-178.000000,-62.000000,188.488726,2.806420,160.796026,0.313757
1539,51.300000,detected,OK,2,14,detected,TRACKED,MATCHED_EXISTING_ID,0,1,1,916.500000,567.000000,735.500000,503.500000,36.900002,-181.000000,-63.500000,191.815667,2.804180,160.667664,0.653922
1540,51.333333,detected,OK,2,14,detected,TRACKED,MATCHED_EXISTING_ID,0,1,1,916.500000,567.500000,736.500000,508.500000,33.000000,-180.000000,-59.000000,189.422807,2.824850,161.852006,0.920351
1541,51.366667,detected,OK,2,14,detected,TRACKED,MATCHED_EXISTING_ID,0,1,1,916.500000,568.500000,735.500000,506.500000,33.500000,-181.000000,-62.000000,191.324332,2.811578,161.091543,1.392594
1542,51.400000,detected,OK,1,14,lost,LOST,NO_MATCH,1,1,,916.000000,571.000000,,,,,,,,,
1543,51.433333,detected,OK,1,14,lost,HOLD,NO_MATCH,2,1,,916.500000,571.000000,,,,,,,,,
1544,51.466667,detected,OK,1,14,lost,HOLD,NO_MATCH,3,1,,917.000000,570.500000,,,,,,,,,
1545,51.500000,detected,OK,1,14,lost,HOLD,NO_MATCH,4,1,,917.000000,571.500000,,,,,,,,,
1546,51.533333,detected,OK,1,14,lost,HOLD,NO_MATCH,5,1,,900.500000,559.500000,,,,,,,,,
1547,51.566667,detected,OK,1,14,lost,HOLD,NO_MATCH,6,1,,877.500000,550.500000,,,,,,,,,
1548,51.600000,detected,OK,1,14,lost,HOLD,NO_MATCH,7,1,,846.000000,538.000000,,,,,,,,,
1549,51.633333,detected,OK,1,14,lost,RELEASED,NO_MATCH,8,0,,775.500000,509.000000,,,,,,,,,
1550,51.666667,detected,OK,1,15,detected,ACQUIRED,NEW_TRACK_SEGMENT,0,1,0,740.500000,492.000000,847.500000,673.500000,36.599998,107.000000,181.500000,210.692311,-1.038110,-59.479303,
1551,51.700000,detected,OK,1,15,detected,TRACKED,MATCHED_EXISTING_ID,0,1,0,704.000000,478.000000,807.500000,662.500000,36.000000,103.500000,184.500000,211.547867,-1.059566,-60.708638,1.229334
1552,51.733333,detected,OK,1,15,detected,TRACKED,MATCHED_EXISTING_ID,0,1,0,631.000000,454.000000,733.500000,639.500000,36.099998,102.500000,185.500000,211.935132,-1.065989,-61.076688,0.861285
1553,51.766667,detected,OK,1,15,detected,TRACKED,MATCHED_EXISTING_ID,0,1,0,598.500000,443.500000,700.500000,626.500000,34.700001,102.000000,183.000000,209.506563,-1.062307,-60.865708,1.095800
1554,51.800000,detected,OK,1,15,detected,TRACKED,MATCHED_EXISTING_ID,0,1,0,546.500000,428.000000,650.500000,609.500000,38.799999,104.000000,181.500000,209.184727,-1.050464,-60.187172,1.125036
1555,51.833333,detected,OK,1,15,detected,TRACKED,MATCHED_EXISTING_ID,0,1,0,525.000000,424.000000,629.500000,607.500000,34.400002,104.500000,183.500000,211.169363,-1.053119,-60.339253,0.155595
1556,51.866667,detected,OK,1,15,detected,TRACKED,MATCHED_EXISTING_ID,0,1,0,498.500000,425.500000,604.500000,608.500000,38.500000,106.000000,183.000000,211.482860,-1.045785,-59.919077,0.478901
1557,51.900000,detected,OK,1,15,detected,TRACKED,MATCHED_EXISTING_ID,0,1,0,491.500000,433.000000,596.500000,614.500000,39.099998,105.000000,181.500000,209.683690,-1.046326,-59.950086,0.163846
1558,51.933333,detected,OK,1,15,detected,TRACKED,MATCHED_EXISTING_ID,0,1,0,483.500000,452.000000,589.500000,632.500000,36.299999,106.000000,180.500000,209.323315,-1.039799,-59.576089,0.306699
1559,51.966667,detected,OK,1,15,detected,TRACKED,MATCHED_EXISTING_ID,0,1,0,484.500000,461.000000,590.500000,642.500000,34.400002,106.000000,181.500000,210.186227,-1.042208,-59.714130,0.328018
1560,52.000000,detected,OK,1,15,detected,TRACKED,MATCHED_EXISTING_ID,0,1,0,486.000000,470.000000,592.500000,649.500000,37.700001,106.500000,179.500000,208.716315,-1.035307,-59.318718,0.336642
1561,52.033333,detected,OK,1,15,detected,TRACKED,MATCHED_EXISTING_ID,0,1,0,493.500000,490.000000,602.500000,671.500000,35.500000,109.000000,181.500000,211.715021,-1.029972,-59.013037,0.112254
1562,52.066667,detected,OK,1,15,detected,TRACKED,MATCHED_EXISTING_ID,0,1,0,500.500000,498.000000,609.500000,678.500000,34.900002,109.000000,180.500000,210.858365,-1.027530,-58.873141,0.098432
1563,52.100000,detected,OK,1,15,detected,TRACKED,MATCHED_EXISTING_ID,0,1,0,506.500000,505.500000,618.500000,683.500000,36.599998,112.000000,178.000000,210.304541,-1.009173,-57.821344,0.852841
1564,52.133333,detected,OK,1,15,detected,TRACKED,MATCHED_EXISTING_ID,0,1,0,516.000000,519.500000,626.500000,696.500000,37.200001,110.500000,177.000000,208.660610,-1.012705,-58.023723,0.742472
1565,52.166667,detected,OK,1,15,detected,TRACKED,MATCHED_EXISTING_ID,0,1,0,521.500000,525.500000,635.500000,702.500000,34.900002,114.000000,177.000000,210.535033,-0.998603,-57.215719,0.564900
1566,52.200000,detected,OK,1,15,detected,TRACKED,MATCHED_EXISTING_ID,0,1,0,532.000000,532.000000,645.500000,709.500000,36.599998,113.500000,177.500000,210.685785,-1.001883,-57.403662,0.657007
1567,52.233333,detected,OK,1,15,detected,TRACKED,MATCHED_EXISTING_ID,0,1,0,534.500000,532.500000,649.500000,707.500000,34.099998,115.000000,175.000000,209.403916,-0.989416,-56.689369,0.508032
1568,52.266667,detected,OK,1,15,detected,TRACKED,MATCHED_EXISTING_ID,0,1,0,542.000000,528.000000,658.500000,704.500000,35.799999,116.500000,176.500000,211.481678,-0.987384,-56.572928,0.293032
1569,52.300000,detected,OK,1,15,detected,TRACKED,MATCHED_EXISTING_ID,0,1,0,544.000000,524.000000,662.500000,698.500000,38.500000,118.500000,174.500000,210.932454,-0.974247,-55.820237,0.460430
1570,52.333333,detected,OK,1,15,detected,TRACKED,MATCHED_EXISTING_ID,0,1,0,545.500000,519.500000,663.500000,695.500000,35.799999,118.000000,176.000000,211.896201,-0.980176,-56.159944,0.816140
1571,52.366667,detected,OK,1,15,detected,TRACKED,MATCHED_EXISTING_ID,0,1,0,546.500000,510.000000,666.500000,681.500000,36.500000,120.000000,171.500000,209.313760,-0.960266,-55.019192,0.990775
1572,52.400000,detected,OK,1,15,detected,TRACKED,MATCHED_EXISTING_ID,0,1,0,546.500000,506.000000,668.500000,680.500000,37.200001,122.000000,174.500000,212.918412,-0.960648,-55.041048,0.568142
1573,52.433333,detected,OK,1,15,detected,TRACKED,MATCHED_EXISTING_ID,0,1,0,547.000000,502.500000,667.500000,676.500000,36.099998,120.500000,174.000000,211.651246,-0.965102,-55.296286,0.574268
1574,52.466667,detected,OK,1,15,detected,TRACKED,MATCHED_EXISTING_ID,0,1,0,544.500000,496.000000,666.500000,668.500000,35.500000,122.000000,172.500000,211.282394,-0.955224,-54.730279,0.476685
1575,52.500000,detected,OK,1,15,detected,TRACKED,MATCHED_EXISTING_ID,0,1,0,544.000000,493.500000,665.500000,664.500000,34.900002,121.500000,171.000000,209.769516,-0.953041,-54.605204,0.154922
1576,52.533333,detected,OK,1,15,detected,TRACKED,MATCHED_EXISTING_ID,0,1,0,542.000000,489.500000,665.500000,658.500000,39.400002,123.500000,169.000000,209.316148,-0.939717,-53.841815,0.545362
1577,52.566667,detected,OK,1,15,detected,TRACKED,MATCHED_EXISTING_ID,0,1,0,542.000000,487.500000,664.500000,658.500000,35.799999,122.500000,171.000000,210.350303,-0.949165,-54.383163,0.977520
1578,52.600000,detected,OK,1,15,detected,TRACKED,MATCHED_EXISTING_ID,0,1,0,542.000000,484.500000,664.500000,652.500000,37.700001,122.500000,168.000000,207.918854,-0.940762,-53.901716,0.436282
1579,52.633333,detected,OK,1,15,detected,TRACKED,MATCHED_EXISTING_ID,0,1,0,542.000000,484.000000,666.500000,654.500000,35.799999,124.500000,170.500000,211.117266,-0.940085,-53.862884,0.180845
1580,52.666667,detected,OK,1,15,detected,TRACKED,MATCHED_EXISTING_ID,0,1,0,543.000000,485.000000,668.500000,654.500000,35.799999,125.500000,169.500000,210.904007,-0.933459,-53.483272,0.232272
1581,52.700000,detected,OK,1,15,detected,TRACKED,MATCHED_EXISTING_ID,0,1,0,544.000000,485.500000,669.500000,653.500000,34.400002,125.500000,168.000000,209.700381,-0.929203,-53.239393,0.003631
1582,52.733333,detected,OK,1,15,detected,TRACKED,MATCHED_EXISTING_ID,0,1,0,544.000000,486.000000,670.500000,653.500000,34.400002,126.500000,167.500000,209.901167,-0.923960,-52.939026,0.058666
1583,52.766667,detected,OK,1,15,detected,TRACKED,MATCHED_EXISTING_ID,0,1,0,544.000000,487.500000,672.500000,654.500000,34.400002,128.500000,167.000000,210.716041,-0.914956,-52.423119,0.250740
1584,52.800000,detected,OK,1,15,detected,TRACKED,MATCHED_EXISTING_ID,0,1,0,542.500000,489.000000,670.500000,654.500000,34.400002,128.000000,165.500000,209.222967,-0.912478,-52.281135,0.223480
1585,52.833333,detected,OK,1,15,detected,TRACKED,MATCHED_EXISTING_ID,0,1,0,541.500000,489.000000,670.500000,653.500000,34.900002,129.000000,164.500000,209.048439,-0.905767,-51.896652,0.108412
1586,52.866667,detected,OK,1,15,detected,TRACKED,MATCHED_EXISTING_ID,0,1,0,540.000000,488.000000,671.500000,653.500000,37.200001,131.500000,165.500000,211.382355,-0.899380,-51.530683,0.046532
1587,52.900000,detected,OK,1,15,detected,TRACKED,MATCHED_EXISTING_ID,0,1,0,540.000000,488.000000,669.500000,654.500000,35.400002,129.500000,166.500000,210.932454,-0.909753,-52.125016,0.932382
1588,52.933333,detected,OK,1,15,detected,TRACKED,MATCHED_EXISTING_ID,0,1,0,538.500000,488.500000,671.500000,653.500000,36.599998,133.000000,165.000000,211.929233,-0.892371,-51.129081,1.030839
1589,52.966667,detected,OK,1,15,detected,TRACKED,MATCHED_EXISTING_ID,0,1,0,538.000000,488.500000,669.500000,649.500000,35.799999,131.500000,161.000000,207.877969,-0.885913,-50.759075,0.007426
1590,53.000000,detected,OK,1,15,detected,TRACKED,MATCHED_EXISTING_ID,0,1,0,538.000000,487.500000,671.500000,649.500000,37.200001,133.500000,162.000000,209.919627,-0.881547,-50.508950,0.124336
1591,53.033333,detected,OK,1,15,detected,TRACKED,MATCHED_EXISTING_ID,0,1,0,538.000000,485.500000,668.500000,646.500000,37.700001,130.500000,161.000000,207.246834,-0.889650,-50.973193,0.788970
1592,53.066667,detected,OK,1,15,detected,TRACKED,MATCHED_EXISTING_ID,0,1,0,538.000000,485.500000,669.500000,646.500000,37.700001,131.500000,161.000000,207.877969,-0.885913,-50.759075,0.204979
1593,53.100000,detected,OK,1,15,detected,TRACKED,MATCHED_EXISTING_ID,0,1,0,538.000000,484.000000,674.500000,646.500000,36.200001,136.500000,162.500000,212.222760,-0.872137,-49.969741,0.698204
1594,53.133333,detected,OK,1,15,detected,TRACKED,MATCHED_EXISTING_ID,0,1,0,538.000000,484.000000,669.500000,643.500000,36.900002,131.500000,159.500000,206.718408,-0.881323,-50.496076,0.896748
1595,53.166667,detected,OK,1,15,detected,TRACKED,MATCHED_EXISTING_ID,0,1,0,538.000000,484.000000,670.500000,642.500000,37.200001,132.500000,158.500000,206.587754,-0.874509,-50.105653,0.378710
1596,53.200000,detected,OK,1,15,detected,TRACKED,MATCHED_EXISTING_ID,0,1,0,538.000000,483.500000,670.500000,640.500000,36.900002,132.500000,157.000000,205.439164,-0.869826,-49.837339,0.105117
1597,53.233333,detected,OK,1,15,detected,TRACKED,MATCHED_EXISTING_ID,0,1,0,537.000000,482.500000,673.500000,639.500000,36.099998,136.500000,157.000000,208.041462,-0.855132,-48.995431,0.636664
1598,53.266667,detected,OK,1,15,detected,TRACKED,MATCHED_EXISTING_ID,0,1,0,538.000000,481.500000,671.500000,638.500000,36.900002,133.500000,157.000000,206.085540,-0.866117,-49.624872,1.089350
1599,53.300000,detected,OK,1,15,detected,TRACKED,MATCHED_EXISTING_ID,0,1,0,538.500000,479.500000,674.500000,636.500000,37.700001,136.000000,157.000000,207.713745,-0.856948,-49.099513,0.501189
1600,53.333333,detected,OK,1,15,detected,TRACKED,MATCHED_EXISTING_ID,0,1,0,538.500000,479.500000,673.500000,635.500000,36.400002,135.000000,156.000000,206.303175,-0.857438,-49.127592,0.252723
1601,53.366667,detected,OK,1,15,detected,TRACKED,MATCHED_EXISTING_ID,0,1,0,538.500000,478.500000,678.500000,637.500000,36.599998,140.000000,159.000000,211.851363,-0.848858,-48.635980,0.368056
1602,53.400000,detected,OK,1,15,detected,TRACKED,MATCHED_EXISTING_ID,0,1,0,540.000000,479.500000,678.500000,635.500000,34.400002,138.500000,156.000000,208.610283,-0.844751,-48.400674,0.035472
1603,53.433333,detected,OK,1,15,detected,TRACKED,MATCHED_EXISTING_ID,0,1,0,540.000000,479.500000,677.500000,636.500000,35.500000,137.500000,157.000000,208.698946,-0.851516,-48.788248,0.644164
1604,53.466667,detected,OK,1,15,detected,TRACKED,MATCHED_EXISTING_ID,0,1,0,539.500000,479.500000,681.500000,635.500000,36.400002,142.000000,156.000000,210.950231,-0.832344,-47.689770,1.099554
1605,53.500000,detected,OK,1,15,detected,TRACKED,MATCHED_EXISTING_ID,0,1,0,539.500000,479.500000,678.500000,636.500000,36.000000,139.000000,157.000000,209.690248,-0.846134,-48.479918,1.228893
1606,53.533333,detected,OK,1,15,detected,TRACKED,MATCHED_EXISTING_ID,0,1,0,539.500000,481.000000,677.500000,634.500000,36.599998,138.000000,153.500000,206.412815,-0.838521,-48.043736,0.488993
1607,53.566667,detected,OK,1,15,detected,TRACKED,MATCHED_EXISTING_ID,0,1,0,540.000000,481.500000,679.500000,634.500000,37.700001,139.500000,153.000000,207.048907,-0.831519,-47.642545,0.258405
1608,53.600000,detected,OK,1,15,detected,TRACKED,MATCHED_EXISTING_ID,0,1,0,540.000000,482.000000,682.500000,633.500000,36.099998,142.500000,151.500000,207.986778,-0.816001,-46.753405,0.642993
1609,53.633333,detected,OK,1,15,detected,TRACKED,MATCHED_EXISTING_ID,0,1,0,540.000000,483.500000,682.500000,635.500000,34.700001,142.500000,152.000000,208.351266,-0.817645,-46.847610,0.597550
1610,53.666667,detected,OK,1,15,detected,TRACKED,MATCHED_EXISTING_ID,0,1,0,540.000000,484.000000,682.500000,637.500000,35.500000,142.500000,153.500000,209.448084,-0.822543,-47.128256,0.544970
1611,53.700000,detected,OK,1,15,detected,TRACKED,MATCHED_EXISTING_ID,0,1,0,540.000000,484.500000,683.500000,637.500000,34.400002,143.500000,153.000000,209.764749,-0.817428,-46.835156,0.246763
1612,53.733333,detected,OK,1,15,detected,TRACKED,MATCHED_EXISTING_ID,0,1,0,540.000000,485.500000,683.500000,637.500000,34.400002,143.500000,152.000000,209.036480,-0.814155,-46.647648,0.042467
1613,53.766667,detected,OK,1,15,detected,TRACKED,MATCHED_EXISTING_ID,0,1,0,540.000000,486.500000,682.500000,636.500000,36.900002,142.500000,150.000000,206.896713,-0.811034,-46.468801,0.016818
1614,53.800000,detected,OK,1,15,detected,TRACKED,MATCHED_EXISTING_ID,0,1,0,539.000000,488.500000,685.500000,639.500000,36.400002,146.500000,151.000000,210.388331,-0.800523,-45.866593,0.433452
1615,53.833333,detected,OK,1,15,detected,TRACKED,MATCHED_EXISTING_ID,0,1,0,538.500000,489.500000,684.500000,639.500000,34.700001,146.000000,150.000000,209.322717,-0.798911,-45.774220,0.249764
1616,53.866667,detected,OK,1,15,detected,TRACKED,MATCHED_EXISTING_ID,0,1,0,538.000000,491.000000,686.500000,640.500000,36.599998,148.500000,149.500000,210.719007,-0.788754,-45.192267,0.339722
1617,53.900000,detected,OK,1,15,detected,TRACKED,MATCHED_EXISTING_ID,0,1,0,538.000000,491.500000,684.500000,637.500000,35.500000,146.500000,146.000000,206.829036,-0.783689,-44.902059,0.087911
1618,53.933333,detected,OK,1,15,detected,TRACKED,MATCHED_EXISTING_ID,0,1,0,538.000000,491.500000,684.500000,637.500000,35.500000,146.500000,146.000000,206.829036,-0.783689,-44.902059,0.342955
1619,53.966667,detected,OK,1,15,detected,TRACKED,MATCHED_EXISTING_ID,0,1,0,538.000000,492.500000,686.500000,641.500000,36.400002,148.500000,149.000000,210.364565,-0.787079,-45.096295,0.400010
1620,54.000000,detected,OK,1,15,detected,TRACKED,MATCHED_EXISTING_ID,0,1,0,538.000000,493.500000,684.500000,640.500000,34.400002,146.500000,147.000000,207.536141,-0.787102,-45.097608,0.047082
1621,54.033333,detected,OK,1,15,detected,TRACKED,MATCHED_EXISTING_ID,0,1,0,538.000000,493.500000,683.500000,639.500000,37.099998,145.500000,146.000000,206.121930,-0.787113,-45.098277,0.027606
1622,54.066667,detected,OK,1,15,detected,TRACKED,MATCHED_EXISTING_ID,0,1,0,536.500000,493.500000,684.500000,641.500000,35.200001,148.000000,148.000000,209.303607,-0.785398,-45.000000,0.082383
1623,54.100000,detected,OK,1,15,detected,TRACKED,MATCHED_EXISTING_ID,0,1,0,537.500000,493.500000,687.500000,639.500000,37.000000,150.000000,146.000000,209.322717,-0.771885,-44.225780,0.725373
1624,54.133333,detected,OK,1,15,detected,TRACKED,MATCHED_EXISTING_ID,0,1,0,537.500000,493.500000,688.500000,639.500000,37.099998,151.000000,146.000000,210.040472,-0.768565,-44.035516,0.148732
1625,54.166667,detected,OK,1,15,detected,TRACKED,MATCHED_EXISTING_ID,0,1,0,537.500000,493.500000,687.500000,638.500000,34.099998,150.000000,145.000000,208.626460,-0.768451,-44.028978,0.272966
1626,54.200000,detected,OK,1,15,detected,TRACKED,MATCHED_EXISTING_ID,0,1,0,537.000000,493.500000,687.500000,636.500000,38.000000,150.500000,143.000000,207.603589,-0.759850,-43.536202,0.322459
1627,54.233333,detected,OK,1,15,detected,TRACKED,MATCHED_EXISTING_ID,0,1,0,537.000000,493.500000,686.500000,638.500000,39.700001,149.500000,145.000000,208.267256,-0.770119,-44.124581,0.887680
1628,54.266667,detected,OK,1,15,detected,TRACKED,MATCHED_EXISTING_ID,0,1,0,536.500000,493.500000,688.500000,636.500000,37.400002,152.000000,143.000000,208.693555,-0.754899,-43.252535,0.927817
1629,54.300000,detected,OK,1,15,detected,TRACKED,MATCHED_EXISTING_ID,0,1,0,536.000000,494.000000,685.500000,635.500000,36.900002,149.500000,141.500000,205.845816,-0.757914,-43.425255,0.488075
1630,54.333333,detected,OK,1,15,detected,TRACKED,MATCHED_EXISTING_ID,0,1,0,536.000000,493.500000,688.500000,634.500000,35.500000,152.500000,141.000000,207.695089,-0.746236,-42.756168,0.548961
1631,54.366667,detected,OK,1,15,detected,TRACKED,MATCHED_EXISTING_ID,0,1,0,535.500000,494.000000,686.500000,634.500000,33.799999,151.000000,140.500000,206.255303,-0.749393,-42.937065,0.520606
1632,54.400000,detected,OK,1,15,detected,TRACKED,MATCHED_EXISTING_ID,0,1,0,535.500000,493.500000,685.500000,632.500000,36.500000,150.000000,139.000000,204.501834,-0.747354,-42.820244,0.014647
1633,54.433333,detected,OK,1,15,detected,TRACKED,MATCHED_EXISTING_ID,0,1,0,535.500000,493.000000,686.500000,632.500000,36.900002,151.000000,139.500000,205.575412,-0.745832,-42.733020,0.038385
1634,54.466667,detected,OK,1,15,detected,TRACKED,MATCHED_EXISTING_ID,0,1,0,535.000000,493.000000,686.500000,630.500000,36.500000,151.500000,137.500000,204.593499,-0.736993,-42.226594,0.396172
1635,54.500000,detected,OK,1,15,detected,TRACKED,MATCHED_EXISTING_ID,0,1,0,535.500000,493.000000,691.500000,632.500000,36.400002,156.000000,139.500000,209.275536,-0.729619,-41.804062,0.153809
1636,54.533333,lost,NO_R_CANDIDATE,0,15,lost,LOST,R_LOST,1,1,,,,,,,,,,,,
1637,54.566667,detected,OK,1,15,detected,REACQUIRED,MATCHED_EXISTING_ID,0,1,0,534.500000,493.500000,688.500000,630.500000,37.099998,154.000000,137.000000,206.118898,-0.727045,-41.656624,0.513055
1638,54.600000,detected,OK,1,15,detected,TRACKED,MATCHED_EXISTING_ID,0,1,0,534.500000,493.500000,692.500000,630.500000,37.200001,158.000000,137.000000,209.124365,-0.714332,-40.928186,0.500802
1639,54.633333,detected,OK,1,15,detected,TRACKED,MATCHED_EXISTING_ID,0,1,0,534.500000,493.000000,690.500000,630.500000,34.400002,156.000000,137.500000,207.947710,-0.722449,-41.393283,0.893053
1640,54.666667,detected,OK,1,15,detected,TRACKED,MATCHED_EXISTING_ID,0,1,0,534.500000,493.000000,690.500000,630.500000,34.400002,156.000000,137.500000,207.947710,-0.722449,-41.393283,0.070735
1641,54.700000,detected,OK,1,15,detected,TRACKED,MATCHED_EXISTING_ID,0,1,0,534.000000,493.500000,690.500000,630.500000,38.500000,156.500000,137.000000,207.993389,-0.719056,-41.198882,0.151960
1642,54.733333,detected,OK,1,15,detected,TRACKED,MATCHED_EXISTING_ID,0,1,0,534.000000,494.500000,690.500000,630.500000,34.400002,156.500000,136.000000,207.336080,-0.715427,-40.990954,0.104703
1643,54.766667,detected,OK,1,15,detected,TRACKED,MATCHED_EXISTING_ID,0,1,0,533.000000,495.000000,688.500000,628.500000,36.599998,155.500000,133.500000,204.945115,-0.709420,-40.646780,0.199068
1644,54.800000,detected,OK,1,15,detected,TRACKED,MATCHED_EXISTING_ID,0,1,0,533.000000,495.500000,689.500000,628.500000,36.500000,156.500000,133.000000,205.380744,-0.704401,-40.359223,0.062823
1645,54.833333,detected,OK,1,15,detected,TRACKED,MATCHED_EXISTING_ID,0,1,0,533.000000,495.500000,689.500000,627.500000,36.500000,156.500000,132.000000,204.734584,-0.700679,-40.145974,0.036614
1646,54.866667,detected,OK,1,15,detected,TRACKED,MATCHED_EXISTING_ID,0,1,0,533.000000,496.000000,691.500000,629.500000,34.400002,158.500000,133.500000,207.230548,-0.699990,-40.106473,0.195717
1647,54.900000,detected,OK,1,15,detected,TRACKED,MATCHED_EXISTING_ID,0,1,0,532.000000,497.500000,689.500000,629.500000,36.500000,157.500000,132.000000,205.500000,-0.697542,-39.966213,0.016671
1648,54.933333,detected,OK,1,15,detected,TRACKED,MATCHED_EXISTING_ID,0,1,0,531.500000,499.000000,689.500000,629.500000,36.500000,158.000000,130.500000,204.924986,-0.690365,-39.554982,0.260969
1649,54.966667,detected,OK,1,15,detected,TRACKED,MATCHED_EXISTING_ID,0,1,0,530.000000,500.000000,688.500000,630.500000,36.900002,158.500000,130.500000,205.310740,-0.688814,-39.466124,0.165792
1650,55.000000,detected,OK,1,15,detected,TRACKED,MATCHED_EXISTING_ID,0,1,0,529.500000,501.500000,688.500000,630.500000,36.900002,159.000000,129.000000,204.748626,-0.681606,-39.053137,0.224654
1651,55.033333,detected,OK,1,15,detected,TRACKED,MATCHED_EXISTING_ID,0,1,0,528.000000,502.000000,687.500000,633.500000,35.000000,159.500000,131.500000,206.718408,-0.689474,-39.503924,0.728981
1652,55.066667,detected,OK,1,15,detected,TRACKED,MATCHED_EXISTING_ID,0,1,0,527.000000,503.000000,689.500000,632.500000,33.799999,162.500000,129.500000,207.789557,-0.672862,-38.552150,0.965172
1653,55.100000,detected,OK,1,15,detected,TRACKED,MATCHED_EXISTING_ID,0,1,0,526.500000,503.500000,688.500000,631.500000,34.900002,162.000000,128.000000,206.465493,-0.668690,-38.313091,0.133611
1654,55.133333,detected,OK,1,15,detected,TRACKED,MATCHED_EXISTING_ID,0,1,0,524.500000,505.500000,685.500000,631.500000,36.400002,161.000000,126.000000,204.443146,-0.664046,-38.047043,0.053178
1655,55.166667,detected,OK,1,15,detected,TRACKED,MATCHED_EXISTING_ID,0,1,0,524.500000,506.500000,687.500000,634.500000,33.799999,163.000000,128.000000,207.251055,-0.665698,-38.141699,0.392612
1656,55.200000,detected,OK,1,15,detected,TRACKED,MATCHED_EXISTING_ID,0,1,0,524.000000,508.000000,689.500000,635.500000,36.299999,165.500000,127.500000,208.917448,-0.656425,-37.610395,0.390394
1657,55.233333,detected,OK,0,15,lost,LOST,NO_VALID_TARGET,1,1,,524.000000,509.500000,,,,,,,,,
1658,55.266667,detected,OK,0,15,lost,HOLD,NO_VALID_TARGET,2,1,,522.500000,511.000000,,,,,,,,,
1659,55.300000,detected,OK,0,15,lost,HOLD,NO_VALID_TARGET,3,1,,522.500000,511.500000,,,,,,,,,
1660,55.333333,detected,OK,0,15,lost,HOLD,NO_VALID_TARGET,4,1,,522.000000,511.500000,,,,,,,,,
1661,55.366667,detected,OK,0,15,lost,HOLD,NO_VALID_TARGET,5,1,,522.000000,511.500000,,,,,,,,,
1662,55.400000,detected,OK,0,15,lost,HOLD,NO_VALID_TARGET,6,1,,522.000000,511.500000,,,,,,,,,
1663,55.433333,detected,OK,0,15,lost,HOLD,NO_VALID_TARGET,7,1,,522.000000,511.500000,,,,,,,,,
1664,55.466667,detected,OK,0,15,lost,RELEASED,NO_VALID_TARGET,8,0,,522.000000,511.000000,,,,,,,,,
1665,55.500000,detected,OK,0,,waiting,NONE,WAITING_FOR_TARGET,0,0,,522.000000,511.000000,,,,,,,,,
1666,55.533333,detected,OK,0,,waiting,NONE,WAITING_FOR_TARGET,0,0,,522.000000,510.500000,,,,,,,,,
1667,55.566667,detected,OK,0,,waiting,NONE,WAITING_FOR_TARGET,0,0,,522.000000,510.500000,,,,,,,,,
1668,55.600000,detected,OK,0,,waiting,NONE,WAITING_FOR_TARGET,0,0,,522.000000,511.000000,,,,,,,,,
1669,55.633333,detected,OK,0,,waiting,NONE,WAITING_FOR_TARGET,0,0,,522.000000,511.000000,,,,,,,,,
1670,55.666667,detected,OK,0,,waiting,NONE,WAITING_FOR_TARGET,0,0,,522.000000,510.500000,,,,,,,,,
1671,55.700000,detected,OK,0,,waiting,NONE,WAITING_FOR_TARGET,0,0,,522.000000,510.000000,,,,,,,,,
1672,55.733333,detected,OK,0,,waiting,NONE,WAITING_FOR_TARGET,0,0,,522.000000,509.500000,,,,,,,,,
1673,55.766667,detected,OK,0,,waiting,NONE,WAITING_FOR_TARGET,0,0,,522.000000,509.500000,,,,,,,,,
1674,55.800000,detected,OK,0,,waiting,NONE,WAITING_FOR_TARGET,0,0,,522.500000,510.000000,,,,,,,,,
1675,55.833333,detected,OK,0,,waiting,NONE,WAITING_FOR_TARGET,0,0,,522.500000,511.000000,,,,,,,,,
1676,55.866667,detected,OK,0,,waiting,NONE,WAITING_FOR_TARGET,0,0,,522.500000,510.000000,,,,,,,,,
1677,55.900000,detected,OK,0,,waiting,NONE,WAITING_FOR_TARGET,0,0,,523.000000,509.500000,,,,,,,,,
1678,55.933333,detected,OK,0,,waiting,NONE,WAITING_FOR_TARGET,0,0,,524.000000,509.500000,,,,,,,,,
1679,55.966667,detected,OK,0,,waiting,NONE,WAITING_FOR_TARGET,0,0,,524.000000,509.000000,,,,,,,,,
1680,56.000000,detected,OK,0,,waiting,NONE,WAITING_FOR_TARGET,0,0,,524.500000,508.000000,,,,,,,,,
1681,56.033333,detected,OK,2,16,detected,ACQUIRED,NEW_TRACK_SEGMENT,0,1,0,524.500000,509.000000,701.500000,610.500000,37.700001,177.000000,101.500000,204.037374,-0.520666,-29.831957,
1682,56.066667,detected,OK,2,16,detected,TRACKED,MATCHED_EXISTING_ID,0,1,0,524.500000,509.500000,701.500000,611.500000,34.599998,177.000000,102.000000,204.286563,-0.522789,-29.953608,0.121651
1683,56.100000,detected,OK,2,16,detected,TRACKED,MATCHED_EXISTING_ID,0,1,0,525.000000,509.500000,704.500000,607.500000,35.099998,179.500000,98.000000,204.509780,-0.499737,-28.632819,1.442440
1684,56.133333,detected,OK,2,16,detected,TRACKED,MATCHED_EXISTING_ID,0,1,0,525.000000,509.500000,704.500000,606.500000,35.099998,179.500000,97.000000,204.032473,-0.495435,-28.386343,0.208849
1685,56.166667,detected,OK,2,16,detected,TRACKED,MATCHED_EXISTING_ID,0,1,0,525.000000,509.500000,703.500000,607.500000,38.400002,178.500000,98.000000,203.632635,-0.502090,-28.767649,0.753092
1686,56.200000,detected,OK,2,16,detected,TRACKED,MATCHED_EXISTING_ID,0,1,0,525.500000,508.500000,704.500000,603.500000,37.000000,179.000000,95.000000,202.647477,-0.487925,-27.956066,0.741035
1687,56.233333,detected,OK,2,16,detected,TRACKED,MATCHED_EXISTING_ID,0,1,0,526.500000,511.500000,709.500000,606.500000,36.400002,183.000000,95.000000,206.189233,-0.478831,-27.434985,0.154118
1688,56.266667,detected,OK,2,16,detected,TRACKED,MATCHED_EXISTING_ID,0,1,0,526.000000,517.500000,708.500000,612.500000,36.400002,182.500000,95.000000,205.745595,-0.479951,-27.499139,0.492763
1689,56.300000,detected,OK,2,16,detected,TRACKED,MATCHED_EXISTING_ID,0,1,0,524.000000,525.500000,706.500000,616.500000,35.000000,182.500000,91.000000,203.929522,-0.462551,-26.502227,0.765407
1690,56.333333,detected,OK,2,16,detected,TRACKED,MATCHED_EXISTING_ID,0,1,0,522.000000,542.000000,703.500000,632.500000,33.799999,181.500000,90.500000,202.811489,-0.462545,-26.501881,0.537321
1691,56.366667,detected,OK,2,16,detected,TRACKED,MATCHED_EXISTING_ID,0,1,0,519.000000,551.500000,701.500000,640.500000,33.799999,182.500000,89.000000,203.044946,-0.453736,-25.997160,0.181981
1692,56.400000,detected,OK,2,16,detected,TRACKED,MATCHED_EXISTING_ID,0,1,0,516.500000,560.000000,700.500000,647.500000,35.000000,184.000000,87.500000,203.745552,-0.443892,-25.433119,0.168509
1693,56.433333,detected,OK,2,16,detected,TRACKED,MATCHED_EXISTING_ID,0,1,0,515.500000,575.500000,696.500000,661.500000,36.299999,181.000000,86.000000,200.392116,-0.443561,-25.414175,0.443991
1694,56.466667,detected,OK,2,16,detected,TRACKED,MATCHED_EXISTING_ID,0,1,0,514.500000,581.500000,699.500000,668.500000,36.599998,185.000000,87.000000,204.435809,-0.439582,-25.186207,0.057371
1695,56.500000,detected,OK,2,16,detected,TRACKED,MATCHED_EXISTING_ID,0,1,0,512.500000,587.500000,697.500000,670.500000,34.900002,185.000000,83.000000,202.765875,-0.421730,-24.163325,0.760492
1696,56.533333,detected,OK,2,16,detected,TRACKED,MATCHED_EXISTING_ID,0,1,0,512.000000,593.000000,696.500000,674.500000,35.700001,184.500000,81.500000,201.699033,-0.415959,-23.832698,0.235960
1697,56.566667,detected,OK,2,16,detected,TRACKED,MATCHED_EXISTING_ID,0,1,0,510.500000,603.000000,696.500000,682.500000,35.099998,186.000000,79.500000,202.277656,-0.403918,-23.142801,0.217693
1698,56.600000,detected,OK,2,16,detected,TRACKED,MATCHED_EXISTING_ID,0,1,0,508.500000,609.000000,692.500000,687.500000,35.799999,184.000000,78.500000,200.045620,-0.403251,-23.104571,0.521050
1699,56.633333,detected,OK,2,16,detected,TRACKED,MATCHED_EXISTING_ID,0,1,0,508.500000,610.000000,694.500000,687.500000,36.599998,186.000000,77.500000,201.500000,-0.394791,-22.619865,0.133845
1700,56.666667,detected,OK,2,16,detected,TRACKED,MATCHED_EXISTING_ID,0,1,0,508.500000,610.000000,695.500000,687.500000,33.500000,187.000000,77.500000,202.423442,-0.392891,-22.511000,0.295533
1701,56.700000,detected,OK,2,16,detected,TRACKED,MATCHED_EXISTING_ID,0,1,0,508.500000,609.500000,694.500000,682.500000,36.500000,186.000000,73.000000,199.812412,-0.374001,-21.428673,0.796142
1702,56.733333,detected,OK,2,16,detected,TRACKED,MATCHED_EXISTING_ID,0,1,0,508.000000,607.500000,696.500000,679.500000,34.599998,188.500000,72.000000,201.782680,-0.364861,-20.905000,0.080969
1703,56.766667,detected,OK,2,16,detected,TRACKED,MATCHED_EXISTING_ID,0,1,0,508.000000,606.000000,694.500000,676.500000,36.599998,186.500000,70.500000,199.380290,-0.361412,-20.707399,0.374653
1704,56.800000,detected,OK,2,16,detected,TRACKED,MATCHED_EXISTING_ID,0,1,0,508.000000,603.500000,695.500000,675.500000,34.900002,187.500000,72.000000,200.848824,-0.366638,-21.006789,0.721784
1705,56.833333,detected,OK,2,16,detected,TRACKED,MATCHED_EXISTING_ID,0,1,0,508.000000,602.000000,695.500000,669.500000,36.099998,187.500000,67.500000,199.279954,-0.345556,-19.798876,1.074234
1706,56.866667,detected,OK,2,16,detected,TRACKED,MATCHED_EXISTING_ID,0,1,0,508.000000,601.500000,695.500000,667.500000,36.099998,187.500000,66.000000,198.776885,-0.338455,-19.392069,0.156565
1707,56.900000,detected,OK,2,16,detected,TRACKED,MATCHED_EXISTING_ID,0,1,0,508.000000,600.000000,699.500000,665.500000,36.200001,191.500000,65.500000,202.391946,-0.329563,-18.882563,0.008759
1708,56.933333,detected,OK,2,16,detected,TRACKED,MATCHED_EXISTING_ID,0,1,0,508.500000,600.000000,697.500000,662.500000,36.099998,189.000000,62.500000,199.065944,-0.319368,-18.298422,0.079890
1709,56.966667,detected,OK,2,16,detected,TRACKED,MATCHED_EXISTING_ID,0,1,0,509.000000,600.000000,700.500000,660.500000,35.099998,191.500000,60.500000,200.829530,-0.306004,-17.532728,0.229488
1710,57.000000,detected,OK,2,16,detected,TRACKED,MATCHED_EXISTING_ID,0,1,0,510.500000,600.500000,700.500000,660.500000,37.900002,190.000000,60.000000,199.248588,-0.305879,-17.525568,0.620842
1711,57.033333,detected,OK,2,16,detected,TRACKED,MATCHED_EXISTING_ID,0,1,0,510.500000,601.500000,702.500000,657.500000,34.700001,192.000000,56.000000,200.000000,-0.283794,-16.260205,0.885699
1712,57.066667,detected,OK,2,16,detected,TRACKED,MATCHED_EXISTING_ID,0,1,0,510.500000,602.500000,703.500000,657.500000,35.099998,193.000000,55.000000,200.683831,-0.277615,-15.906179,0.379919
1713,57.100000,detected,OK,2,16,detected,TRACKED,MATCHED_EXISTING_ID,0,1,0,510.000000,605.000000,701.500000,656.500000,37.200001,191.500000,51.500000,198.304059,-0.262714,-15.052392,0.271810
1714,57.133333,detected,OK,2,16,detected,TRACKED,MATCHED_EXISTING_ID,0,1,0,509.500000,606.500000,701.500000,660.500000,33.799999,192.000000,54.000000,199.449242,-0.274167,-15.708638,1.346946
1715,57.166667,detected,OK,2,16,detected,TRACKED,MATCHED_EXISTING_ID,0,1,0,510.000000,611.500000,705.500000,659.500000,36.500000,195.500000,48.000000,201.306359,-0.240762,-13.794636,1.762079
1716,57.200000,detected,OK,2,16,detected,TRACKED,MATCHED_EXISTING_ID,0,1,0,510.000000,613.500000,699.500000,660.500000,35.500000,189.500000,47.000000,195.241517,-0.243115,-13.929481,0.991599
1717,57.233333,detected,OK,2,16,detected,TRACKED,MATCHED_EXISTING_ID,0,1,0,510.000000,616.000000,700.500000,661.500000,35.500000,190.500000,45.500000,195.858367,-0.234453,-13.433152,0.036215
1718,57.266667,detected,OK,2,16,detected,TRACKED,MATCHED_EXISTING_ID,0,1,0,510.000000,624.000000,703.500000,666.500000,34.200001,193.500000,42.500000,198.112342,-0.216205,-12.387647,0.570905
1719,57.300000,detected,OK,2,16,detected,TRACKED,MATCHED_EXISTING_ID,0,1,0,510.000000,627.500000,704.500000,668.500000,34.400002,194.500000,41.000000,198.774370,-0.207755,-11.903503,0.218819
1720,57.333333,detected,OK,2,16,detected,TRACKED,MATCHED_EXISTING_ID,0,1,0,510.000000,631.500000,703.500000,673.500000,32.500000,193.500000,42.000000,198.005682,-0.213739,-12.246333,0.958264
1721,57.366667,detected,OK,2,16,detected,TRACKED,MATCHED_EXISTING_ID,0,1,0,508.500000,641.500000,701.500000,680.500000,34.200001,193.000000,39.000000,196.900990,-0.199388,-11.424067,0.590136
1722,57.400000,detected,OK,2,16,detected,TRACKED,MATCHED_EXISTING_ID,0,1,0,508.500000,649.500000,702.500000,682.500000,34.700001,194.000000,33.000000,196.786687,-0.168490,-9.653786,1.302098
1723,57.433333,detected,OK,2,16,detected,TRACKED,MATCHED_EXISTING_ID,0,1,0,507.500000,652.500000,699.500000,685.500000,35.299999,192.000000,33.000000,194.815297,-0.170212,-9.752425,1.087662
1724,57.466667,detected,OK,2,16,detected,TRACKED,MATCHED_EXISTING_ID,0,1,1,507.000000,656.000000,698.500000,686.500000,35.400002,191.500000,30.500000,193.913641,-0.157942,-9.049431,0.149036
1725,57.500000,detected,OK,2,16,detected,TRACKED,MATCHED_EXISTING_ID,0,1,0,508.500000,661.000000,704.500000,690.500000,35.500000,196.000000,29.500000,198.207593,-0.149389,-8.559353,0.123495
1726,57.533333,detected,OK,2,16,detected,TRACKED,MATCHED_EXISTING_ID,0,1,0,508.500000,663.000000,703.500000,689.500000,34.299999,195.000000,26.500000,196.792403,-0.135070,-7.738941,0.256237
1727,57.566667,detected,OK,2,16,detected,TRACKED,MATCHED_EXISTING_ID,0,1,0,508.500000,665.000000,702.500000,692.500000,33.799999,194.000000,27.500000,195.939404,-0.140814,-8.068072,0.995801
1728,57.600000,detected,OK,2,16,detected,TRACKED,MATCHED_EXISTING_ID,0,1,0,510.500000,669.500000,705.500000,690.500000,34.599998,195.000000,21.000000,196.127510,-0.107279,-6.146626,1.653096
1729,57.633333,detected,OK,2,16,detected,TRACKED,MATCHED_EXISTING_ID,0,1,0,511.500000,671.500000,705.500000,690.500000,34.700001,194.000000,19.000000,194.928192,-0.097627,-5.593603,0.376566
1730,57.666667,detected,OK,2,16,detected,TRACKED,MATCHED_EXISTING_ID,0,1,0,511.000000,675.500000,707.500000,693.500000,35.099998,196.500000,18.000000,197.322705,-0.091348,-5.233862,0.419220
1731,57.700000,detected,OK,2,16,detected,TRACKED,MATCHED_EXISTING_ID,0,1,0,511.500000,677.000000,703.500000,694.500000,33.799999,192.000000,17.500000,192.795877,-0.090895,-5.207882,0.585294
1732,57.733333,detected,OK,2,16,detected,TRACKED,MATCHED_EXISTING_ID,0,1,0,512.500000,679.500000,707.500000,691.500000,34.299999,195.000000,12.000000,195.368882,-0.061461,-3.521453,1.309272
1733,57.766667,detected,OK,2,16,detected,TRACKED,MATCHED_EXISTING_ID,0,1,0,512.500000,682.000000,704.500000,693.500000,35.799999,192.000000,11.500000,192.344093,-0.059824,-3.427683,0.807095
1734,57.800000,detected,OK,1,16,lost,LOST,NO_MATCH,1,1,,514.000000,687.500000,,,,,,,,,
1735,57.833333,detected,OK,2,16,detected,REACQUIRED,MATCHED_EXISTING_ID,0,1,0,516.000000,689.500000,706.500000,694.500000,34.900002,190.500000,5.000000,190.565606,-0.026241,-1.503481,0.768148
1736,57.866667,detected,OK,2,16,detected,TRACKED,MATCHED_EXISTING_ID,0,1,0,516.000000,692.000000,711.500000,697.500000,34.400002,195.500000,5.500000,195.577350,-0.028126,-1.611477,0.839652
1737,57.900000,detected,OK,2,16,detected,TRACKED,MATCHED_EXISTING_ID,0,1,0,516.500000,693.500000,707.500000,696.500000,33.799999,191.000000,3.000000,191.023559,-0.015706,-0.899860,0.315821
1738,57.933333,detected,OK,2,16,detected,TRACKED,MATCHED_EXISTING_ID,0,1,0,522.500000,691.500000,716.500000,692.500000,34.400002,194.000000,1.000000,194.002577,-0.005155,-0.295336,0.082399
1739,57.966667,detected,OK,1,16,lost,LOST,NO_MATCH,1,1,,582.500000,663.500000,,,,,,,,,
1740,58.000000,detected,OK,1,16,lost,HOLD,NO_MATCH,2,1,,619.500000,647.000000,,,,,,,,,
1741,58.033333,detected,OK,1,16,lost,HOLD,NO_MATCH,3,1,,657.000000,635.500000,,,,,,,,,
1742,58.066667,detected,OK,1,16,lost,HOLD,NO_MATCH,4,1,,739.500000,611.500000,,,,,,,,,
1743,58.100000,detected,OK,1,16,lost,HOLD,NO_MATCH,5,1,,781.500000,596.500000,,,,,,,,,
1744,58.133333,detected,OK,1,16,lost,HOLD,NO_MATCH,6,1,,851.500000,571.000000,,,,,,,,,
1745,58.166667,detected,OK,1,16,lost,HOLD,NO_MATCH,7,1,,879.500000,563.000000,,,,,,,,,
1746,58.200000,detected,OK,1,16,lost,RELEASED,NO_MATCH,8,0,,931.000000,546.500000,,,,,,,,,
1747,58.233333,detected,OK,1,17,detected,ACQUIRED,NEW_TRACK_SEGMENT,0,1,0,948.500000,537.500000,763.500000,493.500000,35.200001,-185.000000,-44.000000,190.160459,2.908093,166.621460,
1748,58.266667,detected,OK,1,17,detected,TRACKED,MATCHED_EXISTING_ID,0,1,0,964.500000,527.000000,778.500000,486.500000,35.000000,-186.000000,-40.500000,190.358215,2.927197,167.716045,1.094585
1749,58.300000,detected,OK,1,17,detected,TRACKED,MATCHED_EXISTING_ID,0,1,0,970.000000,523.500000,781.500000,485.500000,36.000000,-188.500000,-38.000000,192.292096,2.942667,168.602415,0.208215
1750,58.333333,detected,OK,1,17,detected,TRACKED,MATCHED_EXISTING_ID,0,1,0,972.000000,519.500000,777.500000,487.500000,34.599998,-194.500000,-32.000000,197.114814,2.978529,170.657143,1.043430
1751,58.366667,detected,OK,1,17,detected,TRACKED,MATCHED_EXISTING_ID,0,1,0,964.500000,521.500000,775.500000,490.500000,35.900002,-189.000000,-31.000000,191.525455,2.979019,170.685220,1.400594
1752,58.400000,detected,OK,1,17,detected,TRACKED,MATCHED_EXISTING_ID,0,1,0,958.000000,525.000000,767.500000,494.500000,35.900002,-190.500000,-30.500000,192.926152,2.982835,170.903858,0.649795
1753,58.433333,detected,OK,1,17,detected,TRACKED,MATCHED_EXISTING_ID,0,1,0,952.500000,527.500000,757.500000,499.500000,34.900002,-195.000000,-28.000000,197.000000,2.998978,171.828766,0.316393
1754,58.466667,detected,OK,1,17,detected,TRACKED,MATCHED_EXISTING_ID,0,1,0,941.000000,532.500000,750.500000,507.500000,35.500000,-190.500000,-25.000000,192.133417,3.011105,172.523594,0.040245
1755,58.500000,detected,OK,1,17,detected,TRACKED,MATCHED_EXISTING_ID,0,1,0,932.500000,535.500000,741.500000,511.500000,35.500000,-191.000000,-24.000000,192.501948,3.016593,172.838066,0.404502
1756,58.533333,detected,OK,2,17,detected,TRACKED,MATCHED_EXISTING_ID,0,1,0,920.500000,540.500000,727.500000,519.500000,35.799999,-193.000000,-21.000000,194.139125,3.033211,173.790174,0.394934
1757,58.566667,detected,OK,1,17,detected,TRACKED,MATCHED_EXISTING_ID,0,1,0,915.000000,543.500000,717.500000,525.500000,34.599998,-197.500000,-18.000000,198.318557,3.050705,174.792493,0.287172
1758,58.600000,detected,OK,1,17,detected,TRACKED,MATCHED_EXISTING_ID,0,1,0,903.000000,548.500000,707.500000,535.500000,33.799999,-195.500000,-13.000000,195.931748,3.075194,176.195651,0.573142
1759,58.633333,detected,OK,1,17,detected,TRACKED,MATCHED_EXISTING_ID,0,1,0,899.000000,547.500000,703.500000,531.500000,33.799999,-195.500000,-16.000000,196.153639,3.059933,175.321259,1.933665
1760,58.666667,detected,OK,1,17,detected,TRACKED,MATCHED_EXISTING_ID,0,1,0,894.500000,545.000000,699.500000,537.500000,33.799999,-195.000000,-7.500000,195.144177,3.103150,177.797402,2.190336
1761,58.700000,detected,OK,1,17,detected,TRACKED,MATCHED_EXISTING_ID,0,1,0,892.000000,545.000000,692.500000,537.500000,35.500000,-199.500000,-7.500000,199.640928,3.104016,177.847037,1.112306
1762,58.733333,detected,OK,1,17,detected,TRACKED,MATCHED_EXISTING_ID,0,1,0,890.000000,541.000000,690.500000,537.500000,35.500000,-199.500000,-3.500000,199.530699,3.124051,178.994914,0.430858
1763,58.766667,detected,OK,1,17,detected,TRACKED,MATCHED_EXISTING_ID,0,1,0,890.000000,537.000000,693.500000,537.500000,33.799999,-196.500000,0.500000,196.500636,-3.139048,-179.854210,0.261514
1764,58.800000,detected,OK,1,17,detected,TRACKED,MATCHED_EXISTING_ID,0,1,0,890.000000,529.500000,689.500000,532.500000,35.400002,-200.500000,3.000000,200.522443,-3.126631,-179.142771,0.282529
1765,58.833333,detected,OK,1,17,detected,TRACKED,MATCHED_EXISTING_ID,0,1,0,890.500000,525.500000,690.500000,529.500000,35.500000,-200.000000,4.000000,200.039996,-3.121595,-178.854237,0.592423
1766,58.866667,detected,OK,1,17,detected,TRACKED,MATCHED_EXISTING_ID,0,1,0,892.000000,522.000000,690.500000,528.500000,35.400002,-201.500000,6.500000,201.604811,-3.109346,-178.152390,0.057860
1767,58.900000,detected,OK,1,17,detected,TRACKED,MATCHED_EXISTING_ID,0,1,0,894.000000,513.500000,693.500000,524.500000,36.299999,-200.500000,11.000000,200.801519,-3.086785,-176.859739,0.625520
1768,58.933333,detected,OK,1,17,detected,TRACKED,MATCHED_EXISTING_ID,0,1,0,895.000000,509.500000,693.500000,520.500000,35.200001,-201.500000,11.000000,201.800025,-3.087056,-176.875292,0.932893
1769,58.966667,detected,OK,1,17,detected,TRACKED,MATCHED_EXISTING_ID,0,1,0,896.000000,505.000000,697.500000,520.500000,34.599998,-198.500000,15.500000,199.104244,-3.063665,-175.535082,0.796028
1770,59.000000,detected,OK,1,17,detected,TRACKED,MATCHED_EXISTING_ID,0,1,0,894.500000,497.500000,695.500000,517.500000,34.400002,-199.000000,20.000000,200.002500,-3.041426,-174.260902,0.411588
1771,59.033333,detected,OK,1,17,detected,TRACKED,MATCHED_EXISTING_ID,0,1,0,892.000000,488.500000,689.500000,510.500000,35.400002,-202.500000,22.000000,203.691556,-3.033375,-173.799592,0.565918
1772,59.066667,detected,OK,1,17,detected,TRACKED,MATCHED_EXISTING_ID,0,1,0,890.000000,483.500000,687.500000,507.500000,35.299999,-202.500000,24.000000,203.917263,-3.023624,-173.240919,0.242188
1773,59.100000,detected,OK,1,17,detected,TRACKED,MATCHED_EXISTING_ID,0,1,0,888.000000,479.000000,688.500000,502.500000,34.700001,-199.500000,23.500000,200.879317,-3.024338,-173.281832,0.744898
1774,59.133333,detected,OK,1,17,detected,TRACKED,MATCHED_EXISTING_ID,0,1,0,885.000000,472.000000,686.500000,502.500000,38.000000,-198.500000,30.500000,200.829530,-2.989133,-171.264683,1.611122
1775,59.166667,detected,OK,1,17,detected,TRACKED,MATCHED_EXISTING_ID,0,1,0,883.500000,469.500000,684.500000,500.500000,33.000000,-199.000000,31.000000,201.400099,-2.987056,-171.145692,0.931484
1776,59.200000,detected,OK,1,17,detected,TRACKED,MATCHED_EXISTING_ID,0,1,0,880.500000,463.000000,681.500000,495.500000,35.799999,-199.000000,32.500000,201.636430,-2.979705,-170.724537,0.256726
1777,59.233333,detected,OK,1,17,detected,TRACKED,MATCHED_EXISTING_ID,0,1,0,879.000000,461.000000,680.500000,500.500000,34.400002,-198.500000,39.500000,202.391946,-2.945166,-168.745587,1.403759
1778,59.266667,detected,OK,1,17,detected,TRACKED,MATCHED_EXISTING_ID,0,1,0,877.000000,460.000000,678.500000,499.500000,37.599998,-198.500000,39.500000,202.391946,-2.945166,-168.745587,1.136695
1779,59.300000,detected,OK,1,17,detected,TRACKED,MATCHED_EXISTING_ID,0,1,0,874.000000,457.500000,676.500000,502.500000,34.200001,-197.500000,45.000000,202.561719,-2.917569,-167.164391,0.899179
1780,59.333333,detected,OK,1,17,detected,TRACKED,MATCHED_EXISTING_ID,0,1,0,872.000000,456.500000,674.500000,502.500000,37.700001,-197.500000,46.000000,202.786217,-2.912761,-166.888907,0.766205
1781,59.366667,detected,OK,1,17,detected,TRACKED,MATCHED_EXISTING_ID,0,1,0,870.000000,455.500000,672.500000,500.500000,35.200001,-197.500000,45.000000,202.561719,-2.917569,-167.164391,1.010690
1782,59.400000,detected,OK,1,17,detected,TRACKED,MATCHED_EXISTING_ID,0,1,0,867.000000,453.500000,671.500000,507.500000,34.400002,-195.500000,54.000000,202.820734,-2.872097,-164.559058,2.274402
1783,59.433333,detected,OK,1,17,detected,TRACKED,MATCHED_EXISTING_ID,0,1,0,864.000000,451.500000,668.500000,508.500000,38.000000,-195.500000,57.000000,203.640001,-2.857897,-163.745422,0.427056
1784,59.466667,detected,OK,1,17,detected,TRACKED,MATCHED_EXISTING_ID,0,1,0,863.000000,451.000000,666.500000,508.500000,37.299999,-196.500000,57.500000,204.740079,-2.856919,-163.689423,1.013869
1785,59.500000,detected,OK,1,17,detected,TRACKED,MATCHED_EXISTING_ID,0,1,0,860.000000,449.500000,665.500000,514.500000,35.500000,-194.500000,65.000000,205.073767,-2.819071,-161.520876,1.504226
1786,59.533333,detected,OK,1,17,detected,TRACKED,MATCHED_EXISTING_ID,0,1,0,858.500000,449.000000,664.500000,514.500000,34.900002,-194.000000,65.500000,204.759005,-2.815981,-161.343833,1.088969
1787,59.566667,detected,OK,1,17,detected,TRACKED,MATCHED_EXISTING_ID,0,1,0,857.000000,447.500000,662.500000,513.500000,37.400002,-194.500000,66.000000,205.392916,-2.814453,-161.256301,0.742892
1788,59.600000,detected,OK,1,17,detected,TRACKED,MATCHED_EXISTING_ID,0,1,0,854.500000,443.500000,662.500000,513.500000,37.799999,-192.000000,70.000000,204.362423,-2.791986,-159.968987,0.754046
1789,59.633333,detected,OK,1,17,detected,TRACKED,MATCHED_EXISTING_ID,0,1,0,853.000000,441.000000,660.500000,512.500000,37.900002,-192.500000,71.500000,205.349702,-2.785957,-159.623565,0.489463
1790,59.666667,detected,OK,1,17,detected,TRACKED,MATCHED_EXISTING_ID,0,1,0,850.000000,435.500000,656.500000,511.500000,36.200001,-193.500000,76.000000,207.889995,-2.767339,-158.556844,0.427620
1791,59.700000,detected,OK,1,17,detected,TRACKED,MATCHED_EXISTING_ID,0,1,0,848.000000,433.000000,658.500000,510.500000,33.000000,-189.500000,77.500000,204.735195,-2.753377,-157.756863,0.010167
1792,59.733333,detected,OK,1,17,detected,TRACKED,MATCHED_EXISTING_ID,0,1,0,846.000000,431.000000,652.500000,510.500000,35.799999,-193.500000,79.500000,209.194885,-2.751766,-157.664557,0.713776
1793,59.766667,detected,OK,1,17,detected,TRACKED,MATCHED_EXISTING_ID,0,1,0,840.500000,427.500000,651.500000,511.500000,37.299999,-189.000000,84.000000,206.826014,-2.723368,-156.037511,1.106475
1794,59.800000,detected,OK,1,17,detected,TRACKED,MATCHED_EXISTING_ID,0,1,0,836.000000,424.500000,649.500000,514.500000,35.200001,-186.500000,90.000000,207.080298,-2.691983,-154.239264,0.835085
1795,59.833333,detected,OK,1,17,detected,TRACKED,MATCHED_EXISTING_ID,0,1,0,832.500000,423.000000,646.500000,512.500000,33.700001,-186.000000,89.500000,206.412815,-2.693112,-154.303941,1.361872
1796,59.866667,detected,OK,1,17,detected,TRACKED,MATCHED_EXISTING_ID,0,1,0,827.000000,421.000000,642.500000,514.500000,33.799999,-184.500000,93.500000,206.839310,-2.672540,-153.125245,0.426249
1797,59.900000,detected,OK,1,17,detected,TRACKED,MATCHED_EXISTING_ID,0,1,0,824.000000,419.500000,643.500000,513.500000,36.599998,-180.500000,94.000000,203.509828,-2.661463,-152.490598,0.288300
1798,59.933333,detected,OK,1,17,detected,TRACKED,MATCHED_EXISTING_ID,0,1,0,822.000000,418.000000,639.500000,515.500000,37.900002,-182.500000,97.500000,206.911817,-2.650925,-151.886791,0.203819
1799,59.966667,detected,OK,1,17,detected,TRACKED,MATCHED_EXISTING_ID,0,1,0,816.000000,415.500000,636.500000,517.500000,33.000000,-179.500000,102.000000,206.456412,-2.624850,-150.392807,0.767885
